CREATE DATABASE  IF NOT EXISTS `ddsm` /*!40100 DEFAULT CHARACTER SET latin1 */;
USE `ddsm`;
-- MySQL dump 10.13  Distrib 5.7.18, for Linux (x86_64)
--
-- Host: 192.168.50.127    Database: ddsm
-- ------------------------------------------------------
-- Server version	5.7.12

/*!40101 SET @OLD_CHARACTER_SET_CLIENT=@@CHARACTER_SET_CLIENT */;
/*!40101 SET @OLD_CHARACTER_SET_RESULTS=@@CHARACTER_SET_RESULTS */;
/*!40101 SET @OLD_COLLATION_CONNECTION=@@COLLATION_CONNECTION */;
/*!40101 SET NAMES utf8 */;
/*!40103 SET @OLD_TIME_ZONE=@@TIME_ZONE */;
/*!40103 SET TIME_ZONE='+00:00' */;
/*!40014 SET @OLD_UNIQUE_CHECKS=@@UNIQUE_CHECKS, UNIQUE_CHECKS=0 */;
/*!40014 SET @OLD_FOREIGN_KEY_CHECKS=@@FOREIGN_KEY_CHECKS, FOREIGN_KEY_CHECKS=0 */;
/*!40101 SET @OLD_SQL_MODE=@@SQL_MODE, SQL_MODE='NO_AUTO_VALUE_ON_ZERO' */;
/*!40111 SET @OLD_SQL_NOTES=@@SQL_NOTES, SQL_NOTES=0 */;

--
-- Table structure for table `customer`
--

DROP TABLE IF EXISTS `customer`;
/*!40101 SET @saved_cs_client     = @@character_set_client */;
/*!40101 SET character_set_client = utf8 */;
CREATE TABLE `customer` (
  `customer_id` int(11) NOT NULL AUTO_INCREMENT,
  `name` varchar(100) NOT NULL,
  `dd_ou` varchar(20) DEFAULT NULL,
  `created_dt` datetime NOT NULL DEFAULT CURRENT_TIMESTAMP,
  `created_by` int(11) DEFAULT NULL,
  `is_active` tinyint(1) NOT NULL DEFAULT '1',
  `parent_ou_endpoint` varchar(256) DEFAULT NULL,
  `is_print` tinyint(1) DEFAULT '0',
  PRIMARY KEY (`customer_id`),
  UNIQUE KEY `name_UNIQUE` (`name`)
) ENGINE=InnoDB AUTO_INCREMENT=124 DEFAULT CHARSET=utf8 COMMENT='This table maintains DataDivider Customers information';
/*!40101 SET character_set_client = @saved_cs_client */;

--
-- Dumping data for table `customer`
--

LOCK TABLES `customer` WRITE;
/*!40000 ALTER TABLE `customer` DISABLE KEYS */;
INSERT INTO `customer` VALUES (1,'mainland','mainland','2016-12-27 07:25:56',1,1,NULL,0),(2,'Customer 1','Customer','2016-12-27 07:34:20',1,1,NULL,0),(3,'Customer 21','Customer 2','2016-12-27 10:00:57',1,1,'http://tokendb-service.datadivider.com',0),(4,'Customer45','Cust_3.','2016-12-27 12:11:41',1,0,'http://tokendb-service.datadivider.com',0),(5,'Durga','Durga_Test','2016-12-28 05:22:42',1,1,NULL,0),(6,'QA Test','QA Test','2016-12-28 05:23:58',1,0,NULL,0),(7,'Agile Soft Pvt Ltd','Agile Pune','2016-12-28 05:24:14',1,1,'http://tokendb-service.datadivider.com',0),(8,'Quality Plastic Ltd','QP Aurangpur','2016-12-28 05:35:43',1,1,NULL,0),(9,'avnet.','courtney','2016-12-28 05:53:06',1,1,'http://tokendb-service.datadivider.com',0),(10,'Qatar Steel','Qatar Nagpur','2016-12-28 08:45:33',11,1,NULL,0),(11,'Aprooval admin','Testuser','2016-12-28 08:59:29',14,1,'http://tokendb-service.datadivider.com',0),(12,'TestUser','Test_User1','2016-12-28 10:24:03',4,1,NULL,0),(13,'Customer_3','Cust_3','2016-12-29 04:29:36',1,0,NULL,0),(14,'Customer_4','cust_4','2016-12-29 04:31:43',1,0,NULL,0),(15,'customer_5','cust_5','2016-12-29 04:31:53',1,0,NULL,0),(16,'customer_6','cust_6','2016-12-29 04:32:01',1,0,NULL,0),(17,'customer_7','cust_7','2016-12-29 04:32:12',1,0,NULL,0),(18,'Customer_8','cust_8','2016-12-29 04:33:04',1,0,NULL,0),(19,'Customer_9','cust_9','2016-12-29 04:33:13',1,0,NULL,0),(20,'Customer_09','cust_1','2016-12-29 04:33:23',1,0,'http://tokendb-service.datadivider.com',0),(21,'Customer','Cust_11','2016-12-29 04:33:32',1,0,'http://tokendb-service.datadivider.com',0),(22,'Customer_12','cust_12','2016-12-29 04:33:39',1,0,NULL,0),(23,'DDSM_admin','Sysadmin','2016-12-29 06:45:29',1,0,NULL,0),(24,'Aleris International.','Alexis','2016-12-29 15:26:03',1,0,'http://tokendb-service.datadivider.com',0),(25,'Q Lawns','QLawns Pune ','2016-12-30 05:09:19',11,1,NULL,0),(26,'Test','test','2016-12-30 05:09:42',11,1,NULL,0),(27,'DDSM_Customer','DDSM_Cust','2016-12-30 05:15:56',1,1,NULL,0),(28,'DDSM_Customer1','DDSM_Cust1','2016-12-30 05:16:26',11,1,NULL,0),(29,'DDSM','testing','2016-12-30 05:54:45',1,1,NULL,0),(30,'Test123','test123','2016-12-30 06:16:07',30,1,NULL,0),(31,'sanity_test1234','sanitytest','2016-12-30 06:27:55',14,1,NULL,0),(32,'testQA','QA','2016-12-30 09:48:44',1,1,NULL,0),(34,'Ak Steel holding.  ','Alyssa B','2017-01-02 07:00:35',1,1,'http://tokendb-service.datadivider.com',0),(36,'Test_customer','Test_custome','2017-01-02 10:58:31',1,1,NULL,0),(37,'Edge_Customer1','CUST','2017-01-06 09:43:11',1,1,NULL,0),(38,'CUST_Sanity test1','Customer1','2017-01-09 09:30:17',1,1,NULL,0),(39,'arvinMeritor','ben','2017-01-12 06:40:03',1,1,'http://tokendb-service.datadivider.com',0),(40,'nEW_CUSTOMER','cust_new','2017-01-13 06:49:43',30,1,NULL,0),(41,'New customer','Customer123','2017-01-13 08:44:48',30,1,NULL,0),(42,'New customer1','New Customer','2017-01-13 08:45:05',30,1,NULL,0),(43,'Jio dish tv','jiodish','2017-01-13 08:46:26',30,1,'http://tokendb-service.datadivider.com',0),(48,'Durga_QA','Durga_QA','2017-01-16 08:32:00',30,1,NULL,0),(49,'testcustom','as','2017-01-16 10:10:23',1,1,NULL,0),(50,'Avis budget group','victoria','2017-01-20 10:28:06',30,1,'http://tokendb-service.datadivider.com',0),(51,'Emerson_OUcustomer','Emerson_OUcu','2017-01-20 12:23:39',30,1,NULL,0),(52,'QA_CUSTOMER2','DDSM custome','2017-01-23 06:56:46',30,1,NULL,0),(53,'Victory Packaging_AGSFT','Victory','2017-01-24 11:29:43',1,1,'http://tokendb-service.datadivider.com',0),(54,'Taj','\"><script >a','2017-02-14 09:49:12',30,1,'http://tokendb-service.datadivider.com',0),(55,'Atlas Copco','sarah','2017-02-14 11:52:41',30,1,'http://tokendb-service.datadivider.com',0),(56,'arvin meritor','josh.','2017-02-14 12:38:39',30,1,'http://tokendb-service.datadivider.com',0),(58,'zest.','ou1','2017-02-17 11:04:10',30,1,'http://tokendb-service.datadivider.com',0),(59,'Victory Packaging1','DataDivider','2017-02-28 07:07:25',30,1,NULL,0),(60,'Allied waste Industries','madison.','2017-03-01 11:31:03',30,1,'http://tokendb-service.datadivider.com',0),(61,'Sony Television','Sony','2017-03-03 11:37:33',30,0,NULL,0),(62,'Allstate','Grace','2017-03-06 07:08:36',30,1,'http://tokendb-service.datadivider.com',0),(63,'Neertech','Neertech','2017-03-07 09:40:38',1,1,NULL,0),(64,'New Cutomer','new Customer','2017-03-07 15:54:42',1,1,NULL,0),(65,'purotech','puritech','2017-03-07 16:04:36',1,1,NULL,0),(66,'SonyTV','SonyTvpune','2017-03-07 10:38:38',1,1,'http://tokendb-service.datadivider.com',0),(67,'QA Packaging','QA Packaging','2017-03-16 06:44:19',30,1,NULL,0),(68,'QTS Ltd','QTS Jalna','2017-03-16 10:44:02',30,1,NULL,0),(69,'Customer_Parent OU','Parent OU','2017-03-17 10:04:57',30,1,NULL,0),(70,'LG TV','Mumbai LG Un','2017-03-18 09:18:16',30,1,NULL,0),(71,'Aramark','Mary','2017-03-23 09:20:20',30,1,'http://tokendb-service.datadivider.com',0),(72,'ameriprise financial','elizabeth.','2017-03-23 09:24:53',30,1,'http://tokendb-service.datadivider.com',0),(73,'Ganesh','viresh','2017-03-23 12:57:50',30,1,NULL,0),(74,'John','Pk1','2017-03-24 11:26:42',30,1,NULL,0),(75,'AbottLaboratori  ','Adamlab.','2017-03-27 09:49:34',30,1,'http://tokendb-service.datadivider.com',1),(76,'vikaram birajdar','radhesh ','2017-03-31 06:56:19',30,1,NULL,0),(77,'sama fitness','gym','2017-03-31 10:24:16',30,1,'http://tokendb-service.datadivider.com',0),(78,'Samsung','Samsung Pune','2017-04-01 09:57:26',30,1,NULL,0),(79,'Sun Microsystem','Sun Pune OU','2017-04-01 09:59:03',30,1,NULL,0),(80,'Rohit sharma','sharma','2017-04-05 06:03:19',30,1,NULL,0),(81,'LG','LG','2017-04-05 12:51:43',1,1,NULL,0),(82,'Vodafone','Vodafone','2017-04-05 13:03:14',1,1,NULL,0),(83,'reliance ','reliance ','2017-04-05 14:33:39',1,1,NULL,0),(84,'softdel system','ou1','2017-04-06 12:01:06',30,1,NULL,0),(85,'dell system','ou2','2017-04-06 12:06:59',30,1,NULL,0),(86,'datadivider','datadivider','2017-04-06 12:29:04',1,1,NULL,0),(87,'Relaincejio','jio','2017-04-07 09:55:18',30,1,NULL,0),(88,'ashu','ou1','2017-04-11 06:22:01',30,1,'http://tokendb-service.datadivider.com',0),(89,'relianceworld','ou1','2017-04-11 06:31:48',30,1,'http://tokendb-service.datadivider.com',0),(90,'Maruti','ou2','2017-04-11 08:06:10',30,1,'http://tokendb-service.datadivider.com',0),(91,'Apple','ios','2017-04-12 06:00:01',30,1,'http://tokendb-service.datadivider.com',0),(92,'Apple1','Lg1','2017-04-12 10:13:07',30,1,'http://tokendb-service.datadivider.com',0),(93,'TokenDB_Customer','DB_Admin','2017-04-12 11:05:04',30,1,'http://tokendb-service.datadivider.com',0),(94,'Vijay sales','ou1','2017-04-13 07:53:00',30,1,'http://tokendb-service.datadivider.com',0),(95,'SuzukiCBZ','ou1','2017-04-13 08:22:23',30,1,'http://tokendb-service.datadivider.com',0),(96,'CarvoSolar','carvoSolar','2017-04-14 06:12:36',1,1,'http://tokendb-service.datadivider.com',0),(97,'Synechron','ou12','2017-04-17 08:18:22',30,1,NULL,0),(98,'JIO','JIO','2017-04-17 08:20:07',30,1,NULL,0),(99,'Camlin1','ou','2017-04-18 06:32:15',30,1,NULL,0),(100,'Studd','ou1','2017-04-18 11:02:50',30,1,NULL,0),(101,'Apache12','ou3','2017-04-18 13:18:12',30,1,NULL,0),(102,'Ikea','Ikea','2017-04-20 08:56:54',30,1,NULL,0),(103,'amazon pune','amazon12','2017-04-21 08:30:57',1,1,'http://tokendb-service.datadivider.com',0),(104,'Ebay','ebay1','2017-04-21 08:37:26',30,1,NULL,0),(105,'pulse12','pulse','2017-04-24 07:02:41',30,1,NULL,0),(106,'Aon mumbai','Eric','2017-04-24 09:16:53',30,1,'http://tokendb-service.datadivider.com',0),(107,'vivo','vivo1','2017-04-24 09:17:43',30,1,NULL,0),(108,'Anadarko Petroleum.','paul123','2017-04-26 05:15:53',30,1,'http://tokendb-service.datadivider.com',0),(109,'shane','jack','2017-04-26 08:14:51',30,1,NULL,0),(110,'Apollo Logistics','Isaac','2017-04-27 10:19:54',30,1,NULL,0),(111,'pixlar','pixlar','2017-04-27 10:43:21',457,0,NULL,0),(112,'maxin','maxin','2017-04-27 10:52:20',457,0,NULL,0),(113,'Ubersoft','uber1','2017-05-02 10:25:28',30,1,NULL,0),(114,'Heapstress','heap1','2017-05-02 11:32:30',457,1,NULL,0),(115,'HDFCBANK123','HDFCPune123','2017-05-03 06:51:38',471,0,'http://tokendb-service.datadivider.com',0),(116,'fgf','xgd','2017-05-11 06:05:53',490,1,'http://tokendb-service.datadivider.com',0),(117,'asdf','asdf','2017-05-11 06:06:09',490,1,'http://tokendb-service.datadivider.com',0),(118,'KotakMahindra','KotakPune','2017-05-24 12:54:48',491,1,'http://tokendb-service.datadivider.com',0),(119,'icici','IciciPune','2017-05-25 05:00:00',524,1,'http://tokendb-service.datadivider.com',0),(120,'Red Bus','A to z pune','2017-05-29 12:24:05',491,1,'http://tokendb-service.datadivider.com',0),(121,'HTC','HTC_Mumbai','2017-05-31 07:28:59',491,1,'http://tokendb-service.datadivider.com',0),(122,'Telenor','Telenor pune','2017-06-02 10:40:21',526,1,'http://tokendb-service.datadivider.com',0),(123,'Inetsoft system','Inet','2017-06-02 12:13:37',526,1,'http://tokendb-service.datadivider.com',0);
/*!40000 ALTER TABLE `customer` ENABLE KEYS */;
UNLOCK TABLES;

--
-- Table structure for table `ip_whitelist`
--

DROP TABLE IF EXISTS `ip_whitelist`;
/*!40101 SET @saved_cs_client     = @@character_set_client */;
/*!40101 SET character_set_client = utf8 */;
CREATE TABLE `ip_whitelist` (
  `ip_whitelist_id` int(11) NOT NULL AUTO_INCREMENT,
  `ip_address` varchar(45) NOT NULL,
  `customer_id` int(11) NOT NULL,
  `is_active` tinyint(1) DEFAULT '1',
  `ou_id` int(1) DEFAULT '0',
  `request_token` varchar(256) NOT NULL,
  PRIMARY KEY (`ip_whitelist_id`),
  UNIQUE KEY `ip_address_UNIQUE` (`ip_address`),
  KEY `fk_ip_whitelist_1_idx` (`customer_id`),
  CONSTRAINT `fk_ip_whitelist_1` FOREIGN KEY (`customer_id`) REFERENCES `customer` (`customer_id`) ON DELETE NO ACTION ON UPDATE NO ACTION
) ENGINE=InnoDB AUTO_INCREMENT=48 DEFAULT CHARSET=latin1;
/*!40101 SET character_set_client = @saved_cs_client */;

--
-- Dumping data for table `ip_whitelist`
--

LOCK TABLES `ip_whitelist` WRITE;
/*!40000 ALTER TABLE `ip_whitelist` DISABLE KEYS */;
INSERT INTO `ip_whitelist` VALUES (2,'185.43.89.100',104,1,0,''),(8,'192.23.43.56.53',72,1,0,''),(11,'192.168.50.52',1,1,0,''),(13,'192.168.50.90',24,1,0,''),(14,'190.165.85.89',60,1,0,''),(15,'197.290.45.23',72,1,0,''),(17,'192.168.50.22',1,1,0,''),(18,'192.168.50.6',1,1,0,''),(19,'192.168.50.16',1,1,0,''),(21,'196.23.45.50',104,0,0,''),(22,'192.167.45.89',86,1,0,''),(28,'192.45.784.68',75,1,0,''),(30,'192.168.50.32',110,1,0,''),(31,'192.168.50.69',115,1,0,'b8e14ca5-fd93-4155-baae-9442de449cde'),(32,'192.168.2.100',96,1,0,''),(34,'192.168.50.1',1,1,0,''),(35,'68.7.157.59',1,1,0,''),(38,' 192.168.50.69',115,1,0,''),(39,'193.50.145.50',75,1,0,''),(40,'192.33.456.67',115,1,79,'4d3d26b9-c69d-4561-a6a4-d59c521401f7'),(42,'192.168.1234',75,1,53,'1063d30e-1336-4924-8dd3-e33f248b3e4f'),(44,'198.98.765',115,1,81,'b542187d-271b-4b79-a54d-e1ad6c572291'),(45,'192.143.234.543',115,1,81,'aa4169cb-ec17-4610-9b1c-c4c68ff5de19'),(46,'120.23.45.89',119,0,96,'2362c98c-adac-446a-9623-c3122b69ceac');
/*!40000 ALTER TABLE `ip_whitelist` ENABLE KEYS */;
UNLOCK TABLES;

--
-- Table structure for table `ou`
--

DROP TABLE IF EXISTS `ou`;
/*!40101 SET @saved_cs_client     = @@character_set_client */;
/*!40101 SET character_set_client = utf8 */;
CREATE TABLE `ou` (
  `ou_id` int(11) NOT NULL AUTO_INCREMENT,
  `ou_name` varchar(45) NOT NULL,
  `customer_id` int(11) DEFAULT NULL,
  `ou_desc` varchar(45) DEFAULT NULL,
  `created_dt` datetime NOT NULL DEFAULT CURRENT_TIMESTAMP,
  `created_by` int(11) NOT NULL,
  `is_active` tinyint(1) NOT NULL DEFAULT '1',
  `token_db_end_point` varchar(256) DEFAULT NULL,
  PRIMARY KEY (`ou_id`)
) ENGINE=InnoDB AUTO_INCREMENT=103 DEFAULT CHARSET=latin1;
/*!40101 SET character_set_client = @saved_cs_client */;

--
-- Dumping data for table `ou`
--

LOCK TABLES `ou` WRITE;
/*!40000 ALTER TABLE `ou` DISABLE KEYS */;
INSERT INTO `ou` VALUES (1,'javaOu',1,'hhss','2017-01-18 12:14:12',1,1,NULL),(2,'test',4,'test','2017-01-19 08:49:56',1,1,NULL),(3,'Pari',5,'Manager','2017-01-19 08:51:49',1,0,'http://tokendb-service.datadivider.com'),(4,'TestOU',5,'testOU','2017-01-19 08:52:56',1,1,NULL),(5,'newOU',3,'newOU','2017-01-19 08:55:05',1,1,NULL),(6,'Agile soft_OU1',5,'AGSFT_OU1','2017-01-20 10:17:46',30,0,'http://tokendb-service.datadivider.com'),(7,'Agile soft sales_OU2',5,'AGSFT_OU2','2017-01-20 10:21:39',30,0,'http://tokendb-service.datadivider.com'),(8,'Team agsft_OU3',50,'AGSFT_OU3','2017-01-20 10:32:21',30,0,'http://tokendb-service.datadivider.com'),(9,'Team AGSFT_OU4',50,'AGSFT_OU4','2017-01-20 10:34:22',30,0,'http://tokendb-service.datadivider.com'),(10,'DDDSM_OU_ROLE ASSIGNMENT',50,'DDDSM_OU_ROLE ASSIGNMENT','2017-01-20 11:16:37',30,1,NULL),(11,'OU_testuser1',5,'','2017-01-20 11:34:40',140,1,NULL),(12,'DDSM_OU_ADMIN',50,'DDSM_OU_ADMIN_EMERSION\nAgsft test ou descript','2017-01-20 11:48:19',30,1,NULL),(13,'Team AGSFT_OU5',50,'OU DescriptionOU DescriptionOU Descripti','2017-01-23 05:31:47',30,0,'http://tokendb-service.datadivider.com'),(14,'Carasolva',50,'Client of carasolva.','2017-01-23 07:00:19',30,0,'http://tokendb-service.datadivider.com'),(15,'Team AGSFT_OU6',50,'<script>alert(\"XSS\")</script>','2017-01-23 07:27:19',139,0,'http://tokendb-service.datadivider.com'),(16,'NewOU',50,'New OU','2017-01-24 11:32:39',1,1,NULL),(17,'Victory_OU',53,'Victory_OU','2017-01-24 11:46:18',30,1,NULL),(18,'ciyaz',5,'ciyaz','2017-02-14 08:27:46',30,0,'http://tokendb-service.datadivider.com'),(19,'sama fitness',58,'Fitness center','2017-02-17 11:04:36',30,0,'TokenDB13'),(20,'zycur supply',55,'distributor','2017-02-17 11:04:59',30,0,'http://tokendb-service.datadivider.com'),(21,'OU_AGSFT',5,'','2017-02-20 09:32:14',30,1,NULL),(22,'Victory_OU1',53,'Victory_OU1','2017-02-28 09:52:37',30,1,NULL),(23,'Victory_OU01',53,'Victory_OU01','2017-02-28 09:54:36',30,1,NULL),(24,'testou',5,'testou','2017-03-03 08:15:05',179,1,NULL),(25,'ApplePune Operation Unit',61,'Main OU of Sony Television','2017-03-03 11:51:51',30,0,'http://tokendb-service.datadivider.com'),(26,'Agile Soft Systemadasdas',62,'test1231','2017-03-06 07:14:46',30,0,'http://tokendb-service.datadivider.com'),(27,'OU1',62,'OU1','2017-03-16 10:39:46',30,0,NULL),(28,'Test_OU',69,'Test_Parent OU','2017-03-17 10:13:01',30,0,NULL),(29,'Mumbai Sony OU',61,'Second Biggest OU in mumbai','2017-03-18 09:46:11',30,0,NULL),(30,'pramod',48,'pramod_agsft','2017-03-22 10:08:43',30,1,NULL),(31,'Testing OU with 24 chara',62,'Testing OU with 24 charaadsfasdfasdfasdf','2017-03-22 11:38:48',30,0,NULL),(32,'Testing OU with more tha',62,'Testing OU with more tha','2017-03-22 11:39:11',30,0,NULL),(33,'Ou creation with more 24',62,'Ou creation with more 24 characters long','2017-03-22 11:41:19',30,1,NULL),(34,'Testing_OU',62,'Testing_OU','2017-03-22 11:47:15',30,0,NULL),(35,'Alok',62,'Project manager','2017-03-22 12:03:28',30,0,'http://tokendb-service.datadivider.com'),(36,'sachin',62,'sachin jadhav','2017-03-24 10:47:35',30,1,NULL),(37,'pk',74,'Hello','2017-03-27 06:40:17',30,1,NULL),(38,'kalpesh k',75,'pm','2017-03-27 09:56:22',30,0,'http://tokendb-service.datadivider.com'),(39,'test2',75,'for test.','2017-03-28 09:01:36',30,0,NULL),(40,'Avenue plaza',75,'Multi firm','2017-03-28 09:03:31',30,0,'http://tokendb-service.datadivider.com'),(41,'Aaron1',75,'Test','2017-03-28 09:39:21',30,0,'http://tokendb-service.datadivider.com'),(42,'ritesh g',75,'Charter Accountant pune','2017-03-29 09:09:35',30,0,NULL),(43,'test1234ewewer',62,'testwerwer','2017-03-31 07:03:37',30,0,NULL),(44,'Banglore Sony OU',61,'Main OU in South with two major plants.','2017-04-01 08:12:05',30,1,NULL),(45,'Ahmdabad Sony ',61,'Delhi Operation Unit with four plants','2017-04-01 08:13:59',30,0,'http://tokendb-service.datadivider.com'),(46,'torna appt thergaon firs',75,'For testing purpose','2017-04-03 08:55:22',30,1,NULL),(47,'preet',62,'Admin','2017-04-05 07:12:37',300,1,NULL),(48,'Ahmedabad Sony OU',61,'Main Operation Unit in Gujrat State.','2017-04-05 17:24:17',30,1,NULL),(49,'tokendb_ou',24,'tokendbou','2017-04-17 05:15:10',1,1,'http://tokendb-service.datadivider.com'),(50,'victory12',75,'Customer','2017-04-17 07:13:57',30,1,'http://tokendb-service.datadivider.com'),(51,'Test_OU1',59,'TEST OU1','2017-04-17 07:54:29',30,1,'http://tokendb-service.datadivider.com'),(52,'Camlin_test',75,'Test.','2017-04-18 06:30:07',30,0,'http://tokendb-service.datadivider.com'),(53,'Dell',75,'service base product','2017-04-18 11:08:34',30,0,'http://tokendb-service.datadivider.com'),(54,'Akib',75,'Java developer','2017-04-18 13:16:29',30,0,'http://tokendb-service.datadivider.com'),(55,'Rith',75,'Test_DB','2017-04-19 11:46:44',30,1,''),(56,'dkarra',5,'Manager','2017-04-20 07:47:52',30,1,''),(57,'AT & T',5,'Microsoft Employee','2017-04-20 07:59:57',30,0,'http://tokendb-service.datadivider.com'),(59,'Ikea_Uk',102,'From_uk','2017-04-20 08:59:17',30,0,'http://tokendb-service.datadivider.com'),(60,'USA',102,'USA Base OU','2017-04-20 09:40:01',1,1,''),(61,'UK',102,'IKEA UK Based OU','2017-04-20 09:40:58',1,1,''),(62,'ebay_mumbai',104,'from mumbai','2017-04-21 10:01:56',30,1,''),(63,'ebay_Delhi',104,'For Delhi','2017-04-21 11:52:59',30,0,'http://tokendb-service.datadivider.com'),(64,'kedar',104,'Played from Royal challengers','2017-04-24 05:21:26',30,1,''),(65,'Ambersoft',75,'IT firm','2017-04-24 06:59:44',392,0,'http://tokendb-service.datadivider.com'),(66,'pulse12',75,'Pulse','2017-04-24 07:00:52',30,0,'http://tokendb-service.datadivider.com'),(67,'ashu',5,'H/w enterprise','2017-04-25 04:18:38',392,1,'http://tokendb-service.datadivider.com'),(68,'Fresher QA',48,'QA Analysis.','2017-04-25 09:44:56',30,0,'http://tokendb-service.datadivider.com'),(69,'florida',75,'IT firm','2017-04-26 06:00:50',30,1,''),(70,'Dwyan',7,'Distributor.','2017-04-26 06:02:13',392,0,'http://tokendb-service.datadivider.com'),(71,'paige',56,'consultant','2017-04-26 09:24:16',30,1,''),(72,'Alex j',110,'For logitics','2017-04-27 10:21:50',30,0,'http://tokendb-service.datadivider.com'),(73,'joe',110,'for apollo','2017-04-27 10:22:29',30,1,''),(74,'rohit',111,'java developer','2017-05-02 06:30:19',457,1,'http://tokendb-service.datadivider.com'),(75,'aboot_india',75,'aboot ou for india area','2017-05-02 06:47:04',1,1,'http://tokendb-service.datadivider.com'),(76,'ATS',110,'For labortory','2017-05-02 06:50:20',30,1,''),(77,'uberpune',113,'For pune','2017-05-02 10:45:04',467,1,'http://tokendb-service.datadivider.com'),(78,'darren',7,'Player.','2017-05-03 05:25:37',30,0,'http://tokendb-service.datadivider.com'),(79,'HDFC_Mumbai_OU',115,'HDFC Bank mumbai OU   ','2017-05-03 08:47:08',471,0,'http://tokendb-service.datadivider.com'),(80,'Andrew simon',7,'West indies12','2017-05-03 08:54:03',30,0,'http://tokendb-service.datadivider.com'),(81,'HDFC Delhi OU',115,'HDFC Delhi OU','2017-05-04 06:56:07',477,0,'http://tokendb-service.datadivider.com'),(82,'HDFC_Delhi_OU2',115,'HDFC Delhi OU','2017-05-12 06:20:25',491,0,'http://tokendb-service.datadivider.com'),(83,'RegalCinemas',115,'HDFC Regal Cinema OU','2017-05-17 07:09:31',491,1,'http://tokendb-service.datadivider.com'),(84,'anjali',115,'hdfc pune123','2017-05-18 13:16:45',30,0,'http://tokendb-service.datadivider.com'),(85,'HDFC_banglore12',115,'HDFC Nashik Branch','2017-05-22 06:15:18',477,0,'http://tokendb-service.datadivider.com'),(86,'HDFC_Aurangabad',115,'HDFC Aurangabad OU','2017-05-24 10:48:11',491,1,'http://tokendb-service.datadivider.com'),(87,'somnath',115,'hdfc','2017-05-24 12:03:57',477,1,'http://tokendb-service.datadivider.com'),(88,'KotakMumbai',118,'kotak mumbai branch','2017-05-24 12:55:42',491,1,'http://tokendb-service.datadivider.com'),(89,'HdfcBanglore',115,'banglore branch','2017-05-24 12:57:23',477,1,'http://tokendb-service.datadivider.com'),(90,'KotakBanglore',118,'Banglore','2017-05-24 13:06:08',491,1,'http://tokendb-service.datadivider.com'),(91,'rohini1',115,'hdfc','2017-05-24 13:26:55',477,1,'http://tokendb-service.datadivider.com'),(92,'sanjay',115,'hdfc','2017-05-24 13:27:43',477,1,'http://tokendb-service.datadivider.com'),(93,'xyz',115,'ssss','2017-05-24 13:31:48',477,1,'http://tokendb-service.datadivider.com'),(94,'sddd',53,'dsdd','2017-05-24 13:59:41',413,1,'http://tokendb-service.datadivider.com'),(95,'sunny',115,'sunny','2017-05-24 14:08:44',477,1,'http://tokendb-service.datadivider.com'),(96,'ICICIPuneOU',119,'ICICI PUNE','2017-05-25 05:00:38',524,1,'http://tokendb-service.datadivider.com'),(97,'devidas',119,'Icici pune','2017-05-29 06:43:13',491,1,'http://tokendb-service.datadivider.com'),(98,'swatip',82,'vodafone pune','2017-05-29 06:44:29',491,1,'http://tokendb-service.datadivider.com'),(99,'HDFC Thane',115,'HDFC Thane OU','2017-05-29 11:53:01',491,1,'http://tokendb-service.datadivider.com'),(100,'A to z swarget',120,'swarget branch','2017-05-29 12:25:52',491,1,'http://tokendb-service.datadivider.com'),(101,'supriya H',82,'vodafone red plan pune','2017-05-30 04:30:50',526,0,'http://tokendb-service.datadivider.com'),(102,'HDFC Baner',115,'HDFC Baner Pune','2017-06-02 05:59:25',491,1,'http://tokendb-service.datadivider.com');
/*!40000 ALTER TABLE `ou` ENABLE KEYS */;
UNLOCK TABLES;

--
-- Table structure for table `ou_user_mgmt`
--

DROP TABLE IF EXISTS `ou_user_mgmt`;
/*!40101 SET @saved_cs_client     = @@character_set_client */;
/*!40101 SET character_set_client = utf8 */;
CREATE TABLE `ou_user_mgmt` (
  `user_ou_id` int(11) NOT NULL AUTO_INCREMENT,
  `user_id` int(11) DEFAULT NULL,
  `ou_id` int(11) DEFAULT NULL,
  PRIMARY KEY (`user_ou_id`),
  KEY `fk_user_ou_1_idx` (`user_id`),
  KEY `fk_user_ou_2_idx` (`ou_id`),
  KEY `fk_ou_user_mgmt_1_idx` (`user_id`),
  KEY `fk_ou_user_mgmt_idx` (`ou_id`),
  CONSTRAINT `fk_ou_user_mgmt_1` FOREIGN KEY (`user_id`) REFERENCES `user` (`user_id`) ON DELETE NO ACTION ON UPDATE NO ACTION,
  CONSTRAINT `fk_ou_user_mgmt_2` FOREIGN KEY (`ou_id`) REFERENCES `ou` (`ou_id`) ON DELETE NO ACTION ON UPDATE NO ACTION
) ENGINE=InnoDB AUTO_INCREMENT=84 DEFAULT CHARSET=latin1;
/*!40101 SET character_set_client = @saved_cs_client */;

--
-- Dumping data for table `ou_user_mgmt`
--

LOCK TABLES `ou_user_mgmt` WRITE;
/*!40000 ALTER TABLE `ou_user_mgmt` DISABLE KEYS */;
INSERT INTO `ou_user_mgmt` VALUES (1,190,21),(2,191,18),(3,192,18),(4,211,17),(5,212,17),(6,212,22),(7,212,23),(8,213,17),(9,213,22),(10,213,23),(11,220,17),(12,248,26),(13,249,26),(14,261,26),(15,262,26),(16,268,26),(17,347,35),(18,347,33),(19,347,27),(20,349,26),(21,349,35),(22,349,27),(23,349,34),(24,355,40),(25,355,41),(26,355,38),(27,361,40),(28,361,38),(29,361,42),(30,362,40),(31,362,38),(32,368,40),(33,368,38),(34,378,26),(35,378,35),(36,378,33),(37,378,34),(38,402,40),(39,402,38),(40,402,42),(41,422,40),(42,422,38),(44,423,50),(45,426,40),(46,426,41),(47,427,40),(48,427,41),(49,428,40),(50,428,41),(51,428,38),(52,430,53),(53,430,50),(54,433,40),(55,433,52),(56,433,41),(57,436,6),(58,436,11),(59,437,6),(60,437,11),(61,438,6),(62,438,21),(67,439,61),(68,439,60),(69,440,60),(70,440,61),(71,441,50),(72,442,40),(73,442,54),(74,453,49),(75,470,52),(76,470,53),(77,470,69),(78,472,70),(79,494,75),(80,494,54),(81,494,40),(82,516,81),(83,516,79);
/*!40000 ALTER TABLE `ou_user_mgmt` ENABLE KEYS */;
UNLOCK TABLES;

--
-- Table structure for table `page`
--

DROP TABLE IF EXISTS `page`;
/*!40101 SET @saved_cs_client     = @@character_set_client */;
/*!40101 SET character_set_client = utf8 */;
CREATE TABLE `page` (
  `page_id` int(11) NOT NULL AUTO_INCREMENT,
  `name` varchar(45) NOT NULL,
  `customer_id` int(11) DEFAULT NULL,
  `created_by` int(11) NOT NULL,
  `created_dt` datetime NOT NULL DEFAULT CURRENT_TIMESTAMP,
  `is_active` tinyint(1) NOT NULL DEFAULT '1',
  PRIMARY KEY (`page_id`),
  UNIQUE KEY `name_UNIQUE` (`name`),
  KEY `fk_page_user_idx` (`created_by`),
  KEY `fk_page_customer_idx` (`customer_id`),
  CONSTRAINT `fk_page_customer` FOREIGN KEY (`customer_id`) REFERENCES `customer` (`customer_id`) ON DELETE NO ACTION ON UPDATE NO ACTION,
  CONSTRAINT `fk_page_user` FOREIGN KEY (`created_by`) REFERENCES `user` (`user_id`) ON DELETE NO ACTION ON UPDATE NO ACTION
) ENGINE=InnoDB AUTO_INCREMENT=86 DEFAULT CHARSET=utf8;
/*!40101 SET character_set_client = @saved_cs_client */;

--
-- Dumping data for table `page`
--

LOCK TABLES `page` WRITE;
/*!40000 ALTER TABLE `page` DISABLE KEYS */;
INSERT INTO `page` VALUES (1,'paymentpage',1,1,'2016-12-27 07:26:19',1),(2,'test2',1,1,'2016-12-28 11:03:32',1),(3,'test3',1,1,'2016-12-28 11:03:51',1),(4,'Test',2,1,'2016-12-28 11:47:50',1),(6,'addpage',14,1,'2016-12-29 04:39:26',1),(7,'add user',14,1,'2016-12-29 04:39:39',1),(8,'Add Customer',14,1,'2016-12-29 04:39:58',1),(11,'add page',5,1,'2016-12-29 04:41:01',1),(15,'add role',5,1,'2016-12-29 04:41:37',1),(16,'add admin',5,1,'2016-12-29 04:41:53',1),(18,'add management',5,1,'2016-12-29 04:42:13',1),(19,'add report',5,1,'2016-12-29 04:42:21',1),(20,'test pagw 1',1,1,'2016-12-29 09:48:11',1),(22,'add page1',5,11,'2016-12-29 10:36:03',1),(23,'Test user123',5,1,'2016-12-29 11:52:34',1),(25,'Test123',31,14,'2016-12-30 06:57:01',1),(27,'add page123',31,14,'2016-12-30 06:57:19',1),(28,'DEV-QA Test',5,1,'2017-01-02 08:54:06',1),(29,'DEV QA 1',5,1,'2017-01-02 09:47:30',1),(30,'Newpage',4,1,'2017-01-02 09:50:59',1),(31,'Add test page',5,1,'2017-01-02 10:12:15',1),(32,'test page',5,30,'2017-01-13 08:53:58',1),(34,'Test_page',48,30,'2017-01-16 08:34:16',1),(36,'testPage',43,30,'2017-01-16 09:34:03',1),(37,'Test Page1',5,30,'2017-01-16 11:08:11',1),(38,'Test Page2',5,30,'2017-01-16 11:08:22',1),(39,'Test Page3',5,30,'2017-01-16 11:08:28',1),(40,'Test Page4',5,30,'2017-01-16 11:08:33',1),(41,'Test Page5',5,30,'2017-01-16 11:08:38',1),(42,'Test Page6',5,30,'2017-01-16 11:08:44',1),(43,'Test Page7',5,30,'2017-01-16 11:08:50',1),(44,'Test Page8',5,30,'2017-01-16 11:08:57',1),(45,'Test Page9',5,30,'2017-01-16 11:09:05',1),(46,'Test Page10',5,30,'2017-01-16 11:09:13',1),(47,'Test Page11',5,30,'2017-01-16 11:09:17',1),(48,'Test Page12',5,30,'2017-01-16 11:09:23',1),(49,'Test Page13',5,30,'2017-01-16 11:09:32',1),(50,'Test Page14',5,30,'2017-01-16 11:09:39',1),(52,'Test Page15',5,30,'2017-01-16 11:09:54',1),(53,'Test Page16',5,30,'2017-01-16 11:09:59',1),(54,'Test Page17',5,30,'2017-01-16 11:10:04',1),(55,'Test Page18',5,30,'2017-01-16 11:10:14',1),(56,'Test Page20',5,30,'2017-01-16 11:12:08',1),(57,'Test Page21',5,30,'2017-01-16 11:12:14',1),(58,'Test Page22',5,30,'2017-01-16 11:12:19',1),(59,'AGSFT_OU',50,30,'2017-01-23 07:14:27',1),(62,'Add list page',53,206,'2017-02-28 08:01:52',1),(64,'Add Resource Page',53,30,'2017-02-28 08:10:26',1),(65,'ADD users page',53,30,'2017-02-28 08:10:57',1),(68,'Test Page001',60,30,'2017-03-01 11:33:05',1),(71,'New Page',5,30,'2017-03-02 12:55:36',1),(73,'Product',61,217,'2017-03-03 12:21:42',1),(74,'New Portal page',62,30,'2017-03-07 06:19:27',1),(75,'Test Page001234324',34,30,'2017-03-07 06:20:10',1),(76,'test_page001',62,231,'2017-03-07 06:20:30',1),(77,'Sales',61,30,'2017-03-18 09:54:49',1),(78,'customer list page',54,30,'2017-03-27 08:34:16',1),(79,'Test2345',62,30,'2017-03-31 07:17:03',1),(80,'ou list page',62,30,'2017-04-04 10:27:00',1),(81,'Common Notice',61,30,'2017-04-05 17:37:18',1),(82,'Marketing Details',61,30,'2017-04-05 17:37:45',1),(83,'Purchase Information',61,30,'2017-04-05 17:38:08',1),(84,'FY 2016-17 Rules',115,471,'2017-05-04 12:37:16',1),(85,'Item Details',75,471,'2017-05-08 05:19:44',1);
/*!40000 ALTER TABLE `page` ENABLE KEYS */;
UNLOCK TABLES;

--
-- Table structure for table `permission`
--

DROP TABLE IF EXISTS `permission`;
/*!40101 SET @saved_cs_client     = @@character_set_client */;
/*!40101 SET character_set_client = utf8 */;
CREATE TABLE `permission` (
  `permission_id` smallint(6) NOT NULL AUTO_INCREMENT,
  `feature` varchar(45) DEFAULT NULL,
  `version` char(8) NOT NULL DEFAULT '0.0.0',
  `activated_dt` datetime NOT NULL DEFAULT CURRENT_TIMESTAMP,
  `description` varchar(255) DEFAULT NULL,
  PRIMARY KEY (`permission_id`),
  UNIQUE KEY `feature_UNIQUE` (`feature`)
) ENGINE=InnoDB AUTO_INCREMENT=18 DEFAULT CHARSET=utf8 COMMENT='This table maintains feature and thier permission';
/*!40101 SET character_set_client = @saved_cs_client */;

--
-- Dumping data for table `permission`
--

LOCK TABLES `permission` WRITE;
/*!40000 ALTER TABLE `permission` DISABLE KEYS */;
INSERT INTO `permission` VALUES (1,'ADD_USER','00.01.00','2016-12-27 07:16:20','Add New User'),(2,'APPROVE_USER','00.01.00','2016-12-27 07:16:20','Approve Addition of New User'),(3,'UPDATE_USER_STATUS','00.01.00','2016-12-27 07:16:20','Change user status (Lock,unlock,activate,deactivate)'),(4,'ASSIGN_ROLE','00.01.00','2016-12-27 07:16:20','Assign or Unassign Custom Role to User'),(5,'LOCK_AD','00.01.00','2016-12-27 07:16:20','Lock or Unlock Active Directory Access'),(6,'USER_REPORTS','00.01.00','2016-12-27 07:16:20','Retrive Usage Reports'),(7,'RESET_PASSWORD','00.01.00','2016-12-27 07:16:20','Reset Users Active Directory Password'),(8,'ROLE_MANAGMENT','00.01.00','2016-12-27 07:16:20','Role Operation'),(9,'CUSTOMER_MANAGEMENT','00.01.00','2016-12-27 07:16:20','Customer Role'),(10,'OU_MANAGMENT','00.02.00','2017-01-19 08:17:21','Manage Ou'),(11,'VIEW_ONLY','00.02.00','2017-03-22 06:34:27','This permission is for read only access to user'),(12,'TOKEN_DB_UPDATE','00.02.00','2017-04-05 12:18:42','Permission for update tokendb record'),(13,'TOKEN_DB_READ','00.03.00','2017-04-10 12:13:55','Permission for read record'),(14,'TOKEN_DB_ADD','00.03.00','2017-04-10 12:14:49','Read only access to to token db records'),(15,'TOKEN_DB_REMOVE','00.03.00','2017-04-10 12:14:49','permission used to delete record'),(16,'TOKEN_DB_UPLOAD','00.03.00','2017-04-10 12:14:49','Permission used to upload bulk record'),(17,'DATABASE_ADMIN','00.03.00','2017-04-13 07:22:59','Permission is to identified token db customer admin');
/*!40000 ALTER TABLE `permission` ENABLE KEYS */;
UNLOCK TABLES;

--
-- Table structure for table `permission_role`
--

DROP TABLE IF EXISTS `permission_role`;
/*!40101 SET @saved_cs_client     = @@character_set_client */;
/*!40101 SET character_set_client = utf8 */;
CREATE TABLE `permission_role` (
  `permission_role_id` int(11) NOT NULL AUTO_INCREMENT,
  `permission_id` smallint(6) NOT NULL,
  `role_id` smallint(6) NOT NULL,
  PRIMARY KEY (`permission_role_id`),
  KEY `fk_permission_role_1_idx` (`permission_id`),
  KEY `fk_permission_role_2_idx` (`role_id`),
  CONSTRAINT `fk_permission_role_1` FOREIGN KEY (`permission_id`) REFERENCES `permission` (`permission_id`) ON DELETE NO ACTION ON UPDATE NO ACTION,
  CONSTRAINT `fk_permission_role_2` FOREIGN KEY (`role_id`) REFERENCES `role` (`role_id`) ON DELETE NO ACTION ON UPDATE NO ACTION
) ENGINE=InnoDB AUTO_INCREMENT=3811 DEFAULT CHARSET=utf8 COMMENT='Many to Many relationship between permission and role tables';
/*!40101 SET character_set_client = @saved_cs_client */;

--
-- Dumping data for table `permission_role`
--

LOCK TABLES `permission_role` WRITE;
/*!40000 ALTER TABLE `permission_role` DISABLE KEYS */;
INSERT INTO `permission_role` VALUES (2440,7,43),(2441,11,43),(2442,13,43),(2443,14,43),(2943,10,48),(2944,13,48),(3053,1,15),(3054,2,15),(3055,3,15),(3056,4,15),(3057,5,15),(3058,10,15),(3059,11,15),(3060,12,15),(3222,1,5),(3223,2,5),(3224,3,5),(3225,5,5),(3226,7,5),(3227,6,5),(3228,11,5),(3578,11,45),(3628,2,6),(3640,3,29),(3641,7,29),(3642,10,29),(3643,11,29),(3645,11,3),(3689,12,59),(3690,13,59),(3691,14,59),(3692,16,59),(3693,17,59),(3705,8,1),(3706,1,1),(3707,2,1),(3708,3,1),(3709,4,1),(3710,5,1),(3711,7,1),(3712,6,1),(3713,9,1),(3746,1,4),(3747,5,4),(3748,9,4),(3749,10,4),(3774,1,2),(3775,2,2),(3776,3,2),(3777,7,2),(3778,6,2),(3779,9,2),(3780,10,2),(3808,13,61),(3809,14,61),(3810,16,61);
/*!40000 ALTER TABLE `permission_role` ENABLE KEYS */;
UNLOCK TABLES;

--
-- Table structure for table `resource`
--

DROP TABLE IF EXISTS `resource`;
/*!40101 SET @saved_cs_client     = @@character_set_client */;
/*!40101 SET character_set_client = utf8 */;
CREATE TABLE `resource` (
  `resource_id` int(11) NOT NULL AUTO_INCREMENT,
  `name` varchar(45) NOT NULL,
  `file_name` varchar(255) DEFAULT NULL,
  `file_type` varchar(6) DEFAULT NULL,
  `file_blob` blob,
  `x_cordinate` int(11) DEFAULT NULL,
  `y_cordinate` int(11) DEFAULT NULL,
  `page_id` int(11) NOT NULL,
  `created_by` int(11) DEFAULT NULL,
  `created_dt` datetime NOT NULL DEFAULT CURRENT_TIMESTAMP,
  `updated_dt` datetime NOT NULL DEFAULT CURRENT_TIMESTAMP,
  `is_active` tinyint(1) NOT NULL DEFAULT '1',
  PRIMARY KEY (`resource_id`),
  UNIQUE KEY `name_UNIQUE` (`name`),
  KEY `fk_resource_user_idx` (`created_by`),
  KEY `fk_resource_page_idx` (`page_id`),
  CONSTRAINT `fk_resource_page` FOREIGN KEY (`page_id`) REFERENCES `page` (`page_id`) ON DELETE CASCADE ON UPDATE NO ACTION,
  CONSTRAINT `fk_resource_user` FOREIGN KEY (`created_by`) REFERENCES `user` (`user_id`) ON DELETE NO ACTION ON UPDATE NO ACTION
) ENGINE=InnoDB AUTO_INCREMENT=86 DEFAULT CHARSET=utf8mb4;
/*!40101 SET character_set_client = @saved_cs_client */;

--
-- Dumping data for table `resource`
--

LOCK TABLES `resource` WRITE;
/*!40000 ALTER TABLE `resource` DISABLE KEYS */;
INSERT INTO `resource` VALUES (1,'creditcard','1.png','png',NULL,120,0,1,1,'2016-12-27 07:27:53','2016-12-29 10:08:11',1),(2,'cvvimage','cvv.png','png',NULL,120,0,1,1,'2016-12-27 07:28:16','2016-12-27 07:28:16',1),(3,'Durga','Desert.jpg','jpg',NULL,1,4,11,1,'2016-12-29 04:43:28','2017-03-06 10:51:43',1),(7,'QA 1','images.jpg','jpg',NULL,7,23,15,14,'2016-12-29 05:05:05','2016-12-29 11:49:46',1),(8,'<script>alert(\"XSS\")</script>','image=s%22%20style=%22backgroundurl(javascriptalert(‘XSS’)).jpg','jpg',NULL,12,12,16,14,'2016-12-29 05:07:30','2017-03-06 10:50:18',1),(9,'QA Test 4','images.jpg','jpg',NULL,6,0,18,14,'2016-12-29 05:18:54','2016-12-29 05:18:55',1),(10,'testresource12','DDSM-UI.zip','zip',NULL,12,0,1,1,'2016-12-29 05:59:41','2016-12-29 05:59:41',1),(11,'Akash','dot.png','png',NULL,12,0,1,1,'2016-12-29 07:39:46','2016-12-29 07:41:17',1),(12,'akash1','dot.png','png',NULL,12,0,1,1,'2016-12-29 08:39:44','2016-12-29 08:39:45',1),(13,'2','dot.png','png',NULL,12,0,1,1,'2016-12-29 08:40:47','2016-12-29 08:40:47',1),(14,'Nilesh','angular2Project Structure.png','png',NULL,12,35,1,1,'2016-12-29 15:26:49','2016-12-29 10:22:17',1),(15,'QA_user2','images.jpg','jpg',NULL,2,3,11,14,'2016-12-29 11:31:26','2016-12-29 12:58:29',1),(18,'QA_user','images (2).jpg','jpg',NULL,2,-3,11,14,'2016-12-29 11:33:12','2017-03-06 10:41:04',1),(19,'niles','typescript-build-output.jpg','jpg',NULL,23,34,1,1,'2016-12-29 11:37:56','2016-12-29 11:38:18',1),(20,'csdsd','ags_simpleloan (5).sql','sql',NULL,23,132,1,1,'2016-12-29 11:39:16','2016-12-29 11:39:16',1),(21,'test','Diwali Sugar free sweetsDiwali Sugar free sweetsDiwali Sugar free sweetsDiwali Sugar free sweetsvDiwali Sugar free sweetsDiwali Sugar free sweetsDiwali Sugar free sweetsDiwali Sugar free sweetsDiwali Sugar free sweetsDiwali.jpg','jpg',NULL,12,12,11,14,'2016-12-29 11:41:23','2017-01-17 09:39:52',1),(23,'Test123',NULL,NULL,NULL,23,32,11,14,'2016-12-29 11:44:15','2016-12-29 12:58:44',1),(26,'asdasds','160642107_AKSAH_AGRAWAL_WL.pdf','pdf',NULL,12,12,1,1,'2016-12-29 11:46:58','2016-12-29 11:47:47',1),(27,'asasaqw','160642107_AKSAH_AGRAWAL_WL.pdf','pdf',NULL,12,12,1,1,'2016-12-29 11:48:23','2016-12-29 11:49:52',1),(32,'asdasdasd','dot.png','png',NULL,12,12,1,1,'2016-12-29 11:49:11','2016-12-29 11:49:11',1),(37,'test user12','durga sample images onw- 123 one.jpg','jpg',NULL,23,23,23,1,'2016-12-29 11:55:03','2016-12-29 11:58:17',1),(40,'add resource page','100-best-designs-com-548-glowing-candel-template-for-diwali-sccessful upload of candel template for diwali pictures and vacations-100-best-designs-com-548-glowing-candel-template-for-diwali-sccessful upload of candel templa-100-bes.jpg','jpg',NULL,2,3,11,14,'2016-12-30 06:52:03','2017-03-06 10:51:29',1),(41,'DEV-QA Test','diwali1.jpg','jpg',NULL,10,10,28,1,'2017-01-02 08:54:25','2017-01-02 08:54:26',1),(42,'Dev QA 1','images.jpg','jpg',NULL,10,22,29,1,'2017-01-02 09:47:56','2017-01-02 09:47:56',1),(43,'newpage','Screenshot (1).png','png',NULL,12,12,30,1,'2017-01-02 09:51:33','2017-01-02 09:51:33',1),(45,'test1234','100-best-designs-com-571-diwali-lamp-happy-diwali-template-100-best-designs-com-571-diwali-lamp-happy-diwali-template-100-best-designs-com-571-diwali-lamp-happy-diwali-template-100-best-designs-com-571-diwali-lamp-happy-diw.jpg','jpg',NULL,0,0,11,1,'2017-01-02 10:33:08','2017-01-13 05:27:10',1),(46,'nilu','angular2Project Structure.png','png',NULL,23,45,1,1,'2017-01-11 12:41:26','2017-01-11 12:41:27',1),(47,'QA-Test1','durga sample images onw- 123 one durga sample images onw- 123 one.jpg','jpg',NULL,11,11,11,30,'2017-01-13 08:55:02','2017-01-13 08:55:03',1),(48,'test12345678','Penguins.jpg','jpg',NULL,12,12,11,1,'2017-01-16 07:24:45','2017-01-16 07:24:46',1),(49,'Test_Resource','images.jpg','jpg',NULL,10,10,34,30,'2017-01-16 08:34:42','2017-01-16 08:34:42',1),(50,'CUST','images.jpg','jpg',NULL,10,10,36,30,'2017-01-16 09:34:42','2017-01-16 09:35:12',1),(51,'Test_Resource1','256GB-UFS_02.jpg','jpg',NULL,10,10,11,30,'2017-01-16 11:13:21','2017-01-16 11:13:21',1),(52,'Test_Resource2','256GB-UFS_02.jpg','jpg',NULL,10,2,11,30,'2017-01-16 11:13:36','2017-01-16 11:13:36',1),(53,'Test_Resource3','100-best-designs-com-571-diwali-lamp-happy-diwali-template-100-best-designs-com-571-diwali-lamp-happy-diwali-template-100-best-designs-com-571-diwali-lamp-happy-diwali-template-100-best-designs-com-571-diwali-lamp-happy-diw.jpg','jpg',NULL,12,12,11,30,'2017-01-16 11:13:49','2017-01-16 11:13:49',1),(54,'Test_Resource4','256GB-UFS_02.jpg','jpg',NULL,10,23,11,30,'2017-01-16 11:14:03','2017-01-16 11:14:04',1),(55,'Test_Resource5','256GB-UFS_02.jpg','jpg',NULL,23,2,11,30,'2017-01-16 11:14:15','2017-01-16 11:14:15',1),(56,'Test_Resource12','256GB-UFS_02.jpg','jpg',NULL,11,11,11,30,'2017-01-16 11:14:26','2017-01-16 11:14:26',1),(57,'Test_Resource15','images.jpg','jpg',NULL,12,12,11,30,'2017-01-16 11:14:39','2017-01-16 11:14:40',1),(58,'Test_Resource16','256GB-UFS_02.jpg','jpg',NULL,11,11,11,30,'2017-01-16 11:14:52','2017-03-06 10:31:18',1),(59,'Test_Resource18','256GB-UFS_02.jpg','jpg',NULL,11,11,11,30,'2017-01-16 11:15:03','2017-01-16 11:15:03',1),(60,'Test_Resource22','256GB-UFS_02.jpg','jpg',NULL,12,12,11,30,'2017-01-16 11:15:33','2017-01-16 11:15:34',1),(61,'Test_Resource23','256GB-UFS_02.jpg','jpg',NULL,22,22,11,30,'2017-01-16 11:15:44','2017-01-16 11:15:45',1),(62,'Test_Resource32','durga sample images onw- 123 one durga sample images onw- 123 one.jpg','jpg',NULL,22,22,11,30,'2017-01-16 11:15:58','2017-01-16 11:15:59',1),(63,'Test_Resource30','images.jpg','jpg',NULL,22,22,11,30,'2017-01-16 11:16:18','2017-01-16 11:16:19',1),(64,'Resource12','diwali1diwali1diwali1diwali1diwali1diwali1diwali1diwali1diwali1diwali1diwali1diwali1diwali1diwali1diwali1diwali1diwali1diwali1diwali1diwali1diwali1diwali1diwali1diwali1diwali1diwali1diwali1diwali1diwali1diwali1diwali1diwali.jpg','jpg',NULL,10,11,11,30,'2017-01-17 08:25:02','2017-01-17 08:25:03',1),(65,'QA_Test_Resource1','diwali1diwali1diwali1diwali1diwali1diwali1diwali1diwali1diwali1diwali1diwali1diwali1diwali1diwali1diwali1diwali1diwali1diwali1diwali1diwali1diwali1diwali1diwali1diwali1diwali1diwali1diwali1diwali1diwali1diwali1diwali1diwali.jpg','jpg',NULL,11,11,11,30,'2017-01-17 09:37:26','2017-03-06 10:31:08',1),(66,'Add page_OU','images.jpg','jpg',NULL,10,10,59,30,'2017-01-23 07:14:54','2017-01-23 07:14:55',1),(67,'Resource 1','images.jpg','jpg',NULL,5,4,62,30,'2017-02-28 08:07:32','2017-02-28 08:07:33',1),(68,'Add Resource','images.jpg','jpg',NULL,3,4,62,30,'2017-02-28 08:52:44','2017-02-28 08:55:14',1),(71,'TR_3','images.jpg','jpg',NULL,9,6,68,30,'2017-03-01 11:35:05','2017-03-02 06:26:15',1),(74,'Sony TV Model 11','Sony TV Model 11.png','png',NULL,12,6,73,217,'2017-03-03 12:24:49','2017-04-05 17:43:44',1),(75,'Test_Resource1234','images.jpg','jpg',NULL,3,2,16,30,'2017-03-06 10:33:17','2017-03-06 10:33:19',1),(76,'Add Test page','100-best-designs-com-548-glowing-candel-template-for-diwali-sccessful upload of candel template for diwali pictures and vacations-100-best-designs-com-548-glowing-candel-template-for-diwali-sccessful upload of candel templa-100-bes.jpg','jpg',NULL,3,2,16,30,'2017-03-06 10:35:10','2017-03-06 10:50:30',1),(77,'Test_Resource_abc','images.jpg','jpg',NULL,4,3,11,30,'2017-03-06 10:41:35','2017-03-06 10:41:36',1),(78,'Test_test123','images.jpg','jpg',NULL,1,2,74,231,'2017-03-07 06:21:38','2017-03-31 11:51:55',1),(79,'View Only_rRole','256GB-UFS_02.jpg','jpg',NULL,21,20,74,231,'2017-03-07 06:23:21','2017-03-31 10:37:40',1),(80,'Resource 20','images.jpg','jpg',NULL,-4,-4,75,30,'2017-03-07 06:24:51','2017-03-27 11:30:48',1),(81,'ABC_1','images.jpg','jpg',NULL,-2,-7,74,30,'2017-03-07 06:25:43','2017-04-04 10:32:26',1),(82,'resource3','images.jpg','jpg',NULL,3,5,75,30,'2017-03-27 11:32:07','2017-03-27 11:32:10',1),(83,'Sony TV Model 12','sony-tv-model 12.jpg','jpg',NULL,12,12,73,30,'2017-04-05 17:48:24','2017-04-05 17:48:27',1),(84,'Sony TV Model A123','sony-tv-model A123.jpg','jpg',NULL,32,32,73,30,'2017-04-05 17:49:42','2017-04-05 17:49:45',1),(85,'Product Details','Product Details 2016-17.odt','odt',NULL,4,4,73,30,'2017-04-05 17:51:10','2017-04-05 17:51:13',1);
/*!40000 ALTER TABLE `resource` ENABLE KEYS */;
UNLOCK TABLES;

--
-- Table structure for table `role`
--

DROP TABLE IF EXISTS `role`;
/*!40101 SET @saved_cs_client     = @@character_set_client */;
/*!40101 SET character_set_client = utf8 */;
CREATE TABLE `role` (
  `role_id` smallint(6) NOT NULL AUTO_INCREMENT,
  `role_name` varchar(45) NOT NULL,
  `role_order` int(11) NOT NULL,
  `description` varchar(45) NOT NULL,
  `is_2fa` tinyint(1) NOT NULL DEFAULT '1',
  `is_app_role` tinyint(1) NOT NULL DEFAULT '0',
  PRIMARY KEY (`role_id`),
  UNIQUE KEY `role_name_UNIQUE` (`role_name`)
) ENGINE=InnoDB AUTO_INCREMENT=75 DEFAULT CHARSET=utf8 COMMENT='This table maintains roles of application';
/*!40101 SET character_set_client = @saved_cs_client */;

--
-- Dumping data for table `role`
--

LOCK TABLES `role` WRITE;
/*!40000 ALTER TABLE `role` DISABLE KEYS */;
INSERT INTO `role` VALUES (1,'SYS_ADMIN',100,'Root User Role',0,1),(2,'SUPER_ADMIN',200,'Super Admin Role',0,1),(3,'SIMPLE_USER',300,'Simple User Role',0,1),(4,'CUSTOMER_ADMIN',400,'Customer Admin Role',0,0),(5,'BILLING_ADMIN',500,'Customer Billing Role',0,0),(6,'APPROVAL_ADMIN',600,'Customer Approval Role',0,0),(15,'Test role',1000,'Test role',0,0),(29,'OU_ADMIN',1000,'OU_ADMIN',0,0),(43,'SIMPLEUSER',1000,'Simple User',0,0),(45,'HELP_DESK',1000,'HELP_DESK',0,0),(48,'ADMIN',1000,'ADMIN',0,0),(59,'CSOUDBAdmin',1000,'TokenDB Ou Admin',0,0),(61,'CSDBAdmin',1000,'Token Database Admin',0,0),(65,'NEWROLE',1000,'Some new role is created',1,0),(72,'(/*-)',1000,'/*-',0,0);
/*!40000 ALTER TABLE `role` ENABLE KEYS */;
UNLOCK TABLES;

--
-- Table structure for table `status`
--

DROP TABLE IF EXISTS `status`;
/*!40101 SET @saved_cs_client     = @@character_set_client */;
/*!40101 SET character_set_client = utf8 */;
CREATE TABLE `status` (
  `status_id` smallint(6) NOT NULL AUTO_INCREMENT,
  `status` varchar(45) NOT NULL,
  `display_text` varchar(45) DEFAULT NULL,
  `desc` varchar(255) DEFAULT NULL,
  PRIMARY KEY (`status_id`),
  UNIQUE KEY `status_UNIQUE` (`status`)
) ENGINE=InnoDB AUTO_INCREMENT=15 DEFAULT CHARSET=utf8 COMMENT='This table is a look up table for user status ';
/*!40101 SET character_set_client = @saved_cs_client */;

--
-- Dumping data for table `status`
--

LOCK TABLES `status` WRITE;
/*!40000 ALTER TABLE `status` DISABLE KEYS */;
INSERT INTO `status` VALUES (1,'NEW','New','Newly created user'),(2,'APPROVED','Approved','Action Approved'),(3,'ACTIVATED','Activated','User Activated'),(4,'DEACTIVATED','Deactivated','User Deactivated'),(5,'LOCK','Locked','User Portal Login Locked'),(6,'INIT_LOCK_DD','DD Lock Initiated','User Login Locked in Active Directory Initiated'),(7,'LOCK_DD','DD Locked','User Login Locked in Active Directory'),(8,'UNLOCK','Unlocked','User Portal Login Unlock'),(9,'UNLOCK_DD','DD Unlocked','User Login Unock in Active Directory'),(10,'PASSWORD_RESET','Reset Password','User Reset Password'),(11,'DD_NEW','DD New User','Created New User In DD Portal'),(12,'DD ACTIVATED','DD ACTIVATED',' User dd account activated'),(13,'DD_DEACTIVATED','DD DEACTIVATED','User dd account deactivated'),(14,'INIT_DEACTIVATE_DD','DD Deactivate Initiated','DD user deactivation request send to zz');
/*!40000 ALTER TABLE `status` ENABLE KEYS */;
UNLOCK TABLES;

--
-- Table structure for table `user`
--

DROP TABLE IF EXISTS `user`;
/*!40101 SET @saved_cs_client     = @@character_set_client */;
/*!40101 SET character_set_client = utf8 */;
CREATE TABLE `user` (
  `user_id` int(11) NOT NULL AUTO_INCREMENT,
  `username` varchar(30) NOT NULL,
  `first_name` varchar(30) NOT NULL,
  `last_name` varchar(30) DEFAULT NULL,
  `password` varchar(255) NOT NULL,
  `dd_password` varchar(255) CHARACTER SET big5 COLLATE big5_bin DEFAULT NULL,
  `email_id` varchar(60) NOT NULL,
  `customer_id` int(11) DEFAULT NULL,
  `created_dt` datetime NOT NULL DEFAULT CURRENT_TIMESTAMP,
  `activated_dt` datetime DEFAULT NULL,
  `last_login` datetime DEFAULT NULL,
  `login_attempt` tinyint(4) NOT NULL DEFAULT '0',
  `status_id` smallint(6) NOT NULL DEFAULT '1',
  `ad_status_id` smallint(6) NOT NULL DEFAULT '7',
  `last_user_log_id` int(11) DEFAULT NULL,
  `is_active` tinyint(1) NOT NULL DEFAULT '1',
  `dd_user` tinyint(1) NOT NULL DEFAULT '0',
  `ou_id` int(11) DEFAULT NULL,
  `agent_id` int(11) DEFAULT NULL,
  `dd_password_created_dt` datetime DEFAULT NULL,
  `zz_reset_password` tinyint(1) NOT NULL,
  `zz_deactivate` tinyint(1) NOT NULL,
  `ddsm_deactivate` tinyint(1) NOT NULL,
  PRIMARY KEY (`user_id`),
  UNIQUE KEY `email_id_UNIQUE` (`email_id`),
  KEY `fk_user_customer_idx` (`customer_id`),
  KEY `fk_user_status_idx` (`status_id`),
  KEY `fk_user_log_idx` (`last_user_log_id`),
  KEY `fk_user_status_ad_idx` (`ad_status_id`),
  CONSTRAINT `fk_user_customer` FOREIGN KEY (`customer_id`) REFERENCES `customer` (`customer_id`) ON DELETE CASCADE ON UPDATE NO ACTION,
  CONSTRAINT `fk_user_log` FOREIGN KEY (`last_user_log_id`) REFERENCES `user_log` (`user_log_id`) ON DELETE CASCADE ON UPDATE NO ACTION,
  CONSTRAINT `fk_user_status` FOREIGN KEY (`status_id`) REFERENCES `status` (`status_id`) ON DELETE CASCADE ON UPDATE NO ACTION,
  CONSTRAINT `fk_user_status_ad` FOREIGN KEY (`ad_status_id`) REFERENCES `status` (`status_id`) ON DELETE CASCADE ON UPDATE NO ACTION
) ENGINE=InnoDB AUTO_INCREMENT=543 DEFAULT CHARSET=utf8 COMMENT='This table maintains all application user information';
/*!40101 SET character_set_client = @saved_cs_client */;

--
-- Dumping data for table `user`
--

LOCK TABLES `user` WRITE;
/*!40000 ALTER TABLE `user` DISABLE KEYS */;
INSERT INTO `user` VALUES (1,'sysAdmin','Nilesh','Waikarsd','$2a$10$TCpT456L8mT.9tMzA/HGae.aqOY8Rmbtp.5EwJPIvWyaAqpBjt4xO','SiIgqvl7mtWGMp6USFS25w==\n\n\n\n','nwaikar@agsft.com',NULL,'2016-12-27 07:18:20',NULL,'2017-05-30 11:50:11',0,3,10,726,1,0,NULL,NULL,NULL,0,0,0),(2,'test_superAdmin','Test','SuperAdmin','$2a$10$2aw.bQL6i4ydiLvKehhXeOlEG0bMMYIk0t.Hx6ss1uOz9q7rtZzwC',NULL,'trackwayzdemo1@gmail.com',NULL,'2016-12-27 07:25:24','2016-12-27 07:26:41',NULL,0,4,7,331,1,0,NULL,NULL,NULL,0,0,0),(3,'trackwayzdemo3@gmail.com','trackwayzdemo3@gmail.com','Customer','$2a$10$4UDOd.0dX5tGozS3AA3DVOhjmOB6pQHPXGVLve3D/AnlIcQhls0Ne',NULL,'trackwayzdemo3@gmail.com',2,'2016-12-27 07:35:28','2016-12-27 07:47:44','2016-12-29 06:18:14',0,3,7,26,1,0,NULL,NULL,NULL,0,0,0),(4,'Cust_User1','Cust_User1','Cust1_User1','$2a$10$66wWMqj/73bstTumNRmeOuywyqI0t7BpBvT0nb6UjX8nFA/8CiKqK',NULL,'agsft.testuser11@gmail.com',2,'2016-12-27 09:27:54','2016-12-27 09:31:37','2017-01-03 06:17:13',0,4,7,557,0,0,NULL,NULL,NULL,0,0,0),(5,'Cust1_User2','Cust1','User2','$2a$10$zQAAF.wcQxu1oLg2OfrJ8ukl.pAq4FolSvpSm6m/Raega89oHir9a',NULL,'agsft.testuser2@gmail.com',2,'2016-12-27 09:41:53','2016-12-27 10:03:23','2017-02-09 10:32:32',0,3,7,11,1,0,NULL,NULL,NULL,0,0,0),(6,'Customer_User','Customer_User','Customer2','$2a$10$iTlEsZT3KzIt1XDWeAMJauqbE0JrOYiSAVIJYKcEaNZrwAAjKE0fi',NULL,'agsft.testuser3@gmail.com',3,'2016-12-27 10:11:11','2016-12-27 10:59:21','2017-01-19 08:49:19',0,3,7,122,1,0,NULL,NULL,NULL,0,0,0),(7,'Cust2_App','Cust2_App','Approver Admin','$2a$10$cg5YIxT4cNdt2UPxkkLdWOKB3axDHXNDa0kvk3yTcEQLPdEBJ5oFG',NULL,'agsft.approver@gmail.com',3,'2016-12-27 10:15:00','2016-12-27 10:16:04','2017-01-31 08:25:17',0,4,7,565,0,0,NULL,NULL,NULL,0,0,0),(8,'Cust1_TestUser3','Cust1_TestUser3','Customer1','$2a$10$pCdTCJIghKTMlHuJXCYQRuPnNp3E5C76MHP2eiURGrwNeqriYLi0W',NULL,'gkotak@agsft.com',2,'2016-12-27 10:19:57','2016-12-27 11:02:24','2016-12-30 05:34:19',0,3,7,24,1,0,NULL,NULL,NULL,0,0,0),(9,'Cust2_Admin','Cust2_Admin','Admin','$2a$10$HKA7KDc9w1IHH0L.yuzhKOpTdNXFANKJweKqg/U2MCG/zldikkTJe',NULL,'ghanshyamkotak@gmail.com',3,'2016-12-27 10:30:32','2016-12-27 10:32:00','2016-12-29 10:00:23',0,3,7,85,1,0,NULL,NULL,NULL,0,0,0),(10,'nwaikar','Nilesh ','Waikar','$2a$10$8FRqW3xA5XdbcL77QiCF/Ou4MQYwwQQ0n7Vc3BLDucJREMKSvuiL.',NULL,'waikarnilesh999dddd@gmail.com',1,'2016-12-27 11:56:09',NULL,NULL,0,2,10,258,1,0,NULL,NULL,NULL,0,0,0),(11,'dkarra@agsft.com','durga','karra','$2a$10$4Wg3S0bESSDuQFgVTIfZ3uJnetiN.Gf5NCUcc25SMrIXlfKWnkk.S',NULL,'dkarradfdf@agsft.com',5,'2016-12-28 05:26:21',NULL,'2017-01-31 07:46:34',0,4,10,518,0,0,4,NULL,NULL,0,0,0),(12,'QA_Test1','QA_Test1','Test1','$2a$10$t6qt7UwYxsixKeaP6M8J6epuAeoA8CXk.9IAZSX90U8b.dj/6rq2q',NULL,'dkarra1@agsft.com',5,'2016-12-28 05:33:22',NULL,NULL,0,4,10,536,0,0,NULL,NULL,NULL,0,0,0),(13,'QATest','QATest','Test1','$2a$10$pGSLRHwMfHcSMGWBLOqYq.SXvbj7byzli4sf5tGD8Ec8F/QZO2a.C',NULL,'dkarra2@agsft.com',8,'2016-12-28 05:38:02',NULL,NULL,0,3,7,34,1,0,NULL,NULL,NULL,0,0,0),(14,'QAuser1','QAuser1','user1','$2a$10$BxABIUENeoVupCLfq4QpQOBBqUM4f14aHwTRNWCECQidqhyMjVCvm','UPyoLIV75wEQ87+yiIzmlg==','durgamedhaddd@gmail.com',5,'2016-12-28 07:08:38','2016-12-28 07:09:27','2017-01-24 11:28:07',0,4,10,537,0,0,NULL,NULL,NULL,0,0,0),(15,'QAuser2','QAuser2','user2','$2a$10$IbnTcDokhbnzDxtd5zTWUO.nz1eOhoae1OTvJ.pZozGSfJXa57cXG',NULL,'skale@agsft.com',5,'2016-12-28 07:30:33','2016-12-28 07:41:31','2017-01-19 08:47:59',0,4,6,550,0,0,NULL,NULL,NULL,0,0,0),(16,'QAuser12','QA ','User1','$2a$10$lP3wOgi2LSR384CQoNXaZOYu/yTnHkixD8d03Dv5ExgYgb/JfGJfi',NULL,'durgamedha1@gmail.com',2,'2016-12-28 10:22:54',NULL,NULL,0,4,7,558,0,0,NULL,NULL,NULL,0,0,0),(17,'Test_user2','Test_user2','User','$2a$10$vH9tNi.qa4LKQOYnLRASKurwRhK.xdN9MhvXkIiHhVzG8LRkJSTk6',NULL,'durgamedha@gmail.com2',2,'2016-12-28 10:34:49',NULL,NULL,0,4,7,560,0,0,NULL,NULL,NULL,0,0,0),(18,'Test_User3','Test_User3','User3','$2a$10$aWizn4.hLKEKuEZZAqH2nOCIUwZw8U.9GVntvmcJ3v7sZd8LWX.ba',NULL,'durgamedha3@gmail.com',2,'2016-12-28 10:37:37',NULL,NULL,0,4,7,561,0,0,NULL,NULL,NULL,0,0,0),(19,'durga5','durga1','karra','$2a$10$zwUo88wtNHq4KDFFgF1gB.VL0N3zVu3Xo49x0nVGqIMLmRob7wTQa',NULL,'durgakarra5@gmail.com',NULL,'2016-12-29 05:42:51','2016-12-29 05:44:24',NULL,0,3,7,93,1,0,NULL,NULL,NULL,0,0,0),(20,'QATest123','QATest123','Test23','$2a$10$gMLb3uM.mcWPx3Dp/rKqBORf8bmcZ7Abz.dPvCOTYPaG7eezZ6zy2',NULL,'trackwayzdemo3234@gmail.com',5,'2016-12-29 06:24:22',NULL,NULL,0,4,7,546,0,0,NULL,NULL,NULL,0,0,0),(21,'DDSM_Test1','DDSM_Test1','Test','$2a$10$XJ/xcftoEoggyTx0qe1dg.dYbx7RamoZCjUM0xoutboxi5MNcJqp6',NULL,'trackwayzdemo4@gmail.com',5,'2016-12-29 06:25:21',NULL,NULL,0,4,7,566,0,0,NULL,NULL,NULL,0,0,0),(22,'Test','DDSM_user','Test1','$2a$10$i6ChM3lswygJcuIoHBJtt.cFV10/Ko/j7nJ2/TcJaEz7GELTRXCsK',NULL,'trackwayzdemo2@gmail.com',NULL,'2016-12-29 06:46:31',NULL,NULL,0,4,7,332,1,0,NULL,NULL,NULL,0,0,0),(23,'QA_Testuser','Test','Test123','$2a$10$CSUcPi0Qd6UJk7Vchto8KOmAbfAyMDnUUz/DT3G.IGLGWJha.K426',NULL,'durgamedha234@gmail.com',3,'2016-12-29 10:38:10',NULL,NULL,0,4,7,563,0,0,NULL,NULL,NULL,0,0,0),(24,'QA_User21','test','test123','$2a$10$hXa33ZQPYMAfsqmaA4V1i.JN7hEOivqCMimrQg4utRez.eLtyG9fa',NULL,'durgamedhaa@gmail.com',3,'2016-12-29 10:39:09',NULL,NULL,0,4,7,564,0,0,NULL,NULL,NULL,0,0,0),(25,'QA_Test123','QA','Test user','$2a$10$D5eRG4x7v2I97Eqowe/uSuihz.P/bZwEgExgnCmmv4SMDdqutyalG',NULL,'kdurgamedha@gmail.com',3,'2016-12-29 10:39:45',NULL,NULL,0,4,7,562,0,0,NULL,NULL,NULL,0,0,0),(26,'niluwaikar','Nilesh','waikar','$2a$10$uQ.8EDHn/vG.cmP8NDyJZ.vzlfqa0mptJL40j9aE/pWRatV0VEXna',NULL,'jpathan@agsft.com',1,'2016-12-29 12:32:01',NULL,NULL,0,4,10,483,0,0,NULL,NULL,NULL,0,0,0),(27,'testQA','test','test123','$2a$10$IRYWNdpHLQhSVl1dlxUXQOHpAz5PKKc9W5xa1KasShMTedyRJzPcm',NULL,'durgamedha56@gmail.com',5,'2016-12-29 12:41:43',NULL,NULL,0,4,7,547,0,0,NULL,NULL,NULL,0,0,0),(28,'durgatest','test1','test2','$2a$10$4MU4klv5zzdntDkvqOGmWeFz2T40yr6CArkvo0WcV.thr.n.rLdDC',NULL,'kd-durgamedha@gmail.com',5,'2016-12-30 05:11:57',NULL,NULL,0,4,7,520,0,0,NULL,NULL,NULL,0,0,0),(29,'test123','test','test','$2a$10$hHUv05E.X95FN2/CJ5U9/.qLqYbfC8m3o49KCnwE1tn5QCqxoikKe',NULL,'durgamedha-1@gmail.com',2,'2016-12-30 05:32:20',NULL,NULL,0,4,7,559,0,0,NULL,NULL,NULL,0,0,0),(30,'SanityTest1','Durga1','Karra1','$2a$10$fEkFeAoe/6JoSfgKFSBSyeBHEfXRhlu9EjyOTlgiVcS63gxNgzL8y','UPyoLIV75wEQ87+yiIzmlg==','ddsmtesting123@gmail.com',NULL,'2016-12-30 05:53:06','2016-12-30 05:56:42','2017-05-30 04:00:34',0,3,10,1259,1,0,NULL,NULL,NULL,0,0,0),(32,'sanitytest','sanity','test','$2a$10$Z4VhhFykynaa/4ln4bksI.4Uh0DYkrx5VyMB9T1JcNrZjGY584GGO',NULL,'durgamedha12345@gmail.com',NULL,'2016-12-30 06:00:01',NULL,NULL,0,3,7,305,1,0,NULL,NULL,NULL,0,0,0),(33,'sanity_test2','sanity_test2','test2','$2a$10$ECem2LAebdQVJCiflA1QnuFXHZBK3SI81kM2HlNIyvKcwx0z9GzkS',NULL,'dkarra12@agsft.com',5,'2016-12-30 06:03:09',NULL,NULL,0,4,7,538,0,0,NULL,NULL,NULL,0,0,0),(34,'sanity_test3','sanity3','test3','$2a$10$6zLQN1RXfDBzYQ4K8G3J9u4MaXVP9NvIfKY1PocRG2k.hNag6fEOS',NULL,'dkarra23@agsft.com',NULL,'2016-12-30 06:04:56',NULL,NULL,0,3,7,306,1,0,NULL,NULL,NULL,0,0,0),(35,'Test OU ','Test OU ','2','$2a$10$uslO60sP.xiVJyqIrIjzEe/wpx7xH1aWiVrfFisM5GJgVKp87gge6',NULL,'dkarra12345@agsft.com',5,'2016-12-30 06:16:36',NULL,NULL,0,4,7,541,0,0,4,NULL,NULL,0,0,0),(36,'abc abc','abc abc','xyz','$2a$10$rQlTWX95L15eOMr97q9kAe9lXSnSniAFtzS9pYxic/EdXDF52yJMq',NULL,'dkarra56@agsft.com',5,'2016-12-30 06:18:26',NULL,NULL,0,4,7,507,0,0,NULL,NULL,NULL,0,0,0),(39,'abc2','abc1','test','$2a$10$mfBQVvpLY1J.sFDFrkocN.1P3wzU2tEjj3h9GBbOrVAgkxxot017W',NULL,'xyz@gmail.com',11,'2016-12-30 07:01:58',NULL,NULL,0,4,6,556,0,0,NULL,NULL,NULL,0,0,0),(40,'FLname','FLname','lastname','$2a$10$gVbhrLg/g0oyZcT1CzsheeogEJ5rHQxYkJv77RC2FpC8np.WVVfeC',NULL,'fl@gmail.com',5,'2016-12-30 07:04:58',NULL,NULL,0,4,7,521,0,0,NULL,NULL,NULL,0,0,0),(41,'11','1000','1001','$2a$10$3nJ2jtsgAL36gXLnFVd6.eF5sjBP.r1dIhbFhShiwdsWxtYHqa4cC',NULL,'11@gmail.com',NULL,'2016-12-30 07:06:34',NULL,NULL,0,4,13,1506,0,0,NULL,NULL,NULL,0,0,0),(42,'2001','2000','','$2a$10$N1TlhbLGfhEfu4XHmNl4hO/yf0Cb7iGmomJy4uudYt3bbhTEGZ8JG',NULL,'22@gmail.com',NULL,'2016-12-30 07:08:57',NULL,NULL,0,4,13,1494,0,0,NULL,NULL,NULL,0,0,0),(43,'31','3','','$2a$10$zxuo5xegS0tzdDPZe0j0reayfuvVFWL1kvR0ei0tkEbX0GXMq7ID6',NULL,'31@gmail.com',NULL,'2016-12-30 07:10:07',NULL,NULL,0,4,13,1509,0,0,NULL,NULL,NULL,0,0,0),(44,'123','durga123','','$2a$10$ZHkx5Uy1d3Rx0UbsV2LmqehBbRUDmv1ygyylO/QhnoFqw9b3t27t2',NULL,'123@gmail.com',NULL,'2016-12-30 07:12:25',NULL,NULL,0,4,13,1493,0,0,NULL,NULL,NULL,0,0,0),(45,'ddsmtesting123','Durga123','Test','$2a$10$rEjEwkVikAov2EjTCveHieS3Gvxc3pwUFWUhSEh4F2W/lRRCgwYoq',NULL,'ddsmtesxxxxting001@gmail.com',NULL,'2016-12-30 07:18:05','2016-12-30 07:18:58','2017-01-19 08:50:15',0,3,7,149,1,0,NULL,NULL,NULL,0,0,0),(47,'test234','121','karra1234','$2a$10$URTwnRdJpFml7i9CIlMIyOzASNT/NWdHsG8BfFyqtyBc3bRVsLogm',NULL,'durgamedh123a@gmail.com',NULL,'2016-12-30 08:29:42',NULL,NULL,0,2,7,341,1,0,NULL,NULL,NULL,0,0,0),(48,'efg','abcd','','$2a$10$7qMJw2ZmzCht0CSJHx76mes6tKqaU.HpVBbV6HFcrQP5MaTOHUOeu',NULL,'aa@gmail.com',NULL,'2016-12-30 08:30:43',NULL,NULL,0,2,7,340,1,0,NULL,NULL,NULL,0,0,0),(49,'23','23','23','$2a$10$jcu8eR6Ns1pYVSQg18bjROj50Bxc5MTIbPwB4t88XKMzadxPegdry',NULL,'23@gmail.com',NULL,'2016-12-30 08:31:20',NULL,NULL,0,4,13,1508,0,0,NULL,NULL,NULL,0,0,0),(51,'asdf','test','','$2a$10$OqOt78LpKjqaaQAW5Wleeub3wWeqShwV/7VgyKIkW1RslMlTcnbEe',NULL,'sdf@gmail.com',NULL,'2016-12-30 08:33:11',NULL,NULL,0,4,13,1535,0,0,NULL,NULL,NULL,0,0,0),(52,'34','34','','$2a$10$oIfIAT1nwEY9Ny9y4BxkfOYkPHYTd.O/0T4aLmqiFPvRQfv0WeYHC',NULL,'34@gmail.com',NULL,'2016-12-30 08:33:41',NULL,NULL,0,4,13,1510,0,0,NULL,NULL,NULL,0,0,0),(53,'45','45','','$2a$10$zi8e3ZUp3uaAU0lbq1wOkuOY3QHiQYQzZzN/VnhWLljAGHEy51vhu',NULL,'45@gmail.com',NULL,'2016-12-30 08:34:30',NULL,NULL,0,4,13,1511,0,0,NULL,NULL,NULL,0,0,0),(54,'343','34','','$2a$10$x.UmBHXW0zajqaMrWFe6deE/G0Cn2IS/C5tBQddJf4kRK6RA8LJTi',NULL,'343@gmail.com',NULL,'2016-12-30 08:38:54',NULL,NULL,0,4,13,1512,0,0,NULL,NULL,NULL,0,0,0),(55,'def','abcd','','$2a$10$Dr.j9HuRPY8Qc3mLpUxJEuv8wUsPpasb4GKD1SQUVZbZvhT87f4da',NULL,'abcd@gmail.com',NULL,'2016-12-30 08:42:06',NULL,NULL,0,2,7,387,1,0,NULL,NULL,NULL,0,0,0),(56,'123wed','sdf','','$2a$10$z3FA..mNSWaOJNfe1GC0PehoNmRBfGr3s9dVYWgxzVkL0zBnNTPH2',NULL,'12345@gmail.com',NULL,'2016-12-30 08:46:42',NULL,NULL,0,4,13,1507,0,0,NULL,NULL,NULL,0,0,0),(57,'asdfr','asd','','$2a$10$mAkDvJHKAjBv94YNo6Nmt.tPUz1Yq.DjklTB4wNqQ0nHyReC8TnAK',NULL,'asdf@gmail.com',NULL,'2016-12-30 08:47:26',NULL,NULL,0,4,13,1536,0,0,NULL,NULL,NULL,0,0,0),(58,'456','456','345','$2a$10$f2CUmmp5qXFnbd99S4w2cunM2cUjyG1OmKAphEHE8qT4R9yQpWKMa',NULL,'456@gmail.com',5,'2016-12-30 08:49:14',NULL,NULL,0,4,7,506,0,0,NULL,NULL,NULL,0,0,0),(59,'test345','test123','','$2a$10$yJaJWqt8jwdtk9mKc111DOj.44hpKOBbTAsYOMLFQdeTu/ViPD8je',NULL,'sdfg@gmail.com',NULL,'2016-12-30 09:05:42',NULL,NULL,0,2,7,164,1,0,NULL,NULL,NULL,0,0,0),(60,'test235','test234','','$2a$10$DJ7UIALV3DKsloirDsz0IOcrGc/e0AtKnn/NSz6AQNQCcIImO/27G',NULL,'abcd12@gmail.com',NULL,'2017-01-02 06:37:42',NULL,NULL,0,2,7,166,1,0,NULL,NULL,NULL,0,0,0),(61,'Cust_Superadmin','New_superadmin','User','$2a$10$o824BaDbnWdPrdNRNAw5I.DB9isG5CAtQCkfaspaYN9psbAM5S7qi',NULL,'agsft.testuser1@gmail.com',NULL,'2017-01-02 11:09:21','2017-01-02 11:10:23','2017-04-13 12:45:02',0,4,7,1426,1,0,NULL,NULL,NULL,0,0,0),(62,'Simple_usertest','simple_user','','$2a$10$uLtw4/3dmq/YTLNkfVlBYuRl0YnBvPDKx9lteR97hkcFs6CT/QA2e',NULL,'SU@gmail.com',NULL,'2017-01-03 08:59:59',NULL,NULL,0,2,7,243,1,0,NULL,NULL,NULL,0,0,0),(63,'pariksheet','Pariksheet','Barapatre','$2a$10$UIpLcqlncg6ipjSlm4ZGqOn0njTVrt1xOljwtF6HLOp.J5yvH5Jhu',NULL,'pariksheetffff@agsft.com',5,'2017-01-04 09:32:26','2017-01-04 09:33:57','2017-01-04 09:34:34',4,4,7,522,0,0,NULL,NULL,NULL,0,0,0),(64,'QA_test for user','QA_test for user','','$2a$10$7AAI9m/J/EWSS/Msm2Pzrux2sqzSnfajdCu9bdxJHJ4GWypuPqKt6',NULL,'durga123@gmail.com',NULL,'2017-01-06 05:44:59',NULL,NULL,0,2,7,250,1,0,NULL,NULL,NULL,0,0,0),(65,'pari','Pariksheet','Barapatre','$2a$10$IeYYdzZB.r.hX7vgEfgR0OkWsNaZRV8ZTgsc6rqjifJuIgIVjqpja',NULL,'pbarapatre@gmail.com',NULL,'2017-01-06 05:50:52','2017-01-06 05:56:55','2017-01-06 05:57:56',0,3,7,252,1,0,NULL,NULL,NULL,0,0,0),(66,'IE11_Testuser','IE11','','$2a$10$sC.HA5WSLs59NykdrEnSq.vQNY.htAeAjjuFFxsQi1b3ILc5jj7cm',NULL,'testuser123@gmail.com',5,'2017-01-06 09:59:18',NULL,NULL,0,4,7,523,0,0,NULL,NULL,NULL,0,0,0),(67,'AddUser','Add User','Test','$2a$10$QgizhyPEDR2vl7wrVBwz.OJRj4nPruq8poXlBJCx4K9.yrB/L8BFe',NULL,'testuser@gmail.com',5,'2017-01-09 09:31:10',NULL,NULL,0,4,7,508,0,0,NULL,NULL,NULL,0,0,0),(68,'Test_QA','QA_TestII','','$2a$10$TsxOj1tLsxjOp4831h/I5OJu4TIzM2mdfuC1IPS4uW1DbjbJdSGdq',NULL,'durga1234@gmail.com',NULL,'2017-01-09 09:59:14',NULL,NULL,0,2,7,265,1,0,NULL,NULL,NULL,0,0,0),(69,'Testuser1','Testuser1','','$2a$10$exfI1xkqaO5eJTmwt4DJsu4XDSV.VJZV4mtjLD2H6rNON6J8L/XGi',NULL,'Testuser1@gmail.com',NULL,'2017-01-09 10:00:27',NULL,NULL,0,2,7,659,1,0,NULL,NULL,NULL,0,0,0),(70,'Testuser2','Testuser2','','$2a$10$hKl9eL6M4Yz.h2YM5a3HvuJqVyuxtMwZjUiyUd5mdeG29dku8NxFu',NULL,'Testuser2@gmail.com',NULL,'2017-01-09 10:02:03',NULL,NULL,0,2,7,658,1,0,NULL,NULL,NULL,0,0,0),(71,'Testuser3','Testuser3','','$2a$10$HQnC82qFohekO5d6MvmUZ.HlA4M9qDCSk89P2nfTuqZS6vx.blmX6',NULL,'Testuser3@gmail.com',NULL,'2017-01-09 10:02:33',NULL,NULL,0,2,7,554,1,0,NULL,NULL,NULL,0,0,0),(72,'Testuser4','Testuser4','','$2a$10$oCjTA2KE/8j6CkSNBqFyE.KzHxlFVbh8JW6PcEpEAlaCyn.Dn0a/K',NULL,'Testuser4@gmail.com',NULL,'2017-01-09 10:02:56',NULL,NULL,0,2,7,384,1,0,NULL,NULL,NULL,0,0,0),(73,'test12345','test12345','','$2a$10$HG4MpmQfdYo3EZMk5dXNjedVCBrU2uj5t5Qp0MynXE/wUio1CuaJK',NULL,'test12345@gmail.com',NULL,'2017-01-09 11:13:28',NULL,NULL,0,2,7,270,1,0,NULL,NULL,NULL,0,0,0),(74,'asas','as','as','$2a$10$Si2acdKIGDn4eDLc3eGJpuWwPcQ4.HVsM/do/EPvoh8Qo0AZana2y',NULL,'asas@df.com',NULL,'2017-01-10 05:46:14',NULL,NULL,0,4,13,1534,0,0,NULL,NULL,NULL,0,0,0),(75,'akashtest4342','akashtest','akashtest','$2a$10$xNQdmNt22Oe0L8O6/8iD5ef493pPlTI6ggre/.yYAZldr0fWQv25e',NULL,'akash@akash.akash',NULL,'2017-01-10 05:54:53',NULL,NULL,0,4,13,1513,0,0,NULL,NULL,NULL,0,0,0),(76,'kakaka','kakaka','kakaka','$2a$10$yrzSGVjoigfLRVYoC9vbFusNsdwQeUZJ6ow7.9AgYNaFP8o4imbWW',NULL,'asas@dfas.com',NULL,'2017-01-10 05:56:01',NULL,NULL,0,2,7,344,1,0,NULL,NULL,NULL,0,0,0),(77,'finaluser','finaluser','finaluser','$2a$10$ZLIkTdVKYE/6YM01fDPKq.RAlMDedfKvzoFGkQ4JySuKfphDeaW/.',NULL,'finaluser@as.com',NULL,'2017-01-10 05:59:02',NULL,NULL,0,2,7,318,1,0,NULL,NULL,NULL,0,0,0),(78,'fin','fin','fin','$2a$10$r2FiucKxc9vKBoRZ2un61.o7ndtthS/QxTunTTBnOLS5jSfI.L.RG',NULL,'fin@fin.com',13,'2017-01-10 05:59:57',NULL,NULL,0,1,7,275,1,0,NULL,NULL,NULL,0,0,0),(79,'test role user','test role user','','$2a$10$Lt349JkBrJPxnWIZzexLled9smYbGRQAOSavTdch50mcGUKCQjAAm',NULL,'testrole@gmail.com',5,'2017-01-10 08:54:47',NULL,NULL,0,4,7,540,0,0,NULL,NULL,NULL,0,0,0),(81,'NewUser','NewUser','','$2a$10$wJOpJ2.A2RHaETVN3DBQ7eR0ulUHu7TCzV75w7Zzs8tOAsG/aSJje',NULL,'NewUser@gmail.com',5,'2017-01-11 06:28:52',NULL,NULL,0,4,7,525,0,0,NULL,NULL,NULL,0,0,0),(82,'NewUser2','NewUser2','','$2a$10$HnokHHlYwqOujcwc/UoqXOfgqsK55.H.0ruUmHtWG5hec55thEbp2',NULL,'Newuser2@gmail.com',5,'2017-01-11 06:30:06',NULL,NULL,0,4,7,528,0,0,NULL,NULL,NULL,0,0,0),(83,'NewUser3','NewUser3','','$2a$10$ucvR4zLlpy3kfyPgRpPANOVuYy5LRJ5aCoZtjUIUF4ySVhWNVgDhK',NULL,'NewUser3@gmail.com',5,'2017-01-11 06:47:04',NULL,NULL,0,4,7,529,0,0,NULL,NULL,NULL,0,0,0),(88,'NewUser11','NewUser11','','$2a$10$p7/wnpHXw23UReU2VvNMMu/xBE1RTKCWTpKOBnQA1BgfknGCumN.O',NULL,'NewUser11@gmail.com',5,'2017-01-11 08:32:28',NULL,NULL,0,4,7,527,0,0,NULL,NULL,NULL,0,0,0),(89,'!@#$','!@#$','','$2a$10$2D6ysOoNjyNMP3b.6R74x.WB.JlUqHYQwbiIiabcY9HevReFLy6FW',NULL,'!@mail.com',5,'2017-01-11 08:33:49',NULL,NULL,0,4,13,1492,0,0,NULL,NULL,NULL,0,0,0),(90,'!@#$test','!@#','!@#','$2a$10$C015bhWZadVp3Xbm3fyvPeZIWtq47bD78WbzxlbAalGZ3AFFW9SPK',NULL,'123456!@gmail.com',6,'2017-01-11 08:36:40',NULL,NULL,0,4,13,1502,0,0,NULL,NULL,NULL,0,0,0),(91,'Test-newuser','1234-New user','','$2a$10$lq/BvHsuAJfQLOJT3Bu3Eey7Qy2XABaMIQ0U3zfjndbkfrAy4D6OO',NULL,'sdfadsf@gmail.com',5,'2017-01-11 08:38:25',NULL,NULL,0,4,7,542,0,0,NULL,NULL,NULL,0,0,0),(92,'!@#$%^','!@#','','$2a$10$Pa/Ob0TZ9S9ytt2.3yJHZeqTVb/tnDGuNRhYum7pxqmJVof/hy4pS',NULL,'Test!@gmail.com',5,'2017-01-11 08:38:53',NULL,NULL,0,4,7,505,0,0,NULL,NULL,NULL,0,0,0),(93,'Test-newuser12','Test12387','','$2a$10$G2tszzfCGvi7ueUm8TQCz.iEYkiT4Spnzz87XirsT57wL6vrIAGqG',NULL,'asdf!@gmail.com',5,'2017-01-11 08:39:46',NULL,NULL,0,4,7,543,0,0,NULL,NULL,NULL,0,0,0),(94,'NewUser-234','New-User234','','$2a$10$PJgKOY9wk5nZZYQOIsDroOnN96W5QXDa3U37zCZlQXoLig7ZFy5xW',NULL,'tests!@gmail.com',5,'2017-01-11 08:52:24',NULL,NULL,0,4,7,526,0,0,NULL,NULL,NULL,0,0,0),(96,'qweqwe','qweqwe','qweqwe','$2a$10$HN3CkM/m3q0KwdhTyfvLYumSC4GhZMvH6Ng5ilMFnOeuoFi70Bl76',NULL,'qwe@qwe.qwe',6,'2017-01-11 09:39:26',NULL,NULL,0,1,7,300,1,0,NULL,NULL,NULL,0,0,0),(97,'asdasdasdasd','asdasdasd','asdasdasd','$2a$10$wz0P1ZkrWptYyqDlZeNu6enZhmytx4ZOlTS0ZE3DKL1aTb610LZUO',NULL,'asdasdasd@asd.asd',1,'2017-01-11 09:42:05',NULL,NULL,0,4,7,482,0,0,NULL,NULL,NULL,0,0,0),(98,'zxc','zxc','zxc','$2a$10$mXdjxcsqfvLjgSQ9dEHWYeJbMgRGuAdH8ogVNCLTHDn3qPxyz4LN6',NULL,'zxc@zxc.com',1,'2017-01-11 09:43:43',NULL,NULL,0,4,13,1574,0,0,NULL,NULL,NULL,0,0,0),(99,'asdxcz','ccvb','cvb','$2a$10$h7lrgWAU6GKHYPh7u7ItpuMOXpRI.aB7KK0.ArQp/xaLZadhZXJZO',NULL,'c@c.c',1,'2017-01-11 09:45:15',NULL,NULL,0,1,10,594,1,0,NULL,NULL,NULL,0,0,0),(101,'NewuserQA','NewUser','QA','$2a$10$tjr.BuThcMpfelNDSEU6VONdOMuvgQSKx5a42W8oIv9Br85ueceXS',NULL,'NewuserQA@gmail.com',5,'2017-01-12 06:06:57',NULL,NULL,0,4,10,530,0,0,NULL,NULL,NULL,0,0,0),(102,'NewUser_QA','NewUser_QA','','$2a$10$oH8j6WoRq4r/JaNz0R8V7ewVHKMCl433uqnxIm6tjel4YvYpgePDu',NULL,'NewUser_QA@gmail.com',6,'2017-01-12 09:32:24',NULL,NULL,0,1,7,308,1,0,NULL,NULL,NULL,0,0,0),(103,'NewuserQA1','NewuserQA1','','$2a$10$xGNGRdbetQOZJJ3pfm8zW.2s0CIibnxYAzrI9d6rrq3O1D8duBu3i',NULL,'NewuserQA1@gmail.com',5,'2017-01-12 09:34:38',NULL,NULL,0,4,7,531,0,0,NULL,NULL,NULL,0,0,0),(104,'ddsmtesting','ddsmtesting','','$2a$10$pUpRhoUAeGNVjWKxOZ64U.3x111Mc/NqbG3GGzY4nUK68sBj7Nlnu',NULL,'ddsmtesting002dddd@gmail.com',5,'2017-01-12 09:46:34',NULL,NULL,0,4,7,516,0,0,NULL,NULL,NULL,0,0,0),(105,'ddsmtesting002','ddsmtesting','','$2a$10$qCqn4XNstqViEe97bYthVeXpP9HNhoVFiHjriTHC4ecMnM.5wLOt2',NULL,'ddsmtesting002ccccxzxzx@gmail.com',5,'2017-01-12 09:55:25',NULL,NULL,0,4,7,517,0,0,NULL,NULL,NULL,0,0,0),(106,'ddsm_testing002','ddsmtesting123','','$2a$10$3o8MzpQ8IiBAvfgpkEHziOdV/bzbpGRBI37//SUmZQ6M7k1or9On6',NULL,'ddsmtesting002yyy@gmail.com',5,'2017-01-12 12:28:53','2017-01-12 12:29:55',NULL,0,4,7,515,0,0,NULL,NULL,NULL,0,0,0),(107,'Testuse-Date','!@!!','','$2a$10$qkZIhql6GU93hD9nfqceeuLu27hweNYgpp5.dzz4UNJe980cHW/jC',NULL,'ddsmdate@gmail.com',5,'2017-01-13 06:48:52',NULL,NULL,0,4,7,544,0,0,NULL,NULL,NULL,0,0,0),(108,'CU_1','1234','','$2a$10$SaZYP/8kELFMfYksNcisR.4ki9mfTkohtS4SpTuhSCaSou8.CF.e.',NULL,'CU@gmail.com',5,'2017-01-13 07:02:36',NULL,NULL,0,4,7,510,0,0,NULL,NULL,NULL,0,0,0),(109,'CU_2','12345','','$2a$10$GwVnWFSR7fMlw9Axb/ei3O66NnHIpmD1PQuNuB6uymg8Gr2aogRx2',NULL,'CU2@gmail.com',5,'2017-01-13 07:03:19',NULL,NULL,0,4,7,511,0,0,NULL,NULL,NULL,0,0,0),(110,'ddsmtesting002_test','Durga_QA','','$2a$10$g7RpEVeuaBqdHlD9l9G41uh9dKFxAR857x.5mKoc.bBbrssqZKqEe',NULL,'ddsmtestingsss002@gmail.com',48,'2017-01-16 08:33:15',NULL,NULL,0,4,7,592,0,0,NULL,NULL,NULL,0,0,0),(112,'test1234','durga123','karra123','$2a$10$WHYZYtyUrlrlixQ4f0B/WetK6wZu/X2uTVFc/DqiUBWflEVvoNSuG',NULL,'123durgamedha@gmail.com',NULL,'2017-01-16 11:20:48',NULL,NULL,0,2,7,350,1,0,NULL,NULL,NULL,0,0,0),(113,'Approveuser_1','durga123','','$2a$10$HxqcCc0mg11OxdnHKxBrwetv5nnPBFGzNz.uugBUszbLBCauOYxP.',NULL,'approveuser@gmail.com',NULL,'2017-01-16 11:21:32',NULL,NULL,0,4,13,1527,0,0,NULL,NULL,NULL,0,0,0),(114,'Approveuser_12','Approveuser_1','','$2a$10$C1T/HpVtOPP1dEad3xmB7OldpVUgc2O5Rec0P.9kaum8wH6o9Lfli',NULL,'Approveuser_1@gmail.com',NULL,'2017-01-16 11:22:22',NULL,NULL,0,4,13,1528,0,0,NULL,NULL,NULL,0,0,0),(115,'Approveuser_123','Approveuser_12','','$2a$10$iBXMpZiE.Ab8LEwNgjPgr.iTAuFeNK3h73l4.nFL2u7Dryvbws0Ti',NULL,'Approveuser_123@gmail.com',NULL,'2017-01-16 11:22:41',NULL,NULL,0,4,13,1529,0,0,NULL,NULL,NULL,0,0,0),(116,'Approveuser_134','Approveuser_134','','$2a$10$/Xh1H4kmSIhKdSlrynFjKuUujc19sFY4FMyBUfQ0KEisG98u8mKtG',NULL,'Approveuser_134@gmail.com',NULL,'2017-01-16 11:23:04',NULL,NULL,0,4,13,1530,0,0,NULL,NULL,NULL,0,0,0),(117,'Approveuser_143','Approveuser_143','','$2a$10$MPObjJTecv.2.SFsIkhUt.JpIKrRKGHx9ufMHWtkhQHWhJBbCiveW',NULL,'Approveuser_143@gmail.com',NULL,'2017-01-16 11:23:21',NULL,NULL,0,4,13,1531,0,0,NULL,NULL,NULL,0,0,0),(118,'Approveuser_145','Approveuser_145','','$2a$10$S8QlE0IabdphSi4hm3WEnuXChVdfCAySonkCOgy575NQdqTE3dC82',NULL,'Approveuser_145@gmail.com',NULL,'2017-01-16 11:23:41',NULL,NULL,0,4,13,1532,0,0,NULL,NULL,NULL,0,0,0),(119,'Approveuser_165','Approveuser_165','','$2a$10$GDKskTHQzbULQ9NzoTO4/uYiQJMcz7dcsGjg4b8vGPuMbe2WlH6bi',NULL,'Approveuser_165@gmail.com',NULL,'2017-01-16 11:24:00',NULL,NULL,0,4,13,1533,0,0,NULL,NULL,NULL,0,0,0),(120,'simple_user','simple_user','','$2a$10$qGM43fWwgKp.8Y1YDEKJbOZZU7jKvg3ojp9eRFCSk1tD7PU6aH2qG',NULL,'ddsmtesting657@gmail.com',5,'2017-01-17 07:13:05',NULL,NULL,0,4,7,539,0,0,NULL,NULL,NULL,0,0,0),(121,'Approve_user','Approve_user','','$2a$10$RscDHLy402eDqFXE00LlsujVuVjQU1/F8LbbEbrdko0nZ3HN2GrnG',NULL,'Approve_user@gmail.com',NULL,'2017-01-17 07:23:40',NULL,NULL,0,4,13,1526,0,0,NULL,NULL,NULL,0,0,0),(124,'1234','1234','','$2a$10$c2jK1MzLD1p.FQs.8uTAAOERmqCSQruRSmbK5zIPy4ps5saS44Pxu',NULL,'1234@gmail.com',NULL,'2017-01-17 07:34:02',NULL,NULL,0,3,13,1555,0,0,NULL,NULL,NULL,0,0,0),(125,'ddsmtesting003','ddsmtesting003','','$2a$10$pHjikusOI0EiX0gJtcFEguJZGpA/Qpw4quy2URKbLz.ITdzLicswC',NULL,'ddsmtesting003@gmail.com',5,'2017-01-18 06:37:56',NULL,NULL,0,4,7,577,0,0,6,NULL,NULL,0,0,0),(126,'parib','Pariksheet','Barapatre','$2a$10$Ym65jrz3FK27DJISOkU6.e5Do6obY4VGuWZOw8RsUwAZOdV/qfkMi',NULL,'pari.datagen@gmail.com',6,'2017-01-18 06:51:43',NULL,NULL,0,1,7,377,1,0,NULL,NULL,NULL,0,0,0),(127,'datadivider','data','','$2a$10$x7hQsU5VfonYerjjNgpTVOUP9ewgQKXQBgTWKZv0nK7uZr1MusvEC',NULL,'datadivider123@gmail.com',NULL,'2017-01-18 09:09:41',NULL,NULL,0,2,7,378,1,0,NULL,NULL,NULL,0,0,0),(128,'cust_user1','cust_user1','','$2a$10$VZTxcpnDSOasazSysTqSqOaHzuT4sOYTE7xSc4VW29EEsTTSmF4Ei',NULL,'cust_user1@gmail.com',5,'2017-01-19 08:56:57',NULL,NULL,0,4,7,512,0,0,NULL,NULL,NULL,0,0,0),(129,'cust_user2','cust_user2','','$2a$10$CaGBytwwoYEYMSVHS6SVl.F2LUZavSoBo8us..dXR9kdh5hPNyQKm',NULL,'cust_user2@gmail.com',NULL,'2017-01-19 08:58:03',NULL,NULL,0,2,7,381,1,0,NULL,NULL,NULL,0,0,0),(130,'Customer_Admin3','Customer_Admin3','','$2a$10$lpMk.DM.TlojuifrReo0T.epDvx5Ic3n2n6LBw5CvcxWThphpsQQ6',NULL,'Customer_Admin3@gmail.com',5,'2017-01-19 09:43:17',NULL,NULL,0,4,7,513,0,0,NULL,NULL,NULL,0,0,0),(131,'Customer_Admin4','Customer_Admin4','Customer_Admin4','$2a$10$CCFpj4gSeO61WBXkOy2cz.Kv1YVD8khZ8HEE6uAfbuKiKxTvuAxby',NULL,'Customer_Admin4@gmail.com',5,'2017-01-19 09:43:41',NULL,NULL,0,4,7,514,0,0,NULL,NULL,NULL,0,0,0),(132,'New user 123','New user 123','','$2a$10$9/6o8bqFhNA0rwWDdgpLeu9Z9Eieo2xTvBW6oRsnECftR.VHUR8gq',NULL,'Newuser123@gmail.com',5,'2017-01-20 06:41:43',NULL,NULL,0,4,7,524,0,0,NULL,NULL,NULL,0,0,0),(133,'OU_1','OU_1','','$2a$10$XKD/Cm47tiyk86DG3Zi/GuiBNe8Gi8JgB7HUuRa2pRfvDDH0kL4xi',NULL,'OU_1@gmail.com',5,'2017-01-20 10:02:26',NULL,NULL,0,4,7,532,0,0,4,NULL,NULL,0,0,0),(134,'OU_2','OU_2','','$2a$10$D2f1BGPOVpX8yNlGvPYutu/TmKla4dLfW5mU23cOsTHK7Jm2GyWzm',NULL,'OU_2@gmail.com',5,'2017-01-20 10:29:10',NULL,NULL,0,4,7,533,0,0,6,NULL,NULL,0,0,0),(135,'customer_OU1','customer_OU1','','$2a$10$T380o2x9pPOII/wLP9gkpuHyGXIDegn6OvF.qweOu5frOHFYFo4R2',NULL,'customer_OU1@gmail.com',50,'2017-01-20 10:37:52',NULL,NULL,0,4,7,496,0,0,8,NULL,NULL,0,0,0),(136,'Customer_OU2','Customer_OU2','','$2a$10$USShAhCIBIRqnRHN7M5VWOeTkkoBabfggBTfYR0izh0c2SMhBSbU2',NULL,'Customer_OU2@gmail.com',50,'2017-01-20 10:38:52',NULL,NULL,0,4,7,497,0,0,8,NULL,NULL,0,0,0),(137,'Customer_OU3','Customer_OU3','','$2a$10$nZaUdgEj83MsssV7aNEnL.uWLMf4wjG19Kkp7tDS2E0VOQDH1PEoq',NULL,'ddsmtesting002@gmail.com',50,'2017-01-20 10:40:24',NULL,NULL,0,4,7,486,0,0,13,NULL,NULL,0,0,0),(138,'OU_Admin','OU_Admin','','$2a$10$RhRe2dRUUFa3CtJkhRUk5.5.llKek4iWq0hRiNKANIOqn/wDLNdt.',NULL,'OU_Admin@gmail.com',5,'2017-01-20 10:43:24',NULL,NULL,0,4,7,534,0,0,6,NULL,NULL,0,0,0),(139,'outesting001','outesting001','','$2a$10$gdbdKh0ZrdXFGezh.bzstu6s6T68CHyHqa.iKa0E4JxsZBSWevcxq',NULL,'outesting001ddd@gmail.com',50,'2017-01-20 10:51:42','2017-01-20 11:01:03','2017-01-23 11:05:08',0,4,7,492,0,0,9,NULL,NULL,0,0,0),(140,'outesting002','outesting002','outesting002','$2a$10$uIfEgugM1wzR3.Qsu3Q4COtAHUkeN8QvJGIIFhj9ctn1xeOXBsUlW',NULL,'outestingsss002@gmail.com',5,'2017-01-20 11:28:13','2017-01-20 11:31:28','2017-02-10 07:30:07',0,4,7,581,0,0,6,NULL,NULL,0,0,0),(141,'testing_OU','testing_OU','','$2a$10$OKcB.98bEK7bDjRYPzhpFuzDH1eMqCLuYGVOCt78zejtn6QPtsKlm',NULL,'testing_OU@gmail.com',50,'2017-01-20 11:40:36',NULL,NULL,0,4,7,487,0,0,13,NULL,NULL,0,0,0),(142,'AGSFT OU4','AGSFT OU4','','$2a$10$.wcoZh138SENb8rXVghFi.QlSO5BgJ0oL6gKQX3cdgQPCJwDzEewO',NULL,'AGSFT_OU4@gmail.com',50,'2017-01-23 05:42:50',NULL,NULL,0,4,7,489,0,0,8,NULL,NULL,0,0,0),(143,'AGSFT_OU5','AGSFT_OU5','','$2a$10$EMh3hOy1hHww86mPzzfKF.2.6g6ISEmW95.1SMYagpuvCmXR/LmOW',NULL,'AGSFT_OU5@gmail.com',NULL,'2017-01-23 05:44:45',NULL,NULL,0,4,13,1515,0,0,0,NULL,NULL,0,0,0),(144,'akash agrawal','akash agrawal','akash agrawal','$2a$10$1d/9TORezCUo4D/XmsklmeQpYEWA5viqQSvkzj5YJ8qCsDCsVWWVG',NULL,'aagarwalxxx@agsft.com',5,'2017-01-23 07:17:26',NULL,NULL,0,4,7,509,0,0,0,NULL,NULL,0,0,0),(145,'Ne_Customer','Ne_Customer','','$2a$10$GMQgxe07KWjYzEMAs9.U8Ooe6TAg3DLzmH/lGFFcqLo2rdngTn14O',NULL,'Ne_Customer@gmail.com',50,'2017-01-23 07:46:50',NULL,NULL,0,4,7,500,0,0,0,NULL,NULL,0,0,0),(146,'NewCustomer1','New Customer1','','$2a$10$OhagM7DDxNpJj21UAX9TaegKS52793UjEutCeB71rKWM0FbgXZvlO',NULL,'NewCustomer1@gmail.com',50,'2017-01-23 07:48:03',NULL,NULL,0,4,7,501,0,0,0,NULL,NULL,0,0,0),(147,'OU_ADMIN','OU_ADMIN','','$2a$10$QjiJ0wt/T3uh5MKRHFzzCeCqwdfgh2QXbu.ikWCOUD.EdDx4K3Zte',NULL,'outesting001vcv@gmail.com',5,'2017-01-23 10:08:09',NULL,NULL,0,4,7,535,0,0,6,NULL,NULL,0,0,0),(148,'OUADMIN','OU ADMIN','','$2a$10$qQkaXRU1VQ9FGbdkCn1N3O.v2E7XvpIDOeJCpBGemTRbY728Vush.',NULL,'outesting001@gmail.com',5,'2017-01-23 11:19:27','2017-01-23 11:20:42','2017-02-09 09:07:59',0,4,7,551,0,0,6,NULL,NULL,0,0,0),(149,'test','test','','$2a$10$BLj6xjkvLkDdvEguPaj0H.5oPvu0ZRbOJ11efk3fKM.9xqoAesNaK',NULL,'test4@gmail.com',50,'2017-01-23 12:38:04',NULL,NULL,0,4,7,490,0,0,0,NULL,NULL,0,0,0),(150,'NileshWaikar','Nilesh','Waikar','$2a$10$0AaTWl79PqBWhKBFxxCCAuBy2jJXoljMZov9QvsYNCOl22ls/ptSq',NULL,'waikarnilesh999ddd@gmail.com',53,'2017-01-24 11:47:17','2017-01-24 11:58:28','2017-01-25 08:58:22',0,4,7,567,0,0,NULL,NULL,NULL,0,0,0),(151,'DurgaMedha','Durga','Medha','$2a$10$zYu9yYeDWamaTxZwuugp/emLS2/kCzBg3vOCSkRJ5h5uFpdEhYW0y','UPyoLIV75wEQ87+yiIzmlg==','durgamedhaxxxx@gmail.com',53,'2017-01-24 11:49:10','2017-01-24 11:54:58','2017-01-25 10:53:56',0,4,7,484,0,0,NULL,NULL,NULL,0,0,0),(152,'AkashAgarwal','Akash','Agarwal','$2a$10$6Uchs54vGZjhO8y1mbHYz./PegzvrnJ7JKGMgP16r4k12ab70ohkm',NULL,'aagarwal@agsft.com',53,'2017-01-24 11:51:02',NULL,NULL,0,2,10,426,1,0,NULL,NULL,NULL,0,0,0),(153,'<script>alert(\"XSS\")</script>','<script>alert(\"XSS\")</script>','<script>alert(\"XSS\")</script>','$2a$10$9b.7ql9c0hO7.4NWn7qcgOeOZtijMa4RvYYGsq01BoAA2VHRpk5yi',NULL,'pariksheet@agsft.com',53,'2017-01-24 11:53:02',NULL,NULL,0,4,13,1518,0,0,NULL,NULL,NULL,0,0,0),(154,'nilu5','nilu5','nilu5','$2a$10$zsYtlrDA7v0fvnTvKGISm.xDUlei9OGBWWgKHhz2Ak4FyRXGkmKcq',NULL,'waikarnilesh555@gmail.com',53,'2017-01-25 10:23:10','2017-01-25 10:27:23','2017-01-25 10:27:45',0,4,7,591,0,0,NULL,NULL,NULL,0,0,0),(155,'DurgaKarra','Durga','Karra','$2a$10$RyQYXbw35OhW0.4r1iRZTuU6uXar1C80jf5E9guXEa8wMKK1JKuTy',NULL,'dkarradddd@agsft.com',5,'2017-01-31 07:51:26','2017-01-31 08:28:15','2017-02-10 06:22:35',0,4,7,575,0,0,6,NULL,NULL,0,0,0),(156,'DurgaMedha','Durga','Medha','$2a$10$GvVAvkS7aZXU8f2dTo7LaORhGTQoWgL1qZdm.SBqYMgnfOGMFm.A2',NULL,'durgamdsddsdsedha@gmail.com',5,'2017-01-31 08:12:19','2017-01-31 08:31:43','2017-02-03 05:22:45',0,4,7,519,0,0,6,NULL,NULL,0,0,0),(157,'waikarnilesh5','waikarnilesh5','waikarnilesh5','$2a$10$8HAPX3QwbyXwS49/Cx2Q0e7i6Yppp1TOZfGdu4nEzAXZTvK0rud/i',NULL,'waikarnilesh55555@gmail.com',50,'2017-01-31 10:05:24',NULL,NULL,0,4,7,552,0,0,8,NULL,NULL,0,0,0),(158,'wai','waik','waik','$2a$10$7vo3vOBQIc1JTXb0291M4uSXXD6olsuQp1PH6lwshih4hDFHZ05CO',NULL,'waikardddnileshddd999@gmail.com',5,'2017-02-02 05:38:48',NULL,NULL,0,4,7,548,0,0,4,NULL,NULL,0,0,0),(159,'waikarnilesh555','waikarnilesh555','waikarnilesh555','$2a$10$k.ZxWfWsKYI5vM/ZJHBlhe8kn7lZjH.mv3hoj7E8QFQatRAjN/0fC','ykFGFFBrH5xwt2BU+ajNKQ==','waikarnilxcccxesh999@gmail.com',5,'2017-02-02 06:12:38','2017-02-02 06:35:04','2017-02-02 06:35:21',0,4,7,549,0,1,6,NULL,NULL,0,0,0),(160,'TestUser','Test','User','$2a$10$wngsjZ.bmDytYf1/wvPzB.aExCIeIWF5Hqfer0a9t1xZT5u5bc.vm',NULL,'waikarnileshsss999@gmail.com',5,'2017-02-02 10:15:07',NULL,NULL,0,4,7,545,0,1,6,NULL,NULL,0,0,0),(161,'agsft_ddsm','Agsft','','$2a$10$Yx4eiNENvl/l7m17XDnQpeRdCx9Mtfv3edE/YlQlfbcdMN8WNQdRq',NULL,'dkarra-qa@agsft.com',50,'2017-02-03 05:26:44',NULL,NULL,0,4,7,495,0,1,0,NULL,NULL,0,0,0),(162,'Durga','agsft','','$2a$10$Ho3PiYtCBY6jbHOPpW61nu6h1EPWpq2jcN5cx2y173QWzB0Y5JCFS','UPyoLIV75wEQ87+yiIzmlg==','durgamexxxdha@gmail.com',50,'2017-02-03 06:14:06','2017-02-03 06:20:55','2017-02-03 08:54:11',0,4,10,498,0,1,0,NULL,NULL,0,0,0),(163,'SimpleUser','AGSFT-SU','','$2a$10$TXReENf/VaKbJEObSNF6/.zDbifv0EFIq/2uVOV/yOgkW1LeH9Apu',NULL,'sssasss@gmail.com',50,'2017-02-03 06:44:03',NULL,NULL,0,4,7,503,0,1,10,NULL,NULL,0,0,0),(164,'SimpleUser1','agsft-SU','','$2a$10$pK74N8/dM5C5kmcGhTlJH.I5KTp7snn1GYlQBA28OH7DgOeeKKmg.','fyNcN+k8xoHjwLo/DV2nRQ==','ddsmtesting0cxcc01@gmail.com',50,'2017-02-03 06:53:11','2017-02-03 08:24:11','2017-02-03 08:24:16',0,4,10,491,0,1,8,NULL,NULL,0,0,0),(165,'Super-Admin','Super-Admin','Super-Admin','$2a$10$LsfsiSAMTImz7EgUD4S2nOWqdRMP/qtAFjiGQ7Yb0tthGyp6spaii',NULL,'outesting003@gmail.com',NULL,'2017-02-03 08:59:20',NULL,NULL,0,11,7,454,1,1,0,NULL,NULL,0,0,0),(166,'DurgaKarra','Durga','Karra','$2a$10$5.OtnMhwsfKlJfRtaZwNy.0/uj7/v6qEpGG8qC9qT973iqMR089nq','UPyoLIV75wEQ87+yiIzmlg==','durgaxxxxmedha@gmail.com',50,'2017-02-03 09:13:44',NULL,'2017-02-03 10:10:57',0,4,7,499,0,1,8,NULL,'2017-02-03 09:23:48',0,0,0),(167,'agsft-ApprovalAdmin','agsft-Approval Admin','agsft-AA','$2a$10$mjMo4rMxcXS84L/9NHJag.XRB6wXSsNI7yQ2vM51CLQ428GkE./MK',NULL,'ddsmtestcxccing001@gmail.com',50,'2017-02-03 09:16:55',NULL,NULL,0,4,7,493,0,1,8,NULL,NULL,0,0,0),(168,'agsft-ApprovalAdmin','agsft-Approval Admin','Approval','$2a$10$b7VaTaJnExBu1CzSVC485.h4f6WYEWYC2yp5.6p0ioXa.90Uq5QUu','UPyoLIV75wEQ87+yiIzmlg==','ddsmtesting0dddd01@gmail.com',50,'2017-02-03 09:31:40','2017-02-03 09:39:21','2017-02-03 10:11:45',0,4,7,494,0,1,9,NULL,'2017-02-03 09:36:23',0,0,0),(169,'NileshTest','NileshTest','NileshTest','$2a$10$S.WHja84UEU4exTd4JhONODLoT4e.9uTLov3KASpbdVJMQA.zuSze','UPyoLIV75wEQ87+yiIzmlg==','waikarnilesh999xzxx@gmail.com',50,'2017-02-03 09:47:27',NULL,NULL,0,4,7,502,0,1,8,NULL,'2017-02-03 09:50:37',0,0,0),(170,'DurgaMedha1','durga','Medha','$2a$10$fLlplccTHVQVqOjTG24FYOrZESsI1xgJ0UeSQDWqdnpe0wZrS8DhS','fyNcN+k8xoF1f67FDfmPPQ==','durgamedxxxxxxa@gmail.com',50,'2017-02-03 10:19:34','2017-02-03 10:30:54','2017-02-03 10:32:22',0,4,10,488,0,1,10,NULL,'2017-02-03 10:22:46',0,0,0),(171,'DDSM-SimpleUser1','ddsm-SU','SU','$2a$10$CgLmFDWHUQZSoNrVEld1YOYilYf/W7nbtqUHPW8G4qW8eBkDEh6/S','fyNcN+k8xoFafszgRcOf6w==','ddsmtesting001@gmail.com',50,'2017-02-03 10:33:15','2017-02-03 10:39:36','2017-02-09 08:57:39',0,4,7,485,0,1,10,NULL,'2017-02-03 10:38:29',0,0,0),(172,'DurgaMedha','Durga','Medha','$2a$10$LIsZ/ta1C5fK6kctNxwoaupzlJ0jKP9SnJkDWxGAOlLGQkvTnkvky','fyNcN+k8xoFafszgRcOf6w==','durgamedhaw@gmail.com',50,'2017-02-03 10:50:28','2017-02-03 10:53:08','2017-02-09 09:21:57',0,4,10,553,0,1,10,NULL,'2017-02-03 10:52:24',0,0,0),(173,'pari','Pari','Barapatre','$2a$10$W5CSNXga2EHNSBt2iFezpOB7aFBENAkxgKgG46hx66S30s2KDNjKO',NULL,'PBarapatre1@datadivider.com',5,'2017-02-06 10:50:48',NULL,NULL,0,4,7,669,0,1,4,NULL,NULL,0,0,0),(174,'Medha','Durga','karra','$2a$10$rdJFkSCDCec2PLNB5m9w5OZAdi1QQV.GmqlPeCeLNkgW0HuwrqDzK',NULL,'durgamssssedha@gmail.com',5,'2017-02-10 06:09:44',NULL,NULL,0,1,7,572,0,0,6,NULL,NULL,0,0,0),(175,'test','test','','$2a$10$pykHVuB.VGp.l37mj9MvAeIr1iW5ogb2dEOQGdZkTOdQyvYXVdS4m',NULL,'test@gmail.com',50,'2017-02-10 06:32:06',NULL,NULL,0,2,7,573,0,0,8,NULL,NULL,0,0,0),(176,'nilutest','nilu','test','$2a$10$ZXxx5ta2Czfz9mNHaLwlmO9DlGplygET/SqvVOVqxCJlIz.io.BrS',NULL,'waikarnileshwwwwwwwww999@gmail.com',5,'2017-02-10 07:08:36',NULL,NULL,0,2,7,574,0,0,6,NULL,NULL,0,0,0),(177,'DurgaKarra','durga','','$2a$10$kg.SewfAISFgllmUyDO1be1Cmfl2YGZZkzfLbN0p4JQ31kIw/7ppu',NULL,'dkarsssra@agsft.com',5,'2017-02-10 07:29:26',NULL,NULL,0,4,7,584,0,1,6,NULL,NULL,0,0,0),(178,'outesting003','test','','$2a$10$E.LBrdZN6l6cn4QM/iAMAOiYhpAq/rASIyEJqC6bPa44tHgv.L/Pi',NULL,'outesting004@gmail.com',5,'2017-02-10 07:38:17',NULL,NULL,0,4,7,580,0,0,6,NULL,NULL,0,0,0),(179,'DurgKarra','durga1','karra','$2a$10$yyjls2m2igZwWyUBTkk1nejWviBdffRap1e/egIpGOwE43owHs2ZC',NULL,'dkarra123@agsft.com',5,'2017-02-10 08:14:15','2017-02-10 08:20:31','2017-03-06 07:26:46',0,3,9,1586,1,0,6,NULL,NULL,0,0,0),(180,'outesting002','OU','','$2a$10$yviH//ttg84f72G.PSHehOF6XfL7pY60KM/jcckHvt30F5S/Uc9ra',NULL,'outesting002@gmail.com',5,'2017-02-10 08:22:44',NULL,NULL,0,3,10,843,1,1,6,NULL,NULL,1,0,0),(181,'agsft','AGSFT','','$2a$10$hjxkGT4AueEloITOKqKaHuc4GRNtfGZbebUK9J4qqe3Gc5CEb9nzC',NULL,'agsft_test@gmail.com',50,'2017-02-10 08:30:36',NULL,NULL,0,4,7,590,0,0,8,NULL,NULL,0,0,0),(183,'Durga','Simple_User1','','$2a$10$gPq/NGb1MB1xVK6XF.yaxuFlRrolR9l2wVIB6K0bj5ImYHC0Ew9Iy',NULL,'simple_user1@gmail.com',5,'2017-02-10 08:57:36',NULL,NULL,0,4,7,603,0,0,6,NULL,NULL,0,0,0),(184,'<script>alert(\"XSS\")</script>','<script>alert(\"XSS\")</script>','','$2a$10$kQ02uZVa47ATRNIyw6/0ietbSdaNCd0sWnvgaQNhTIUpZP5mvw3MK',NULL,'scriptXSS@gmail.com',5,'2017-02-14 07:36:21',NULL,NULL,0,4,7,596,0,0,0,NULL,NULL,0,0,0),(185,'DDNilesh','Nilesh','Waikar','$2a$10$FuSR3Y8GrSxtUw952BopnOOFgzZ44Axr4/80qF69cuKJheFudpb2m','fyNcN+k8xoFl7hUv4Mj/iw==','waikarnilesh5ddd@gmail.com',5,'2017-02-16 05:06:12','2017-02-16 05:09:21','2017-02-17 09:51:29',0,3,10,635,1,1,4,NULL,'2017-02-20 06:56:17',0,0,0),(186,'DurgaQA','Durga','QA','$2a$10$9N3DAUN7vuKvkG5txI5vMOeU/twYHI5fZhRBEjG5OD9hZucf9HM2C','UPyoLIV75wEQ87+yiIzmlg==','durgamedhaxxx@gmail.com',5,'2017-02-16 06:00:06','2017-02-16 06:02:22','2017-02-16 11:29:07',0,4,10,606,0,1,6,NULL,'2017-02-17 08:02:04',0,0,0),(187,'DurgaMedha1','durga','medha','$2a$10$qOGl2zsbVav4opS31KOKEOvlFpSY0DC4wfIMJHW4G3Q/Y5sFHzWXC','UPyoLIV75wEQ87+yiIzmlg==','durgamedhadasd@gmail.com',5,'2017-02-17 09:17:49','2017-02-17 09:29:18',NULL,0,4,10,618,0,1,0,NULL,'2017-02-17 09:30:26',0,0,0),(188,'?id=1ANDid=2','?id = 1 AND id =2','?id = 1 AND id =2','$2a$10$HkIoVu/fbb14dJ4D7DgnA.irO9MZ6.nF4Ehbj0VdTn4fsxHvhwUbm',NULL,'agsft@test.com',5,'2017-02-17 11:26:35',NULL,NULL,0,4,7,616,0,0,0,NULL,NULL,0,0,0),(189,'test','teset','test','$2a$10$AD/mT/UrzRoVt49pxTfcfenBv.nhxw/MGNJni70zqcScyWpkBzTj2',NULL,'test+test.com@test.com',5,'2017-02-17 12:37:58',NULL,NULL,0,4,7,611,0,0,0,NULL,NULL,0,0,0),(190,'Medha1','DURGA','karra','$2a$10$LzzdTcrQ0neiEoGcKSBDV.9v70lEaZa1t8oip0WzEHX0Q5zpeiP56','UPyoLIV75wEQ87+yiIzmlg==','durgamedhasdfdsf@gmail.com',5,'2017-02-20 09:40:22','2017-02-20 09:47:41','2017-02-20 09:58:36',0,4,10,619,0,1,6,NULL,'2017-02-20 09:56:37',0,0,0),(191,'DurgaKarra','Durga','Karra','$2a$10$s/OtwGJFLbSVqaabXEdrWe/a/4xrBtvODj6857mPVkl3kiNC.esdO',NULL,'durgamedhaew@gmail.com',5,'2017-02-20 10:09:22','2017-02-20 10:09:42','2017-02-20 10:10:01',0,4,7,617,0,0,6,NULL,NULL,0,0,0),(192,'DurgaMedha','Durga','Medha','$2a$10$32eRAVQtjNaF2kgG6EQUe.Pm2afIMxizg1UfpIBSAqnKmdYRXAkv.',NULL,'durgamedhasadasd@gmail.com',5,'2017-02-20 10:17:35','2017-02-20 10:18:06','2017-02-20 10:18:19',0,4,7,676,0,0,4,NULL,NULL,0,0,0),(193,'durgakarra','durga','karra','$2a$10$zXLyYv4iGX9Dxo9kvV/6pem1pcpEUrh4UIvonkjj3OWggIAEI8sc2',NULL,'durgamedha123456@gmail.com',5,'2017-02-20 11:55:57','2017-02-20 11:56:25','2017-02-20 11:57:13',0,4,7,677,0,0,6,NULL,NULL,0,0,0),(194,'jon','Jon','Clark','$2a$10$HpY24CKJRV.yPYGCvNJS0.XxT31jb7P2yphVA6BQ/UlAuPrpJvG3e',NULL,'durgamedhacde@gmail.com',50,'2017-02-21 09:07:19',NULL,NULL,0,4,7,653,0,1,0,NULL,NULL,0,0,0),(195,'dkarra','durga','karra','$2a$10$eqwsggA.HFA95jeenFPJHOAhuqJ.aR0nqVxEdP/MuysL2pED96SYC',NULL,'durgamedha1234@gmail.com',50,'2017-02-21 09:44:47',NULL,NULL,0,4,7,649,0,1,8,NULL,NULL,0,0,0),(196,'karra','durga','','$2a$10$14MjULNyh.BcKOxW9/Kd8eFZVIUd04yhR99a4pJFIFvMg/NHII0f6',NULL,'durgamedha_test@gmail.com',50,'2017-02-21 09:53:32',NULL,NULL,0,4,7,660,0,0,0,NULL,NULL,0,0,0),(197,'test12','test','','$2a$10$z69AyBIFrbrwy95m9Toepu043gEYScu6mkSDBfPzItNEJGg5EAY.G',NULL,'12345_test@gmail.com',50,'2017-02-21 09:55:16',NULL,NULL,0,4,7,654,0,1,8,NULL,NULL,0,0,0),(198,'pbarapatre','Pariksheet','Barapatre','$2a$10$uevxMwG6S4RjSwI29snh8euirKCWBTjEjMjn8krxDzcwqyCRvNHxC','KIS9IhSIYY9rAxtns3PV1Q==','PBarapatre1234@datadivider.com',53,'2017-02-21 10:18:10','2017-02-21 11:16:29','2017-02-27 07:56:47',0,4,10,663,0,1,NULL,NULL,'2017-02-21 12:20:40',0,0,0),(199,'Karra1','Durga','','$2a$10$CWMnk1XkfQKy8bV7w0zEWuLcmKvfql/Le7NnPWRkctC57ff7.9BoO','UPyoLIV75wEQ87+yiIzmlg==','durgamedhaxyz@gmail.com',50,'2017-02-24 06:39:56','2017-02-24 07:00:29',NULL,0,4,9,655,0,1,16,NULL,'2017-02-24 06:44:48',0,0,0),(200,'karra','Durga','karra','$2a$10$.d7EjEKvZ9ruYOsDMd7esOpcvV1XiMDPi0qKyzuedH6WuL8GiyrtG','UPyoLIV75wEQ87+yiIzmlg==','durgamedhaxyzr@gmail.com',50,'2017-02-24 07:05:26','2017-02-24 07:10:29',NULL,0,4,9,656,0,1,16,NULL,'2017-02-24 07:05:49',0,0,0),(201,'DurgaKarra','Durga','karra','$2a$10$CO60aCXAChJcCMBGaEB9ZOZ0RrnVi/hQRLf7zJ1pUqQrtfend1Nyu','UPyoLIV75wEQ87+yiIzmlg==','durgamedhaadc@gmail.com',50,'2017-02-24 07:16:46',NULL,NULL,0,4,9,648,0,1,16,NULL,'2017-02-24 07:17:23',0,0,0),(202,'dkarra','durga','karra','$2a$10$gV5xTKRBxeVIWS9S7QLUBuA5IHXJiwYv1BBGM9IGRfRuXYLx1dE8e','UPyoLIV75wEQ87+yiIzmlg==','durgamedha3456@gmail.com',50,'2017-02-24 07:19:28','2017-02-24 07:25:09',NULL,0,4,9,650,0,1,16,NULL,'2017-02-24 07:19:50',0,0,0),(203,'dkarra1','durga1','karra','$2a$10$3AKE73svVdXJTH6ELmpfc.LKYIMH9cVmY2K5WVTSThQjB4681xARq','UPyoLIV75wEQ87+yiIzmlg==','durgamedhakarra@gmail.com',50,'2017-02-24 07:39:57','2017-02-24 07:40:50','2017-02-24 10:48:25',0,4,10,651,0,1,16,NULL,'2017-02-24 10:24:45',0,0,0),(204,'DurgaMedha1','durga','karra','$2a$10$iABIGu9ds/4jO5Sw/sFBt.xeUqZ3jhiZLh2Qm3ccqrAjOE0UMFMYm','UPyoLIV75wEQ87+yiIzmlg==','durgamedhaasdf@gmail.com',50,'2017-02-24 10:50:34','2017-02-24 10:53:58','2017-02-27 06:54:23',0,4,10,652,0,1,16,NULL,'2017-02-24 11:04:58',0,0,0),(205,'dkarra','durga','karra','$2a$10$kD6y66lC36E6PE.MPBYyl.jrXQT4NouX.nPkhSj6u2zdf7pA2fbKC','UPyoLIV75wEQ87+yiIzmlg==','durgamedhaxyz123@gmail.com',50,'2017-02-27 07:08:57','2017-02-27 07:19:20','2017-02-28 05:26:02',0,4,10,680,0,1,16,NULL,'2017-02-27 07:18:44',0,0,0),(206,'pbarapatre','Pariksheet','Barapatre','$2a$10$HR/gTC26TegwK1V6iOFcsOsNny3lnv8/fr4jkXeoH/EJfYqdUwjp2','1WbzSgpR0/62M+g+KPUlDw==','PBarapatreabc@datadivider.com',53,'2017-02-27 08:04:17','2017-02-27 08:14:05','2017-02-28 09:34:01',0,4,9,666,0,1,NULL,NULL,'2017-02-27 08:06:37',0,0,0),(207,'pbarapatre','Pariksheet','Barapatre','$2a$10$NoCeEzgzf.LrvFI8Rj8BhujbeHx.8S9Zg.kSUZJKfQTjc5NnmbjUa',NULL,'PBarapatrexyz@datadivider.com',59,'2017-02-28 09:36:54',NULL,NULL,0,4,13,1031,0,0,0,NULL,NULL,0,0,0),(208,'pbarapatre','Pariksheet','Barapatre','$2a$10$YbX6WlZT5ZqPGNSUWbHBduBuF6x29ylPlkq6rlqE.NeNyo9v6iIDy',NULL,'PBarapatreacvgf@datadivider.com',53,'2017-02-28 09:42:09','2017-02-28 10:00:25','2017-02-28 10:05:20',0,4,9,683,0,0,NULL,NULL,NULL,0,0,0),(209,'DurgaMedha','Durga','Karra','$2a$10$/jQjiF8axrNkh4L1Pr4vzeyg6uh48TanSLf4SH3CqP0rPgLg3qzXO','UPyoLIV75wEQ87+yiIzmlg==','durgamedhaabbf@gmail.com',53,'2017-03-01 09:37:40','2017-03-01 09:42:25',NULL,0,4,9,678,0,1,NULL,NULL,'2017-03-01 09:38:12',0,0,0),(210,'DurgaMedha','Durga','karra','$2a$10$F1TGEVWLWoG16OBj/9FOWukxtaQg5UEGEbhQkrqqtE0kAdA.u8wKG','UPyoLIV75wEQ87+yiIzmlg==','durgamedhafgh@gmail.com',53,'2017-03-01 09:44:52','2017-03-01 09:47:51',NULL,0,4,10,679,0,1,NULL,NULL,'2017-03-01 10:53:33',0,0,0),(211,'pbarapatre','PariksheetBarapatredatadivider','barapatre','$2a$10$fHmbXY19W6fZ72ijEFKsp.njM.1epgYkJIUvDTsE2x3oXZTL0V8x2','V68gZrhBNnUaQ+vX7FbVbw==','PBarapatresfsdfg@datadivider.com',53,'2017-03-02 06:39:37','2017-03-02 06:50:06','2017-03-03 12:24:37',0,3,10,711,1,1,NULL,NULL,'2017-03-02 06:46:36',0,0,0),(212,'dkarra','Durga1','karra','$2a$10$rgDWj99ePKG2t1zWd.Sca.qwuHHcFn7b0Rloxyp8hScnBCH6Y1Hc6',NULL,'durgamedha987@gmail.com',53,'2017-03-02 06:54:35','2017-03-02 06:55:21','2017-03-02 09:49:19',0,4,7,686,0,0,NULL,NULL,NULL,0,0,0),(213,'dkarra','Durga','karra','$2a$10$XPcZjlPRDZihKlY0JQvJieJyVeJu6nwIWuzmEPjJ3Gpo5pXGEpTiW','UPyoLIV75wEQ87+yiIzmlg==','durgamedhatest@gmail.com',53,'2017-03-02 10:16:09','2017-03-02 10:21:47','2017-03-02 10:49:53',0,4,10,690,0,1,NULL,NULL,'2017-03-02 10:16:58',0,0,0),(214,'dkarra1','durga1','karra1','$2a$10$o3/o.4UZ1d.tFzG/HirTQOJqJ1/TP3RbnIcW30KnEBpp7zJ3JxymW',NULL,'durgamedhanbc@gmail.com',53,'2017-03-02 11:00:29',NULL,NULL,0,11,7,699,1,1,NULL,NULL,NULL,0,0,0),(215,'TestSimpleaccount','TestSimpleaccount','TestSimpleaccount','$2a$10$mgrIBi7rlmNRczx9eqNcuuDPrtoejEgam/sKQikVuwInreKPmSsXS',NULL,'123sample@gmail.com',5,'2017-03-02 11:39:48',NULL,NULL,0,4,7,697,0,0,0,NULL,NULL,0,0,0),(216,'dkarra','durga','karra','$2a$10$Hl3jau1e/I3uyQDV.iizMeTKCyTdDe1LsTdMVUdQ/6JuZc5L69H.i','e8ainavZyn2s/4AzbtjTUA==','durgamedha1sdgsdf@gmail.com',5,'2017-03-02 11:42:19','2017-03-02 12:00:45',NULL,0,3,10,694,1,1,7,NULL,'2017-03-03 10:47:32',0,0,0),(217,'Rupesh','Rupesh','Bharuka','$2a$10$DKiV15zzuUFTCcYFUoWlhebDSXFnedj1nQqhOKveUQ2DuV2iSEb2.',NULL,'rupeshb@agsft.com',61,'2017-03-03 11:57:18','2017-03-03 12:01:47','2017-03-23 04:40:04',0,3,7,707,1,0,25,NULL,NULL,0,0,0),(218,'dkarra','durga','karra','$2a$10$THAgsmRyzAyx2HTzcXw2MOg.gLgpTfVq4pccNTu/TMs0PCqAVYkNa',NULL,'durgamedha12323@gmail.com',53,'2017-03-03 12:09:54','2017-03-03 12:27:44',NULL,0,4,13,1153,0,0,NULL,NULL,NULL,0,0,0),(219,'guacUser','guacUser','guacUser','$2a$10$7S0edOXx3kaKFpYsF2Oh2OYAeefL4haOHhF45mAhRtHLb/KA9iZg.','fyNcN+k8xoFl7hUv4Mj/iw==','waih999@gmail.com',5,'2017-03-03 12:11:30',NULL,NULL,0,2,9,709,1,1,4,NULL,'2017-03-03 12:22:49',0,0,0),(220,'dkarra','Durga','karra','$2a$10$2hYEve05Vi1WbM3SboCTQeP.1anq6Xo7V.ADCmqaxen.Rk4A.0zUe','UPyoLIV75wEQ87+yiIzmlg==','durgamedhafgj@gmail.com',53,'2017-03-03 12:40:21','2017-03-03 12:51:44','2017-03-03 12:51:56',0,4,13,714,0,1,NULL,NULL,'2017-03-03 12:50:40',1,0,0),(221,'Test1','Durga_QA','','$2a$10$FH3MT5MpBRIlKyG.PypHy.gN.cYQRL1s9Tu/c5ypxn..qqWrPGbRW',NULL,'testqa@agsft.com',5,'2017-03-03 13:01:58',NULL,NULL,0,1,7,833,1,0,7,NULL,NULL,0,0,0),(222,'test_QA','test_QA','','$2a$10$w4YbBUWDkvGWRzMUmek/ZuXMfQR0vbMPOFERtSVIIyyhilU/VUray',NULL,'test_QA@gmail.com',5,'2017-03-03 13:11:56',NULL,NULL,0,4,7,743,0,0,4,NULL,NULL,0,0,0),(223,'12','112','123123','$2a$10$fzkhogdXWJcoAS01eibG.OPp/2i/2PDOjexjXcQ1fvnUo5lkQSBwC',NULL,'23@gmail.com1',5,'2017-03-03 13:13:15',NULL,NULL,0,4,13,1499,0,0,4,NULL,NULL,0,0,0),(224,'Dkarra1','Durga','karra','$2a$10$TXfCcZ6.DoWWHe53/.QgleE6T/5Doiz.CNcMMzUlng6eb4C08CmO6',NULL,'test!123@gmail.com',50,'2017-03-06 06:22:32',NULL,NULL,0,2,7,720,1,0,0,NULL,NULL,0,0,0),(225,'Dkarra1','Durga','karra','$2a$10$8o8XFPCc5O0s6Pl9bk54iedUDD9PM/wmseb1EPQNiOfej9raJ.Tje',NULL,'test!1234@gmail.com',50,'2017-03-06 06:23:46',NULL,NULL,0,2,7,721,1,0,0,NULL,NULL,0,0,0),(226,'Dkarra1','Durga','karra','$2a$10$sHnJHOzYO90KicQ4deuyu...RHao/QmvzlaD2tau0H.gBq3pnPhx.',NULL,'123test!@gmail.com',50,'2017-03-06 06:24:14',NULL,NULL,0,2,7,722,1,0,0,NULL,NULL,0,0,0),(227,'Dkarra1','Durga','karra','$2a$10$LqHfkIgj/GCnDYbysWdv8O/opAyvdNVFCMuQMtUfYuym8KbtE05Fe',NULL,'123sdsdfgstest!@gmail.com',50,'2017-03-06 06:24:43',NULL,NULL,0,2,7,723,1,0,0,NULL,NULL,0,0,0),(228,'Dkarra1','Durga','karra','$2a$10$h7iSqgYez0vwYIukBaxXI.mNz1SZIAZ7KF02XrkJ4qWwCo.pasaqS',NULL,'!test!@gmail.com',50,'2017-03-06 06:25:28',NULL,NULL,0,2,7,724,1,0,0,NULL,NULL,0,0,0),(229,'Dkarra','DurgaMedha','karra1','$2a$10$0rRmm96wiqUNNDG/wmhMa.25bMzjZv23OOO.2oFo3I2ilTUQacCuy','UPyoLIV75wFt2a123tZwfQ==','durgamedhahgjgh@gmail.com',62,'2017-03-06 07:16:54','2017-03-06 08:29:18',NULL,0,4,7,870,0,1,26,NULL,'2017-03-06 09:09:20',0,0,0),(230,'dkarra','dkarra','','$2a$10$xx4rthCLhow2jQxNmBleUO.sTY3GbuXLfn9duGSmuyTTZFbWXVcwK',NULL,'dkarrasdfsdfg@agsft.com',62,'2017-03-06 07:38:40','2017-03-06 07:39:52','2017-03-10 06:39:24',0,4,7,891,0,0,26,NULL,NULL,0,0,0),(231,'dkarra','Durga','medha','$2a$10$9mkOGTpyhe4oraVRq0c1YuZoQALoHa1Fw2FRep.1ZkxbKbqk0l4PG','UPyoLIV75wEQ87+yiIzmlg==','durgamedhaabctest@gmail.com',62,'2017-03-06 09:19:10','2017-03-06 09:41:08','2017-03-07 06:10:54',0,4,10,895,0,1,26,NULL,'2017-03-16 08:40:27',0,0,0),(232,'pbarapatre','Pariksheet','Barapatre','$2a$10$WwNo6GZn.uobm2JzyoFnQOHWYrxeF2TyYdD8wePEfQ8eQVz9iIm.e','V68gZrhBNnUaQ+vX7FbVbw==','PBarapatre@datadivider.com',53,'2017-03-06 09:20:46','2017-03-06 09:32:54','2017-03-24 07:31:24',0,3,10,741,1,1,NULL,NULL,'2017-03-06 09:21:09',1,0,0),(233,'QA_Testuser','QA_Test','','$2a$10$bWcHi1Lz6xenVFmd2kdfDekiHlAF0fiWVaiBaAqPd3i.K0FZX050C',NULL,'test2123!@gmail.com',62,'2017-03-06 11:40:57',NULL,NULL,0,4,6,909,0,0,0,NULL,NULL,0,0,0),(234,'AGSFT_QA1','AGSFT_QA1','','$2a$10$evhb6XRniNozFTnbhZZjheJ9K7DqgnANxWs9m7pTowTh6N8XD7A9G',NULL,'email@domain.com',62,'2017-03-06 11:44:18',NULL,NULL,0,4,7,864,0,0,0,NULL,NULL,0,0,0),(235,'Agsft_QA2','Agsft_QA2','Agsft_QA2','$2a$10$CPQ9itPscYQ02JKQu7deXOXP8omj..YLRwdTYApjUikrW/OTRSATu',NULL,'asdfadsf@xn--l8jegik.com',62,'2017-03-06 11:45:38',NULL,NULL,0,4,7,865,0,0,0,NULL,NULL,0,0,0),(236,'agsft-002','agsft-002','','$2a$10$BUwGfaCgWupKedEPqMoxq.ik36QfocwR4agXGEWZNtpdKjEo.0W7.',NULL,'email@domain.comJoeSmith',62,'2017-03-06 11:47:15',NULL,NULL,0,4,7,863,0,0,0,NULL,NULL,0,0,0),(237,'Test123','agsft34','','$2a$10$d9CPioUywFYbXRNs.fCbe.LMLSy7athydL4RJMxU8O.jnDQcO7y9a',NULL,'email@domain',62,'2017-03-06 11:48:19',NULL,NULL,0,4,7,880,0,0,0,NULL,NULL,0,0,0),(238,'agsftqa001','agsftqa001','','$2a$10$bJk7rOTO9PZCwO21h8K5gupJe2mi8pkJTUP7NwZXCC9qrJCyBfYuO',NULL,'agsft12345@gmail.com',62,'2017-03-06 11:50:00',NULL,NULL,0,4,7,866,0,0,0,NULL,NULL,0,0,0),(239,'agsftqa002','agsftqa002','','$2a$10$L6eS3i8JNUVBEBeHOBLsvehJMpWp0g9fByyzqr/yLaMobrO3v.BkW',NULL,'email@domain.web',62,'2017-03-06 11:50:27',NULL,NULL,0,4,7,873,0,0,0,NULL,NULL,0,0,0),(240,'agsftqa004','agsftqa004','','$2a$10$a9nIoQrjvOm1KqhLZG891uPOFeoxXSo9Mf2p1flPylmMlflYfQ8I2',NULL,'email@111.222.333.44444',62,'2017-03-06 11:50:46',NULL,NULL,0,4,7,867,0,0,0,NULL,NULL,0,0,0),(241,'asdasdf','sdfsdaf','','$2a$10$3tY3zEWl5vwOkZDpIZ7DUOzdP2Bqz1pKB6xuCurjI4CXHXHn575F6',NULL,'qa!@domain.com',62,'2017-03-06 11:59:41',NULL,NULL,0,4,7,868,0,0,0,NULL,NULL,0,0,0),(242,'Dkarra','Durga','Karra','$2a$10$MQzzRRNGkmjXL8BvJjpdaui9CUPxO7byCqEr/PwuN0EjhWGJQOnvq','DZ8otx06CxSmtw3dZ2VEQfNe9cyILh6s','durgamedhaxcvb@gmail.com',62,'2017-03-07 06:34:37','2017-03-07 06:45:40','2017-03-07 06:53:18',0,4,7,896,0,1,26,NULL,'2017-03-07 06:39:36',0,0,0),(243,'Dkarra','durga','karra','$2a$10$SVlRPIpb0qVQ5tmGkd4lbOOy/x7bgJ5158vKNSd7iMxVJZaJbCGdS','fyNcN+k8xoFl7hUv4Mj/iw==','durgamedhaghk@gmail.com',62,'2017-03-07 08:41:24','2017-03-07 08:42:43','2017-03-09 10:40:14',0,4,10,897,0,1,26,NULL,'2017-03-07 18:49:49',1,0,0),(244,'Adfasdf','testdfasdf','Asdfasd','$2a$10$YYLDVGVPtLyPWG9naTZc3ehcriWEXn8eRpI3P2myQ/1w.b8dCVFtG',NULL,'durga@xn--l8jegik.com',62,'2017-03-07 09:38:06',NULL,NULL,0,4,7,862,0,0,0,NULL,NULL,0,0,0),(245,'asdf','asdf','asdf','$2a$10$ytqZPug64TzDoMfi1YgsiO2JO11ftKV73Pu8ZOoq4Hhkb06tVX8Me',NULL,'firstname.lastname@domain.com',62,'2017-03-07 10:12:40',NULL,NULL,0,4,7,875,0,0,0,NULL,NULL,0,0,0),(246,'asdfa','asdfads','fasdfasdf','$2a$10$qsnj3x0cYe.3PtVB9efhc.vY0tCZ1ebq4id3u0g0pcI7N75cYOAmq',NULL,'asdf@agsft.com',62,'2017-03-08 12:28:07',NULL,NULL,0,4,7,869,0,0,26,NULL,NULL,0,0,0),(247,'asdfsdf','test123','adsf','$2a$10$kmKPkGVIeJmZeq9PwVKdGOEsLYgJ3kfnOqlvMPSbmyIE4ZUnalR4S',NULL,'asd@gmail.com',62,'2017-03-09 05:49:30',NULL,NULL,0,4,7,894,0,0,0,NULL,NULL,0,0,0),(248,'asdfasdf','dasefds','Asdfa','$2a$10$dDMyePAnmkz0VmWkReAn.OJzq/BE0e3h4CuJf81CaPNJGbVNKDHRu',NULL,'dropdowntest@gmail.com',62,'2017-03-09 10:15:24',NULL,NULL,0,4,7,876,0,0,0,NULL,NULL,0,0,0),(249,'asdfsaf','asdfasd','Asdfaasdf','$2a$10$uVJcv2Nkj5Bj8n0/ZRi5OubfvuQDK5dZ7oDPijY2gZbFrmZ3lJb9e',NULL,'asdfa@gmail.com',62,'2017-03-09 10:23:44',NULL,NULL,0,4,7,892,0,0,0,NULL,NULL,0,0,0),(250,'test1','Test1','','$2a$10$fKkY/ppooSbGdWmdvleJpO3h1qKuMq9VjRUP8CKVp5W4vcMH4PhjW',NULL,'test1@gmail.com',62,'2017-03-09 10:36:53',NULL,NULL,0,4,7,877,0,0,0,NULL,NULL,0,0,0),(251,'test2','Test2','','$2a$10$fmkyiEeaj8vI9frLbVX9.OcipqwoCMzcNt96pTyL5/ICuiCu0IMPa',NULL,'Test2@gmail.com',62,'2017-03-09 10:40:57',NULL,NULL,0,4,7,881,0,0,0,NULL,NULL,0,0,0),(252,'test3','test3','test3','$2a$10$EBa7wfnVT/mJD6T8yR1vjOZzU8zrEpDvXgMIihu0h0n9apQ4eGYeO',NULL,'test3@agsft.com',62,'2017-03-09 10:41:38',NULL,NULL,0,4,7,882,0,0,0,NULL,NULL,0,0,0),(253,'test4','test4','','$2a$10$qBPWAU2bx32XFpYU4olElO3NwWPV59reQkXCbMOKPIlktz8upk25i',NULL,'test4@agsft.com',62,'2017-03-09 10:41:57',NULL,NULL,0,4,7,883,0,0,0,NULL,NULL,0,0,0),(254,'Test5','Test4','','$2a$10$TArY2QQui/NpEO8xi4tiCeaNlDF9sA6ocJ6S40s/n2EapoOkZRnpu',NULL,'Test5@agsft.com',62,'2017-03-09 10:42:24',NULL,NULL,0,4,7,884,0,0,0,NULL,NULL,0,0,0),(255,'Test6','Test6','','$2a$10$c7SSUMlUYUB.yC0uNrASKOoGvoAv7rBbkNCVaOYJ75Pf14ndBFuH.',NULL,'Test6@agsft.com',62,'2017-03-09 10:42:40',NULL,NULL,0,4,7,911,0,0,0,NULL,NULL,0,0,0),(256,'Test7','Test7','','$2a$10$kQJzEZnHleiPo3YZseMjmew7JZz59rk/fzIukjXmXNtoS.nqMx5Uu',NULL,'Test7@AGSFT.COM',62,'2017-03-09 10:42:59',NULL,NULL,0,4,7,885,0,0,0,NULL,NULL,0,0,0),(257,'Test8','Test8','','$2a$10$2OQgWiXFou36MuKnCl7W6.fBKsVc3sb55pblZjheT9o8p/uNocdTe',NULL,'Test8@AGSFT.COM',62,'2017-03-09 10:43:15',NULL,NULL,0,4,7,912,0,0,0,NULL,NULL,0,0,0),(258,'Test9','Test9','','$2a$10$v8FP9wDeYx9chmhaej1DUujmRk9kFyd79L5Irf3vZGd9nsp1or4SS',NULL,'Test9@AGSFT.COM',62,'2017-03-09 10:43:35',NULL,NULL,0,4,7,913,0,0,0,NULL,NULL,0,0,0),(259,'Test10','Test10','','$2a$10$t9OcqCiSzVk15Ef0cfxgn.NV67SW./8P7HfpJb/D6lKKn2MtyRXbC',NULL,'Test10@AGSFT.COM',62,'2017-03-09 10:43:53',NULL,NULL,0,4,7,878,0,0,0,NULL,NULL,0,0,0),(260,'Test11','Test11','','$2a$10$7pwht7c3x6IvIfmKulvcTeNzXOn0HO.wpHcabi7e/0PRAgp1VQ9EO',NULL,'Test11@GMAIL.COM',62,'2017-03-09 10:44:33',NULL,NULL,0,4,7,879,0,0,0,NULL,NULL,0,0,0),(261,'DurgaMedha','durga','karra','$2a$10$ijrNbvQqveOgysG.kVstkO6mFVxd9OIO0gY5j71mg/YXpK5Fdx3pO',NULL,'durgamedhartu@gmail.com',62,'2017-03-09 10:52:12',NULL,NULL,0,4,7,902,0,1,0,NULL,NULL,0,0,0),(262,'DurgaMedha','durga','karra','$2a$10$ktivBSsbx3oxfhA0nq.k5u.XBTsmvgkm83BJIN11RXFXDg.HOakEK','UPyoLIV75wEQ87+yiIzmlg==','durgamedhasdf45@gmail.com',62,'2017-03-09 10:54:15',NULL,NULL,0,4,9,903,0,1,26,NULL,'2017-03-09 10:54:48',0,0,0),(263,'DurgaMedha','durga','karra','$2a$10$4EWxXDknJ7sJkHm0VBzWh.NO.TFrDj45Aopn9x//W.EYmtWKb6fbO',NULL,'durgamedha34534345@gmail.com',62,'2017-03-09 11:02:56',NULL,NULL,0,4,7,904,0,1,0,NULL,NULL,0,0,0),(264,'adssdf','asdf','Asdfaa','$2a$10$raLLc1a1G8do3xzNHfrqe.98u2ggvYvgnwv/xRp9JqEMUnYKJC.3u',NULL,'asdf23@agsft.com',62,'2017-03-09 11:03:32',NULL,NULL,0,4,7,861,0,0,0,NULL,NULL,0,0,0),(265,'DurgaMedha','durga','karra','$2a$10$4Vhm64wODIdWCDiXVRU.OeVqyN2Jg7LyscCb5Wxg3nCRUn4x4WCxW',NULL,'durgamedhawersdf@gmail.com',62,'2017-03-09 11:06:32',NULL,NULL,0,4,7,905,0,0,0,NULL,NULL,0,0,0),(266,'DurgaMedha1','durga','karra','$2a$10$96wzgh8J74DgtD0FkGFJbejF9tE0AoXPZBpLZnQTX9AimzXRLInPK','UPyoLIV75wEO805s2GwNkHndL1ohJHc8TFlsBl8WQtvJq2xLqJSNaE8ZIhg4impV9krgj1c+k1A=','durgamedhartyesdf@gmail.com',62,'2017-03-09 11:08:53','2017-03-09 11:12:04','2017-03-10 06:13:13',0,4,10,872,0,1,0,NULL,'2017-03-09 11:16:07',1,0,0),(267,'Dkarra','Durga','karra','$2a$10$jZXX.Jl4RbyevUPDsxOyh.foM96Wi5qn1vDDnKaUt4qLl884wtT3C','UPyoLIV75wHjr+xxQmaUCAQAlNJP0FN84VHoi6aAUCA=','durgamedhaafcvn@gmail.com',62,'2017-03-10 06:41:36','2017-03-10 06:45:34','2017-03-10 08:55:43',0,4,10,898,0,1,26,NULL,'2017-03-10 06:51:34',1,0,0),(268,'Karra','Durga','Karra','$2a$10$1l0GJngVpS.BwHASBFgFvewSMxj7LgFq88CX4KMU/A1Y.GOIy/Dl6','UPyoLIV75wEQ87+yiIzmlg==','d123@agsft.com',62,'2017-03-10 06:55:21','2017-03-10 06:57:04','2017-03-30 07:34:51',0,4,13,890,0,1,26,NULL,'2017-03-10 06:55:51',1,0,0),(269,'dkarra','durga','karra','$2a$10$Fvyyz9ju/c0csyZye7dikeaJJ2YXGvJETQN0L71wrgA5nDIeKjkui','UPyoLIV75wEQ87+yiIzmlg==','durgamedhagdjretwer@gmail.com',62,'2017-03-10 09:36:03','2017-03-10 10:11:53','2017-03-10 10:12:28',0,4,9,899,0,1,26,NULL,'2017-03-10 10:10:26',1,0,0),(270,'asdfasdf','asdfasdf','','$2a$10$0pV8poAx7EwFNurXOR1SkO94dHq.eLSA0mOIUZ58fXMqqAVJc1/Ei',NULL,'emailasdasd@domain',62,'2017-03-10 09:46:55',NULL,NULL,0,4,7,893,0,0,0,NULL,NULL,0,0,0),(271,'KDURGA','Durga Karra','KD','$2a$10$zwG26rsbDpjLf72J/x5MI.DfcSh/3b.39Cj5uJG2ruuPdXHb9VmQq',NULL,'durgamedha@gmail',62,'2017-03-14 05:50:01',NULL,NULL,0,4,7,859,0,1,26,NULL,NULL,0,0,0),(272,'ApproveTest','Approve','User','$2a$10$bcWutNgEvgfSDJpindhAMeTLb6eqD4iFVPHsEWSBBueByNDz/ic2W','fyNcN+k8xoFl7hUv4Mj/iw==','waikarnilesxxxh999@gmail.com',62,'2017-03-15 11:16:08',NULL,NULL,0,4,9,874,0,1,26,NULL,'2017-03-15 11:17:32',0,0,0),(273,'DKARRA','Durga ','Karra','$2a$10$23p7XZM7e4MWSHV6woIVnedrcIbmj8HKyB7uCQ7iD1NL263Y2bQhS','UPyoLIV75wEQ87+yiIzmlg==','durgamedhaasdasd@gmail.com',62,'2017-03-16 08:53:51','2017-03-16 08:55:35',NULL,0,4,9,900,0,1,26,NULL,'2017-03-16 08:55:02',0,0,0),(274,'DKARRA','durga','karra','$2a$10$MpiKNz6psNjqIqL0Y5HYweXQhbnQ3rpT5xelbEWw6dWCVsHrs/qXW','UPyoLIV75wEQ87+yiIzmlg==','durgamedhasdfdxcvxcv@gmail.com',62,'2017-03-16 08:59:00','2017-03-16 09:37:19',NULL,0,4,9,901,0,1,26,NULL,'2017-03-16 09:00:48',0,0,0),(275,'Karra','Durga','karra','$2a$10$pgTVfLw/1UPl.ZTtMaOfnubMMwZ5QfwT3GhBmrn0KJBXj1ZQmqblq',NULL,'durgamedhatretyetr@gmail.com',62,'2017-03-16 09:02:58',NULL,NULL,0,4,7,906,0,1,26,NULL,NULL,0,0,0),(276,'karra','Durga','karra','$2a$10$fcCK67Aq1FUmh0i1cFWDqOMdCNCWMlusw7HhP0hpaRhn8G9COuVn2',NULL,'durgamedhatestqa@gmail.com',62,'2017-03-16 09:18:28',NULL,NULL,0,4,7,907,0,1,26,NULL,NULL,0,0,0),(277,'Dkarra','Durga','karra','$2a$10$I6XRk.FL.ODs1okncUUTmekV3JXDIfqSFORwui5pP8TKEp0guJH5K',NULL,'234234durgamedha@gmail.com',62,'2017-03-16 09:26:35',NULL,NULL,0,4,7,860,0,1,26,NULL,NULL,0,0,0),(278,'QA_Durga','QA','karra','$2a$10$oE/GgXEaCC3x.jRwS..83.x0xTYyoxBvoJOkUXf8RHhgNDtcYZx96','UPyoLIV75wEQ87+yiIzmlg==','QA@gmail',62,'2017-03-16 09:28:29',NULL,NULL,0,4,9,908,0,1,26,NULL,'2017-03-16 09:35:27',0,0,0),(279,'karra','durga','karra','$2a$10$yP.lkQeq2B0gytw4Z9LshOKGivyCnDCicGzjOyNmNxHS9XYz8R0pi',NULL,'XYZdurgamedha@gmail.com',62,'2017-03-16 11:05:36',NULL,NULL,0,4,7,916,0,1,26,NULL,NULL,0,0,0),(280,'SU','Simple ','User','$2a$10$6pzDIRBawkb7qbQ2526bQ.gkmSN5H4XUnRfH8y04cYvXYGK1OO5wa',NULL,'su1234@gmail.com',62,'2017-03-17 05:41:20',NULL,NULL,0,4,7,910,0,0,27,NULL,NULL,0,0,0),(281,'SU','SU_ApproveUser','','$2a$10$jqi5ZEtHdoEyu.auH0tbS.D3NsbWF6NvzML4DyV7COOcDLZlcjire',NULL,'Approveuser123@gmail.com',62,'2017-03-17 05:47:22',NULL,NULL,0,4,7,914,0,0,26,NULL,NULL,0,0,0),(282,'ParentOU','QA_Parent OU ','','$2a$10$fUcBPQVIDAdcZveysnWSa.EPffNGbAPfGH41kWqzADWzgqENWcVl2',NULL,'test1@agsft.com',69,'2017-03-17 10:10:22',NULL,NULL,0,2,7,915,1,0,0,NULL,NULL,0,0,0),(283,'Dkarra','Durga','karra','$2a$10$u386Hkoh9dZmLAM/iZMt/u/vgaZVMgdIXWlE4uHFqt3Deyva3ipp.',NULL,'CYZ@gmail.com',62,'2017-03-17 10:26:22',NULL,NULL,0,4,7,926,0,1,0,NULL,NULL,0,0,0),(284,'DKARRA','Durga','karra','$2a$10$q3Bja217ujJhjeuot9hCTOH6hl.KFSupoKgjXCJa63ExAlyoVrrTK','UPyoLIV75wEQ87+yiIzmlg==','abxy@gmail.com',69,'2017-03-17 10:30:21','2017-03-17 10:33:48',NULL,0,3,10,919,1,1,28,NULL,'2017-03-17 10:37:38',0,0,0),(285,'SimpleUser_OU','SimpleUser_OU','','$2a$10$x3fZRNsjs0qWSUddCFlhIumVKZgVAx87zf4uX6SiChI20/2lVsoRK',NULL,'SU01@gmail.com',69,'2017-03-17 10:52:40',NULL,NULL,0,2,7,920,1,0,0,NULL,NULL,0,0,0),(286,'SU_01','SU','','$2a$10$INQ8rdcDfTw7zrECPsuhmuIMJqqYjEgnCVQjOngnmNzTgVb2QgA1G',NULL,'su_01@gmail.com',62,'2017-03-17 10:53:56',NULL,NULL,0,4,7,923,0,0,0,NULL,NULL,0,0,0),(287,'SU02','SU02','','$2a$10$VZr/4HS9ZrCfUFcqJHHZs.c/w6WrWep67nbjwVV7u4lummzmYc8i6',NULL,'SU02@gmail.com',62,'2017-03-17 10:55:51',NULL,NULL,0,4,7,925,0,0,0,NULL,NULL,0,0,0),(288,'karra','Durga','karra','$2a$10$Tnhu/3bTAjRTfj5ba6jvse0zeXDrGeveQmEwHAjwPShSYmWl9JvIm','fyNcN+k8xoFl7hUv4Mj/iw==','123456@gmail.com',62,'2017-03-17 11:57:17',NULL,NULL,0,2,9,927,0,1,0,NULL,'2017-03-20 11:41:02',0,0,0),(289,'DKARRA1','durga','karra','$2a$10$A2bO3OdgQ4eKb7esOqYn8.W9TmvZYvd9fI6fnWDzzwDLCahvaVTpW','UPyoLIV75wEQ87+yiIzmlg==','karra1@gmail.com',69,'2017-03-17 12:05:22',NULL,NULL,0,3,10,930,1,1,0,NULL,'2017-03-17 12:08:07',1,0,0),(290,'Sanchit','Sanchit','Khandelwal','$2a$10$XvxbeUJpvbISo93gJpSN2.2iQeIrYgFyW6Lg1sgsGWkaTiT1EtAj.',NULL,'sanchitk2222@gmail.com',70,'2017-03-18 09:35:22',NULL,NULL,0,11,7,931,1,1,0,NULL,NULL,0,0,0),(291,'Amit','Amit','Bharuka','$2a$10$R1d1iruAu0FzHgMwEnIfIuBe.ei1kbJkIoZXJnUjsdzkimRr2K/Ou',NULL,'pccoe.stud@gmail.com',61,'2017-03-18 10:09:17',NULL,NULL,0,1,9,934,1,0,25,NULL,NULL,0,0,0),(292,'Karra','Durga','','$2a$10$v0L3tl5xRihxJvB6fCzjWuos4TRk25gdjtoGZ3EkqRZyfMWziiexq','UPyoLIV75wEQ87+yiIzmlg==','xyz123@gmail.com',62,'2017-03-20 11:53:07','2017-03-20 11:54:24','2017-03-20 11:54:39',0,4,10,986,0,1,26,NULL,'2017-03-20 11:53:44',1,0,0),(293,'DKARRA','durga','KARRA','$2a$10$tEy1xs9Hhv0RFlhawr6WZuG7LgTVGiQ/TQrfw9vKUIFjSX/42b1jW','UPyoLIV75wEO805s2GwNkEVkRYFizHE/0IANUZAcwyo=','12323@gmail.com',62,'2017-03-20 11:58:43','2017-03-20 12:04:08','2017-03-22 10:23:03',0,4,10,1002,0,1,0,NULL,'2017-03-20 12:02:55',1,0,0),(294,'durga','durga','karra','$2a$10$/Bh7FO8l8tS2sHhxU2cK/unyj3sSk1B.YZuLgcziCGQAuzmjP3De.','UPyoLIV75wEQ87+yiIzmlg==','234234234@gmail.com',62,'2017-03-22 10:34:22',NULL,'2017-03-22 11:05:18',0,4,13,990,0,1,26,NULL,'2017-03-22 11:01:32',0,0,0),(295,'test','test','','$2a$10$P817/qV4y0uxg4B3kUlevuSC/xYjlp06lLwDfyEzM6B7uo5UaUqRq',NULL,'test123@gmail.com',62,'2017-03-22 10:48:50',NULL,NULL,0,4,7,1001,0,0,26,NULL,NULL,0,0,0),(296,'test','test','','$2a$10$pQ0YPpzN57PaBVaLpcUq2e6Z7aK7AyYzgNZOqoqirVo2r87bytrh6',NULL,'test234@gmail.com',62,'2017-03-22 10:49:31',NULL,NULL,0,4,7,1000,0,0,0,NULL,NULL,0,0,0),(297,'test','trest','','$2a$10$/D4RcmNAmkT8QKyyBHbJUu3Bi3GdqLEaq38v2botQJrYbfse6/vxG',NULL,'234234234@test.com',62,'2017-03-22 11:55:48',NULL,NULL,0,4,7,999,0,0,0,NULL,NULL,0,0,0),(298,'pramod123@gmail.com','pramod','kitekar','$2a$10$rB3Xg885JCR7j6RKqtHLXuESNYu7RKUgVOdUhQSA/C9S2kmLzcbtm','Wez5UIKQ7OTMkaDJhMaIeA==','pkitekar@agsft',23,'2017-03-23 09:01:39',NULL,NULL,0,2,9,995,1,1,0,NULL,'2017-03-23 09:40:52',0,0,0),(299,'pk@gmail.com','pramod','k','$2a$10$jSNg.eAami1AyqN9OFMBcOMdIjQis6AcAa3PqNCpA1AHCeWk8kMmC',NULL,'pramodkitekar@gmail.com',72,'2017-03-23 09:29:18',NULL,NULL,0,11,7,996,1,1,0,NULL,NULL,0,0,0),(300,'pramod','pramod','kitekar','$2a$10$jJvEWWWM5Hlmor0y9C4SpOPAricM3N4hRNLw26HDM3ek.Mrd58nQW',NULL,'pkitekar@agsft.com',62,'2017-03-23 09:50:55','2017-03-23 09:55:20','2017-04-21 07:54:40',0,3,10,1218,1,0,27,NULL,NULL,0,0,0),(301,'akasture@agsft.com','ankita','kasture','$2a$10$7egEPVRHQ3bVFce8TknEI.PsTNGbWDfpTyBA/K5s3qhmT6bV2tebK',NULL,'akasture@agsft.com',62,'2017-03-23 10:15:07','2017-03-23 10:16:36','2017-05-30 10:23:33',0,3,7,1222,1,0,0,NULL,NULL,0,0,0),(302,'Akash','akash','giri','$2a$10$QncquBbvlX63yVrfwsAKIeGH.1uvUC5bgn1CnmnPlvGMbuKJ7ES7K',NULL,'akash@gmail.com',62,'2017-03-23 10:58:48',NULL,NULL,0,4,13,1027,0,0,27,NULL,NULL,0,0,0),(303,'Ajit12','ajit','khandve','$2a$10$zwvUyuLGBs7KLvhHOvU.aeyh20AwMuIB9wBAMfKvtaeyh/fDBXj9e',NULL,'Ajit123@gmail.com',62,'2017-03-23 12:24:11',NULL,NULL,0,4,13,1189,0,0,27,NULL,NULL,0,0,0),(304,'kishor12','kishor','pawar','$2a$10$AeCBdLXDQCgM.K3L/woch.7xDq5UMBlcylXG1pjp.cj47I8q6rvpq',NULL,'kishor@gmail.com',62,'2017-03-23 12:25:55',NULL,NULL,0,4,13,1169,0,0,27,NULL,NULL,0,0,0),(305,'amolk','amol','k','$2a$10$gaKVZfsewVnNQD9CyoAYhun9DKEsI.BRqZeRh7aNE7RVxQIs2PcIa',NULL,'amolk@yahoo.com',62,'2017-03-23 12:26:54',NULL,NULL,0,4,13,1192,0,0,27,NULL,NULL,0,0,0),(306,'ravi123@gmail.com','ravi','kanale','$2a$10$7BMnkl11KZmHkRocsuAfZe2bA.z3y6WttApUjmJr.sS1yupqSE1J6',NULL,'ravi123@gmail.com',62,'2017-03-23 12:32:08',NULL,NULL,0,4,13,1052,0,0,27,NULL,NULL,0,0,0),(307,'yogeshwagh','yogesh','ghodke','$2a$10$K.XIIgTX8DczjtkL92l6i.9Jhtgp2wz6jIKjGq3Mwve11Yv4Io43.',NULL,'zxcv@yopmail.com',62,'2017-03-23 12:35:07',NULL,NULL,0,2,7,1015,1,0,27,NULL,NULL,0,0,0),(308,'test','test','test','$2a$10$IninCcvcval3w.hwihW.2uC1DV8l9ciqN/SnWRZ.lQEgPNUiohv.C',NULL,'test345@gmail.com',62,'2017-03-23 13:21:19',NULL,NULL,0,2,7,1016,1,0,0,NULL,NULL,0,0,0),(309,'abc','123','234','$2a$10$8GKmnJcsxT9YTxx7qKtOwu20B/QM00L223m05wZKgWaArScV5g/WS',NULL,'abc123@gmail.com',59,'2017-03-24 06:08:56',NULL,NULL,0,4,13,1018,0,0,0,NULL,NULL,0,0,0),(310,'vinay','vinay','kolhe','$2a$10$5hSRRy8C4rh0hKHhshlxg.j2cud8JHKwM7qNXLWwywrnUdlwpzVmq',NULL,'vinay@yopmail.com',62,'2017-03-24 06:17:22','2017-03-24 06:26:55','2017-03-24 06:47:24',0,3,7,1025,1,0,27,NULL,NULL,0,0,0),(311,'DKARRA','Durga','karra','$2a$10$GwFkGpEdse4sHZgyXAzjP.8T3hnv8l8XFa8z58rr9Vzc8lIYw6TEm','UPyoLIV75wEQ87+yiIzmlg==','35wersdf@gmail.com',59,'2017-03-24 06:18:15',NULL,NULL,0,4,13,1026,0,1,0,NULL,'2017-03-24 06:31:00',0,0,0),(312,'chetanD','chetan','dhumal','$2a$10$fvLIvM0twEfwqA7untHA5OxFnDtX27eJAScCyUb8RS9mRn/an4ziW',NULL,'chetan@yopmail.com',62,'2017-03-24 06:20:14',NULL,NULL,0,4,13,1190,0,0,27,NULL,NULL,0,0,0),(313,'DurgaKarra','durga','karra','$2a$10$cVLYlsvznKxLmzG.jl3MA.bj7TZGzelZRfjGmqZ4MMhaEIrHvqtCO',NULL,'6867@gmail.com',59,'2017-03-24 06:50:53',NULL,NULL,0,1,7,1028,1,1,0,NULL,NULL,0,0,0),(314,'shailesh','shailesh','jadhav','$2a$10$/FUyBgGF.jv1zjThlhQnY.fLBPfPtVaxYi5SBfEWM6d4..CZ383Cq',NULL,'shailesh@yopmail.com',62,'2017-03-24 06:55:08',NULL,NULL,0,4,13,1053,0,0,27,NULL,NULL,0,0,0),(315,'sampada','sampada','kitekar','$2a$10$A4XleRhLEx06jVt8mgIVXe7FLCfqLDNXDU/fStEu/.jHxXMlI3EwK',NULL,'sampada@yopmail.com',62,'2017-03-24 08:56:47','2017-03-24 11:03:45','2017-03-24 11:04:01',0,3,7,1047,1,0,27,NULL,NULL,0,0,0),(316,'shweta','shweta','vaidya','$2a$10$26eEHBd1m4HTptDVe.oX6eN9WOktwTFCAuoj4rybId.W4A.LxTBpW',NULL,'shweta@yopmail.com',62,'2017-03-24 09:03:15',NULL,NULL,0,4,13,1054,0,0,27,NULL,NULL,0,0,0),(317,'girish.','girish','kore','$2a$10$faUz3ivElXdfF5SRHFch7u9d7XkzuMW300T8Tjbdm1510Ct.A.e6S',NULL,'girish@yopmail.com',62,'2017-03-24 09:07:34',NULL,NULL,0,3,7,1195,1,0,27,NULL,NULL,0,0,0),(318,'DurgaKarra','durga','karra','$2a$10$9dxbO75/Fh9KXVV8L8WODu7RASBl3YfRlWH2LeRj6HSUegGUEN7i2','UPyoLIV75wEQ87+yiIzmlg==','asdf123@gmail.com',59,'2017-03-24 09:57:36',NULL,NULL,0,4,13,1038,0,1,0,NULL,'2017-03-24 10:14:43',0,0,0),(319,'Dkarra','durga','karra','$2a$10$vOU30FAPbg1lxoC2TAGo0OWJDjdYVwwzve0Q6AWvPdBxusSWV5jBK','UPyoLIV75wG5oYnJSU/SIGuRzRHwpvNK52dfBlO7RcM=','@!#@gmail.com',59,'2017-03-24 10:30:06','2017-03-24 10:35:27',NULL,0,4,13,1040,0,1,0,NULL,'2017-03-24 10:30:49',1,0,0),(320,'Dkarra','durga','karra','$2a$10$ijk8ThyVDI3FP4IX9HLsPezTljjZvojPywR0LUAuorxUI1NTb5Yja','UPyoLIV75wFgYE89HbXzpwEdPyNDt6AulU34+OjmVMY=','23423434@gmail.com',53,'2017-03-24 10:44:54','2017-03-24 10:46:06','2017-03-24 10:46:16',0,4,13,1042,0,1,NULL,NULL,'2017-03-24 10:45:20',1,0,0),(321,'vaibhav','vaibhav','birajdar','$2a$10$OWK6XtZnaS5EuTGHbDAIcekZwso.MqbPmtVZ6WfP7U6fmJhrnu/OW',NULL,'vaibhav@yopmail.com',62,'2017-03-24 10:49:21',NULL,'2017-03-27 07:07:43',0,3,10,1194,1,0,27,NULL,NULL,0,0,0),(322,'Dkarra','Durga','karra','$2a$10$17zMO.Sx7rGZ6BXt.1O3ZOKTYlBirauCjCu7.Ru32C9yDQiqmNqBG','UPyoLIV75wEQ87+yiIzmlg==','XYZasdf@gmail.com',59,'2017-03-24 11:01:57','2017-03-24 11:03:22','2017-03-24 11:03:36',0,4,13,1045,0,1,0,NULL,'2017-03-24 11:02:23',1,0,0),(323,'Dkarra','durga','karra','$2a$10$5mrZaJhYf5W4wT0s9ofREeHkF..xU48TMonqqOxhORgXds92jsPEO','UPyoLIV75wEQ87+yiIzmlg==','sfdsf@gmail.com',53,'2017-03-24 11:09:16','2017-03-24 11:10:06',NULL,0,4,13,1051,0,1,NULL,NULL,'2017-03-24 11:13:28',0,0,0),(324,'avinash','Avinash','p','$2a$10$b2Dri2lWQDBWX.jSmGluNuFWRFSgKNuwL6WEQ7OmBTcQh1ypMndp2',NULL,'avinash@yopmail.com',74,'2017-03-24 11:29:33','2017-03-24 11:32:53','2017-03-27 07:26:37',0,3,7,1060,1,0,0,NULL,NULL,0,0,0),(325,'anurag','Anurag','k','$2a$10$hQmWPFq4NhJSV21rE4OoFexDYp5wFDF6SXGoIb4dR/gZ5UdBr8.9.',NULL,'anurag@yopmail.com',74,'2017-03-27 06:25:09',NULL,'2017-03-27 07:15:58',0,3,7,1062,1,0,0,NULL,NULL,0,0,0),(326,'nilesh','nilesh','k','$2a$10$.6A0SvIzxwVe0HEgtfigKOEviO208d/hrVyaXX2J71rtHYzQzkZPG',NULL,'nilesh@yopmail.com',74,'2017-03-27 06:29:43','2017-03-27 06:30:40','2017-03-27 07:12:33',0,3,7,1064,1,0,0,NULL,NULL,0,0,0),(327,'pooja','pooja','k','$2a$10$VcAL/2LO/4euXz8WxOp/EeLdeAr7KeLKbulkC58loWELF.Yt9JZRO','N0+SGWR0ZLewpqTWOdWsWA==','pooja@yopmail.com',74,'2017-03-27 06:41:20','2017-03-27 06:49:26','2017-03-27 11:34:36',0,3,10,1066,1,1,37,NULL,'2017-03-27 08:37:39',0,0,0),(328,'Gautam_Tyagi','Gautam','tyagi','$2a$10$GGDnJKPL1StmjMc78AigrOejeVfctBS4Nifc2lomv2MXuJRPBzijS',NULL,'Gautam@yopmail.com',75,'2017-03-27 09:50:56',NULL,NULL,0,4,13,1155,0,0,0,NULL,NULL,0,0,0),(329,'Ashutosh_pandey','ahutosh','pandey','$2a$10$dAjVaRxYdZOC9RUFWxWW9OYDX4vR5XkrhqSpn1CJq/lk6zk4WgWpu',NULL,'ashutosh@yopmail.com',75,'2017-03-27 09:54:30',NULL,NULL,0,4,13,1145,0,0,0,NULL,NULL,0,0,0),(330,'jitendra_m','jitendra','m','$2a$10$2OvL6Fy6iqT6Rg6WRx9bF.WUd3FP97m2v5414GJZJn5fno5CN15LK',NULL,'jitendra@yopmail.com',75,'2017-03-27 09:57:59',NULL,NULL,0,4,13,1147,0,0,38,NULL,NULL,0,0,0),(331,'Ganesh_Test','ganesh','j','$2a$10$W23SHTLAODYR6yLivfoZOuCpAK65yYD6D.YXKVyqxTfjecufku3me',NULL,'ganesh@yopmail.com',75,'2017-03-27 10:14:35','2017-03-27 10:15:10','2017-03-28 12:18:38',0,4,13,1226,0,0,38,NULL,NULL,0,0,0),(332,'Naveen_test','Naveen','vishwakarma','$2a$10$.E/liVLFx2M/pI4/Fca0COdak0QTsL36vAmFtABuj/WeDyaTtx5Ym','N0+SGWR0ZLewpqTWOdWsWA==','naveen@yopmail.com',75,'2017-03-27 10:19:51','2017-03-27 10:53:32','2017-03-27 12:14:48',0,4,13,1118,0,1,38,NULL,'2017-03-27 12:13:41',1,0,0),(333,'prem_Aacharya','prem','Aacharya','$2a$10$WmuV1KApW.qiulFUhOfsneLBLECLL9O05KC4eN8BNXz0EZUi7808y',NULL,'prem@yopmail.com',75,'2017-03-27 10:23:39','2017-03-27 10:24:55','2017-04-18 04:52:23',0,3,7,1208,1,0,38,NULL,NULL,0,0,0),(334,'shankar_test','shankar','shitole','$2a$10$y/SKLdDxMVzCwGn8B7CHJOnKBQA9g4cFdh1GPaH/ipalqIqKc7ZWG',NULL,'shankar@yopmail.com',75,'2017-03-27 12:30:09','2017-03-27 12:30:59','2017-05-09 12:42:38',0,3,7,1082,1,0,38,NULL,NULL,0,0,0),(335,'Test','SysAdmin','karra','$2a$10$DMJ7PyY/kZY9wIkGFSr03.7N85Sn9VCFK2YNltqsB197F.U.MHl/W',NULL,'durgamedasdsdfha@gmail.com',NULL,'2017-03-28 06:55:08',NULL,NULL,0,11,7,1083,1,1,0,NULL,NULL,0,0,0),(336,'ashis_kore','ashish','','$2a$10$x6lMOS3xSdgZxrshrArBy.FWTrkKCdLtom30wG5KakAmbgYInW4v2',NULL,'ashisha@gmail.com',75,'2017-03-28 06:56:03',NULL,NULL,0,4,13,1146,0,0,0,NULL,NULL,0,0,0),(337,'test1','SysAdmin_1','karra','$2a$10$x1IIx7vKIFF.8gxOeyr4nOMrar.EaQCpOuoFdtkLxg5zXZWaOoli6',NULL,'durgasdfsdfgmedha@gmail.com',NULL,'2017-03-28 06:58:19','2017-03-28 07:00:22','2017-03-28 07:02:17',0,3,7,1087,1,0,0,NULL,NULL,0,0,0),(338,'Test2','sysAdmin_2','','$2a$10$hn9ujOBNwCtTJLhLhkj0bOVP95iCKxCyk0.qq/QzuH.A.G/KXuw7e',NULL,'syadmin2@gmail.com',NULL,'2017-03-28 06:58:56',NULL,NULL,0,11,7,1086,1,1,0,NULL,NULL,0,0,0),(339,'amar_k','amar','k','$2a$10$uQ2.gWcEUr7J3Y.4tiPNG.fIBo2HWTlesmwKoTZjivLb1yQPBDG6a',NULL,'amar@yopmail.com',NULL,'2017-03-28 07:05:45','2017-03-28 07:08:37','2017-03-28 08:58:22',0,4,13,1519,0,0,0,NULL,NULL,0,0,0),(340,'kushal_bora','kushal','bora','$2a$10$0uB7VDjTtBvWwAdK3fVy4OV6vRviZ5732Q1XWCLnlnKSQeN79a5u6',NULL,'kushal@yopmail.com',NULL,'2017-03-28 07:11:51',NULL,NULL,0,11,7,1090,1,1,0,NULL,NULL,0,0,0),(341,'waikarnilesh999@gmail.com','NileshWS','waaa','$2a$10$eckQZwIelndcW30uwP6OXuZihk9f26nviLkG/2YnOxVhqbyMMy2wS',NULL,'waikarnilesh999@gmail.com',NULL,'2017-03-28 07:18:54',NULL,NULL,0,11,7,1091,1,1,0,NULL,NULL,0,0,0),(342,'anupam_l','anupem','lahoti','$2a$10$CWovW06N6egzvwTvj6oFp.u2bYKfVt94R5puRCvbpBroKmUsm/8Pa',NULL,'anupam@yopmail.com',NULL,'2017-03-28 07:20:47',NULL,NULL,0,11,7,1092,1,1,0,NULL,NULL,0,0,0),(343,'test123','sanity_Test1','karra','$2a$10$jg2ukQ4.kqrT6nkGnQIs1O.3cqxPj/0iX.O0JFOclRJ1Tq5ScmEqC','UPyoLIV75wEQ87+yiIzmlg==','durgamasdasdedha@gmail.com',NULL,'2017-03-28 07:21:10',NULL,NULL,0,2,9,1093,1,1,0,NULL,'2017-03-28 07:27:23',0,0,0),(344,'disha','disha','garg','$2a$10$lg5SCdCDc7MJ98vhtk7GVOf/NNwY9vSDF2JtXTTjs7I82wO.8Vb6q','UPyoLIV75wEQ87+yiIzmlg==','disha@yopmail.com',NULL,'2017-03-28 07:22:45',NULL,NULL,0,2,9,1094,1,1,0,NULL,'2017-03-28 08:44:43',0,0,0),(345,'test','abc','','$2a$10$sSqgPrchS9KqCoAe4Un2CORugMTssKXnimfCO.9E7iJ25CAjgV.qa',NULL,'abctest@gmail.com',NULL,'2017-03-28 07:31:05',NULL,NULL,0,3,7,1150,1,0,0,NULL,NULL,0,0,0),(346,'SU','SU','','$2a$10$xSAvILgHV4mOVZSsda2zm.wb4Y2CkL6dsggtwvy9lGbdu.SdVlInK',NULL,'SU@gmail.com123',59,'2017-03-28 07:32:34',NULL,NULL,0,1,7,1096,1,1,0,NULL,NULL,0,0,0),(347,'test123','test','karra','$2a$10$RPOsLmrhKY9b3IkGwF/4x.HuvX4rBID7Vxvvdy35QSQx7n00IEz7W',NULL,'durgamedha12344@gmail.com',62,'2017-03-28 08:46:55',NULL,NULL,0,4,13,1175,0,0,0,NULL,NULL,0,0,0),(348,'prashant','prashant','yedle','$2a$10$jR3SYqVo/n.pmXL6Vd4P7ucto/Wbc8628MtJ58niNKFB/k/RV6gE6','Wez5UIKQ7OTMkaDJhMaIeA==','prashant@yopmail.com',75,'2017-03-28 09:11:31','2017-03-28 09:13:02','2017-03-29 09:19:40',0,3,14,1100,1,1,38,NULL,'2017-03-30 09:09:55',0,1,1),(349,'karra','Durga1','karra','$2a$10$0wScw055z6YbullAeUpg2.MlNebfPCLEH0jfhh6U1AcVGQmZ27H.2','UPyoLIV75wEQ87+yiIzmlg==','durgamedha23as@gmail.com',62,'2017-03-28 09:12:35','2017-03-28 09:14:26','2017-03-28 09:40:31',0,3,14,1101,1,1,27,NULL,'2017-03-28 09:13:57',1,1,0),(350,'mahesh','mahesh','jadkar','$2a$10$zj0rlIcQLHQerWx8hvX3aeu/ulycqWBu4.P7MwS2j/SOwmwqmUzmS','Wez5UIKQ7OSDmMNcVTCQRDHlFj63XD5f','mahesh@yopmail.com',NULL,'2017-03-28 09:22:51','2017-03-28 09:25:30','2017-03-28 09:25:59',0,3,9,1103,1,1,0,NULL,'2017-03-28 09:24:19',0,0,0),(351,'shyam','shyam','p','$2a$10$H/d1MKc9Ax7FQFqThV8M..ZfUSXSszfAWy3Yz1CHACmdVaFUuAAlG','N0+SGWR0ZLf1tAi3F7T6/mw/UdhSP6U6','shyam@yopmail.com',NULL,'2017-03-28 09:28:22','2017-03-28 09:30:16','2017-03-28 09:43:39',0,3,9,1105,1,1,0,NULL,'2017-03-28 09:29:14',0,0,0),(352,'Md2456','Md1','A','$2a$10$wLod8IrPNo6UkESzyB51bOqB1LiMDVTCsUrEqUyVUMqGt0jIMS2ne',NULL,'md@yopmail.com',75,'2017-03-28 09:41:19',NULL,NULL,0,4,13,1148,0,0,38,NULL,NULL,0,0,0),(353,'daya','daya','p','$2a$10$4XeQEPKxsaiOrCSfGScnsO1u38S3rU.e1p/VqhncH0kTClDmlOAu.','Wez5UIKQ7OTMkaDJhMaIeA==','daya@yopmail.com',75,'2017-03-28 09:45:49','2017-03-28 09:47:38','2017-03-28 10:19:24',0,3,10,1193,1,1,0,NULL,'2017-03-28 12:22:06',1,1,0),(354,'sb_test','Sb','k','$2a$10$X5Sf4qsi3wlQ8qfs9Nd2heuBL5F7iSMko5EyB7jKNpA7QdT.l4WMK','Wez5UIKQ7OTMkaDJhMaIeA==','sb@yopmail.com',75,'2017-03-28 09:53:04','2017-03-28 09:54:40','2017-03-28 09:54:55',0,4,13,1110,0,1,0,NULL,'2017-03-28 09:53:25',0,0,0),(355,'nilu_ouadmin','nilu','k','$2a$10$XAJIHqnS.YnKPB6GhTfoVe0vabJpqDSci16XFui2R8wspvj08NWAW','Wez5UIKQ7OTMkaDJhMaIeA==','nilu@yopmail.com',75,'2017-03-28 10:02:21','2017-03-28 10:05:07','2017-03-28 10:27:20',0,3,10,1112,1,1,0,NULL,'2017-03-28 10:04:21',1,0,0),(356,'amit','amit','k','$2a$10$LhFwIOUE/YBb0N5AimHMQeRm/xCw4u/12LrW0ZIAByc0ZytTapyjO',NULL,'amit@yopmail.com',75,'2017-03-28 10:44:37','2017-03-28 10:47:26','2017-03-28 10:47:41',0,4,13,1181,0,0,38,NULL,NULL,0,0,0),(357,'ramesh12','raamesh','jadhav','$2a$10$q/PqyO15F0.WPmLNWMyDi.L37AJOwbHTWMr8D9pmjQPqOMmESnn7.',NULL,'ramesh@yopmail.com',75,'2017-03-29 08:46:54','2017-03-29 08:49:25','2017-03-29 08:49:39',0,3,7,1121,1,0,38,NULL,NULL,0,0,0),(358,'shailesh1234','shailes12','k','$2a$10$vb4xPHzmASJqiMg2YOoj3eCWs49POdm4KAjiPyHAgvCAfp0qWHiDy',NULL,'shailesh1@yopmail.com',75,'2017-03-29 09:05:45','2017-03-29 09:07:12','2017-03-29 09:07:48',0,3,7,1124,1,0,41,NULL,NULL,0,0,0),(359,'milind123','milind','gandhi','$2a$10$qaFjvTj86m/fR7mfMffkzO5G7Yn/mwUyNmdITl4gbXwqPD//W6eTu',NULL,'milind@yopmail.com',75,'2017-03-29 09:10:44','2017-03-29 09:11:42','2017-03-29 09:12:02',0,4,13,1149,0,0,42,NULL,NULL,0,0,0),(360,'omkar','omkar','joshi','$2a$10$0uzFPKmoTY1YhYYaCweC4eJJjZNROpmepSWulPmfqHwxnHR07CE1a','Wez5UIKQ7OTMkaDJhMaIeA==','omkar@yopmail.com',75,'2017-03-29 09:17:06','2017-03-29 09:27:21','2017-03-29 09:37:06',0,4,13,1129,0,1,42,NULL,'2017-03-29 09:35:17',0,0,0),(361,'deepika','deepika','j','$2a$10$SKMI2eOGMfYTo17S43XOn.obOabRuiVto02krQiFeL4wHH9IViXwy',NULL,'deepika@yopmail.com',75,'2017-03-29 10:03:28','2017-03-29 10:09:20','2017-03-29 10:51:43',0,4,13,1161,0,0,0,NULL,NULL,0,0,0),(362,'arjun','arjun','p','$2a$10$YIgC5L3NVpjfeKleh6.La.HnQn9ezIqg0hNjh4/1WfrONQXwjMKoG',NULL,'arjun@yopmail.com',75,'2017-03-29 10:19:14','2017-03-29 10:19:39','2017-03-29 10:19:51',0,4,13,1144,0,0,0,NULL,NULL,0,0,0),(363,'Jagwar','jagwar','','$2a$10$FMRMmKecseOu8TFsts/3e.RmhkTGFzMFgRMsA/EPKZA9qLJuIqTH2',NULL,'jagwar@yopmail.com',75,'2017-03-30 05:29:52','2017-03-30 05:32:22','2017-03-30 05:36:43',0,4,13,1231,0,0,42,NULL,NULL,0,0,0),(364,'Lexi','lexi','blue','$2a$10$k.hZxg1d/xuGHJFEz7xRVefAcfDiwejMp5Rl4HBfCjiBqV7Nd4GWK','Qg0qDHaL+VccnAnb75SteTeFR4t+EEyb','lexi@yopmail.com',75,'2017-03-30 05:45:26','2017-03-30 06:31:09','2017-03-31 10:28:39',0,3,10,1143,1,1,38,NULL,'2017-03-31 10:26:52',1,1,0),(365,'karra','Durga','karra','$2a$10$Mt6Cig7xOzRg.pm3d3zg/eCZoPoC/UDrfFjTYmRZm2YSjx0.ZEg1O','UPyoLIV75wHtm7TgYpoKkJz+gXR8F0DFQL2egHJdQug=','durgamedhaww@gmail.com',53,'2017-03-30 07:04:02','2017-03-30 07:05:30',NULL,0,4,13,1152,0,1,NULL,NULL,'2017-03-30 07:04:57',1,0,0),(366,'karra','Durga','karra','$2a$10$SKXCJwcBXb9IS28sRSclfulqujghWO0lsWT/V7.ijmpzZvsyBoQJK','UPyoLIV75wEQ87+yiIzmlg==','wqeewr@gmail.com',53,'2017-03-30 07:09:13','2017-03-30 07:11:47','2017-03-30 07:12:12',0,4,13,1156,0,1,NULL,NULL,'2017-03-30 07:10:32',1,0,0),(367,'om123','om','yadav','$2a$10$CL0vYd2oa5v8wWFh1AWgdO9hDaOpkjo3rY3aiBLyQIEC.FrgOS5yK','Wez5UIKQ7OTMkaDJhMaIeA==','yadav@yopmail.com',75,'2017-03-30 08:18:56',NULL,NULL,0,4,13,1157,0,1,38,NULL,'2017-03-30 09:16:59',0,0,0),(368,'akshay123','akshay','s','$2a$10$x0ZCbuKWWd0VnHCPhiiuVOcFxvyx3tnljkWkG2ng4xn.yWavDk4iq','Wez5UIKQ7OTMkaDJhMaIeA==','akshay@yopmail.com',75,'2017-03-30 09:44:09',NULL,NULL,0,4,13,1396,0,0,40,NULL,'2017-04-04 10:41:56',0,0,1),(369,'sachin','sachin','g','$2a$10$UCMdmzt7hq5UIv41ocIfEuVYtIdHW2W3AkUQjkoFqcugts75Si6zK',NULL,'sachin@yopmail.com',75,'2017-03-30 09:56:53',NULL,NULL,0,11,7,1159,1,1,38,NULL,NULL,0,0,0),(370,'anand_test','anand','test','$2a$10$YoDP9VJOd7rkhKJR4fqMS.IPUSjAhkSiIBcbakcWn16463TuWnDzG','Wez5UIKQ7OTMkaDJhMaIeA==','anand@yopmail.com',75,'2017-03-30 10:27:17',NULL,NULL,0,2,9,1160,1,1,0,NULL,'2017-03-30 10:29:18',0,0,0),(371,'harhal','harshal','bhakre','$2a$10$U3ZrLTXuJGhN8j2SjmeEae/Rbh1dILYMovGnpRv//t2y0ZOgPzOny',NULL,'harshal@yopmail.com',75,'2017-03-31 04:57:02','2017-03-31 05:01:32','2017-03-31 05:01:54',0,4,13,1191,0,0,40,NULL,NULL,0,0,0),(372,'Hemanth','Hemanth','Deshpande','$2a$10$TIncKzA6yBhrBWW3ToXISuh92HwYwphPHxfsWvk2zErLSWNaWQvv.','Qg0qDHaL+VccnAnb75SteTeFR4t+EEyb','hemanth@yopmail.com',75,'2017-03-31 05:05:14','2017-03-31 05:12:32','2017-03-31 10:06:57',0,3,10,1168,1,1,0,NULL,'2017-03-31 10:05:27',0,0,0),(373,'asdfasdfasdfasdfasdfasdfa','dczxcdsaasdfasdfasdfasdfa','asdfasdfasdfasfdasdfasdfa','$2a$10$uYlHSpZX7StkcoK57ogMsu5XhE8tnQqt2WkglCiOD/Mvkpc5F16VS',NULL,'dkarra123423324@agsft.com',62,'2017-03-31 06:16:26',NULL,NULL,0,4,13,1173,0,0,0,NULL,NULL,0,0,0),(374,'Chetan','chetan','Dhumal','$2a$10$9d0ISpRVx6bO9K6hLkUoYO652EmDHCgxC7OOmzhN5cSKk01IKRivG',NULL,'pramodkitekarintaj@gmail.com',76,'2017-03-31 07:03:11',NULL,NULL,0,1,7,1171,1,0,0,NULL,NULL,0,0,0),(375,'sonu','sonu','d','$2a$10$2HG1c./3lLbeJFWJOEmZ9etWW2shkgwaJfSvPWTinccLifcYL.axe',NULL,'sonu@yopmail.com',76,'2017-03-31 07:05:44',NULL,NULL,0,1,7,1172,1,0,0,NULL,NULL,0,0,0),(376,'Karra','Durga','karra','$2a$10$qyruGpaMmbkwf7irGnUmDuTavoD04uXPL2hCz9dyURLtU/Hm.pNdS',NULL,'23wer@gmail.com',53,'2017-03-31 09:28:57','2017-03-31 09:29:32','2017-03-31 10:42:18',0,3,7,1177,1,0,17,NULL,NULL,0,0,0),(377,'anwar','anwar','k','$2a$10$5dW9KlqZ0sLuUHVD7r4nbubH03fJXQqnwvg4D0mt/HxNGUYMzlkEq','Wez5UIKQ7OTMkaDJhMaIeA==','anwar@yopmail.com',75,'2017-03-31 09:48:43',NULL,NULL,0,3,9,1258,1,1,40,NULL,'2017-03-31 09:55:55',0,0,0),(378,'karra','durga','','$2a$10$r9NuT9FV8bS9ChVxb3SSDeG8A965EC1tn4iFdN1sldDcSq9/Ss1Om',NULL,'dkarra1234@agsft.com',62,'2017-03-31 09:49:47','2017-03-31 09:52:06','2017-03-31 09:52:13',0,4,13,1230,0,0,0,NULL,NULL,0,0,0),(379,'Ram','ram','k','$2a$10$rfjNLE//7xIDN610cBXqaeYzJxcVdGEe0tKsbMJNGWe1vfh8F9Vx2','QwpmBQ+f9plpJ3vQUwV23PtQ/q4QEFzsl2Pa9UCWPo4=','ram@yopmail.com',75,'2017-03-31 10:43:49','2017-03-31 10:46:34','2017-04-13 05:56:41',0,3,9,1183,1,1,0,NULL,'2017-03-31 10:45:33',0,0,0),(380,'Mahesh11','Mahesh','Darak','$2a$10$c2ENPnRU10vgfv2GGKm.cOJWDjW2HQIgo1gXlSgV2/LvgUqn523c2',NULL,'mahesh89@gmail.com',61,'2017-04-01 08:02:48',NULL,NULL,0,1,7,1184,1,0,29,NULL,NULL,0,0,0),(381,'Sunil01','Sunil','Talreja','$2a$10$dg9CE6PZ9wmJO2aojx6/leOpfwyqIGv/Nkw8hhos0VLi6O0iMz6KC',NULL,'suniltalreja90@gmail.com',61,'2017-04-01 08:05:28',NULL,NULL,0,1,7,1185,1,0,25,NULL,NULL,0,0,0),(382,'Harsh','Harsh','Lahoti','$2a$10$YWuciJ3H37HFSVXCDzcPF./gar7MrKd8KmH0MlyZNw6fa9qX5L9F.',NULL,'harsh.lahoti@gmail.com',61,'2017-04-01 08:08:14',NULL,NULL,0,2,7,1186,1,0,29,NULL,NULL,0,0,0),(383,'Mahesh123','Mahesh ','Mali','$2a$10$NXmZHcIkcNtFrcrmv8CfduQdpSjTtC8.1yDMqgIdMYth.tak9GIBy',NULL,'maheshmali@yahoo.co.in',61,'2017-04-01 09:50:37',NULL,NULL,0,2,7,1187,1,0,44,NULL,NULL,0,0,0),(384,'Asmita','asmita ','pawar','$2a$10$DpUnBPNcbrVYyypjFGR0CuXKnIMKwQ.XpQKMx5KpJTjDZAbg4z5gW',NULL,'asmita@yopmail.com',75,'2017-04-03 09:55:45',NULL,NULL,0,11,10,1583,1,1,0,NULL,NULL,0,0,0),(385,'Ajay','Ajay','shiralkar','$2a$10$Pg9RAS/6GePoOKniDJjkoOAVqR6F9hm0pOj2rNcOZDc8zubEjAtHW',NULL,'ajay@yopmail.com',NULL,'2017-04-04 06:18:01','2017-04-04 06:21:02','2017-04-11 09:06:18',0,3,13,1557,0,0,0,NULL,NULL,0,0,0),(386,'vilas','vilas','s','$2a$10$Ijt5zqtuQvxC4ff7IY4yUOfpqhcMei/KrF0DZLU7TDaEYfPJWmGHi',NULL,'vilas@yopmail.com',75,'2017-04-04 06:33:49',NULL,NULL,0,4,13,1201,0,0,38,NULL,NULL,0,0,0),(387,'pravin','pravin','k','$2a$10$AQFF2c/vticbJocvQz1G1.19XFOOu0Kf6xw582TDGqajDPRYf/ZDS',NULL,'pravin@yopmail.com',NULL,'2017-04-04 07:01:08',NULL,NULL,0,11,7,1202,1,1,0,NULL,NULL,0,0,0),(388,'pornima','pornima','kale','$2a$10$YzGxnhPjaszDBhOZY9yWuuPyCb733Tbb4SCjP2AYeEGuWSGJdGDgK',NULL,'pornima@yopmail.com',75,'2017-04-04 07:15:55','2017-04-04 07:16:26','2017-04-13 05:54:37',0,3,7,1204,1,0,38,NULL,NULL,0,0,0),(389,'medha','medha','k','$2a$10$NehgqTWB82cLngpQarFS8eZndVWswkl4XIYDoxM0xoKtlFBjqUW4a',NULL,'medha@yopmail.com',75,'2017-04-04 09:18:10',NULL,NULL,0,2,7,1205,1,0,42,NULL,NULL,0,0,0),(390,'sheri','sheri','jam','$2a$10$9N.OuZPdOajo8s6C48LjaePrJ6B5CFDh5KuxYZIx2jcgwUSlupAEu',NULL,'sheri@yopmail.com',75,'2017-04-04 09:19:09',NULL,NULL,0,11,7,1206,1,1,0,NULL,NULL,0,0,0),(391,'sheri','jitesh','jam','$2a$10$4yV4hagWVQkSbc4H1SWEIuE.es2wfMQJsm4piVW/e2ADFRRjOFSCy',NULL,'jitesh@yopmail.com',75,'2017-04-04 09:22:44',NULL,NULL,0,1,7,1207,1,1,38,NULL,NULL,0,0,0),(392,'ankita','ankita','kasture','$2a$10$RJdZUlWDZO.dhBA/HyaIi.QWxjqm2xrLwiaPNNdx.JlhaX5XXQ0Pi','Wez5UIKQ7OTMkaDJhMaIeA==','ankita1@yopmail.com',NULL,'2017-04-04 12:47:22',NULL,'2017-06-02 06:24:38',0,3,13,1560,0,0,0,NULL,'2017-04-04 12:47:52',0,0,1),(393,'akshay123','akshay123','kolhe.','$2a$10$bFLg5ahMU/dy74Cj8VdqQOGLqSv3zqrHChxRzffoH3W3Ugj/74NQa','TnZPWubFagUY/ird3v6cMQ==','akshay123@yopmail.com',75,'2017-04-04 12:50:57','2017-04-04 12:54:13','2017-04-04 12:54:45',0,3,10,1211,1,1,42,NULL,'2017-05-11 05:49:32',0,0,0),(394,'revti','revti','k','$2a$10$J38yuEgn69tffDvXIXI2puTqRJmcpV8UEJfkjC/ybDrcohZ4BHo9m',NULL,'revti@yopmail.com',62,'2017-04-05 05:38:26','2017-04-05 05:39:54','2017-04-05 05:40:13',0,3,7,1213,1,0,27,NULL,NULL,0,0,0),(395,'ajinkya','ajinkya','r','$2a$10$4V56q4BgE3ZGlrqbKOr0H.gyI3Y7F9AeBrYI/YKDfIZEiC3cH5NhG',NULL,'ajinkya@yopmail.com',80,'2017-04-05 06:04:08',NULL,NULL,0,2,7,1214,1,0,0,NULL,NULL,0,0,0),(396,'ghanshyam','ghanshyam','k','$2a$10$2sxavNt2crFWN.wSL4O9c.DNMwb.WzeBbQAeaxOG55.cDaXmuigIO',NULL,'ghanshyam@yopmail.com',80,'2017-04-05 06:06:05',NULL,NULL,0,2,7,1215,1,0,0,NULL,NULL,0,0,0),(397,'mahi','mahi','v','$2a$10$MPRy7AV0CvRu3O3F3y5jzehagQI0uQREODDsAYsGM4C.0gkQhjmGW',NULL,'mahi@yopmail.com',62,'2017-04-05 06:08:02',NULL,NULL,0,4,13,1219,0,0,0,NULL,NULL,0,0,0),(398,'mahi123','mahi123','kp','$2a$10$qOntutoPespMP4wMz973xuh/ECwRGH9Kom/3MPNeh54.07tN0Coaq',NULL,'mahi123@yopmail.com',62,'2017-04-05 06:09:51',NULL,NULL,0,2,7,1217,1,0,27,NULL,NULL,0,0,0),(399,'pavan','pavan','boje','$2a$10$jjiNxVFuOk3ByyyIQFETIOsE221tbGdKmSitw.DrZsEq4OPW.O3gy',NULL,'pavan@yopmail.com',75,'2017-04-05 12:14:04',NULL,NULL,0,2,7,1223,1,0,38,NULL,NULL,0,0,0),(400,'aparna','aparnna','joshi','$2a$10$JGVGFjtUaUTpf5lXY.3dReD2EerCpBS6T3uDKcdTUArnysleCTV4.','Wez5UIKQ7OTMkaDJhMaIeA==','aparna@yopmail.com',75,'2017-04-06 05:25:43','2017-04-06 05:34:50','2017-04-06 05:35:25',0,3,9,1225,1,1,0,NULL,'2017-04-06 05:32:27',0,0,0),(401,'dhana','dhananjay','shiralkar','$2a$10$PBAnbvRvsciKdPBtC5KJIODG7E.rwm5.n/AHYacvNoGc3/dwCZt1K',NULL,'dhananjay@yopmail.com',75,'2017-04-06 07:05:39',NULL,NULL,0,2,7,1227,1,0,0,NULL,NULL,0,0,0),(402,'anshu123','anshu','k','$2a$10$2i1tE5kVO9oknWUvEUoilOu4qWX.TazUfedEy4SgVxHBLDxIL5vsG',NULL,'anshu@yopmail.com',75,'2017-04-06 07:06:53','2017-04-06 07:07:48','2017-04-13 05:58:36',0,3,7,1229,1,0,38,NULL,NULL,0,0,0),(403,'rups','rups','jem','$2a$10$nsr0qk4wFUca.unfA.aj7eQHS/vf8yppxU.ClZvZcvlQa5yjZx0JW',NULL,'rups@yopmail.com',75,'2017-04-06 07:31:06','2017-04-06 07:31:53','2017-04-11 06:07:46',0,4,13,1357,0,0,0,NULL,NULL,0,0,0),(404,'karra','durga','','$2a$10$C52eyWOAM0qoIGpzIidyMuPjRZRNbrc0wfMmji0EPLZtCqDXkJLBe',NULL,'dkarra1234@gmail.com',53,'2017-04-07 09:54:45',NULL,NULL,0,3,7,1238,1,0,17,NULL,NULL,0,0,0),(405,'vinit','vinit','j','$2a$10$xr3lpwa/PPXOwE5IRAWwSOyVgBiMUG31vMxDofEJ3LaCbpmhjmzgG',NULL,'vinit@yopmail.com',87,'2017-04-07 09:56:26','2017-04-07 09:57:31','2017-04-17 07:19:01',0,3,7,1237,1,0,0,NULL,NULL,0,0,0),(406,'karra','Durga','karra','$2a$10$CF4mj7GUWsZ2myyn.W6OpuOKo9RtvIIM.WwVr9PlOBctXokbmpSni','UPyoLIV75wEQ87+yiIzmlg==','234sdfsdf@gmail.com',53,'2017-04-07 09:59:58',NULL,NULL,0,2,9,1239,1,1,17,NULL,'2017-04-07 10:01:42',0,0,0),(407,'dkarra','durga','karra','$2a$10$j744eir8497eG60Z7hOy7.nVwTluoLcLH011/vY97dF.jkR0pjzv.',NULL,'23423awerqwer@gmail.com',53,'2017-04-07 10:07:51','2017-04-07 10:08:28','2017-04-07 10:09:06',0,3,7,1241,1,0,17,NULL,NULL,0,0,0),(408,'karra','durga','karra','$2a$10$KX8.ehxVxLJWLEk5K6sxNeZA.6q.shA.Yd28Z3DaT6g0aDyQYTfjm',NULL,'4534426@gmail.com',83,'2017-04-07 10:27:50',NULL,NULL,0,2,7,1242,1,0,0,NULL,NULL,0,0,0),(409,'abhinav','abinav','kumar','$2a$10$8qV7ralHsCdmn2r5vvGMAuaT/zZBpG3OOqld2QEpKCViWbQHhzM7q',NULL,'abhi@yopmail.com',75,'2017-04-10 05:20:48','2017-04-10 05:22:16','2017-04-10 05:22:38',0,4,13,1290,0,0,0,NULL,NULL,0,0,0),(410,'kishori','kishori','pawar','$2a$10$So8Ai3Ft0vPosMLOZH34vOJowht0A5O5ySwA5pH79mB.hk6xAZlra',NULL,'kishori@yopmail.com',NULL,'2017-04-10 05:45:04','2017-04-10 05:45:52','2017-04-10 05:46:13',0,3,7,1246,1,0,0,NULL,NULL,0,0,0),(411,'dkarra','durga','karra','$2a$10$h7PynPOpD01S8Y8wH0QjY.61h/8HUZPRqKs7FWkv28z5A7t3twL6C',NULL,'purnima@gmail.com',53,'2017-04-11 06:22:29','2017-04-11 06:23:54','2017-04-11 06:24:12',0,3,7,1248,1,0,17,NULL,NULL,0,0,0),(412,'amoolk','amol123','k','$2a$10$MeuPHcALSFfrD6sX0MHBYOeAZXNxQ7DgoKneeByybqIqAm58YCH/2',NULL,'amol123@yopmail.com',89,'2017-04-11 06:36:11','2017-04-11 06:37:05','2017-04-11 06:56:11',0,3,7,1250,1,0,0,NULL,NULL,0,0,0),(413,'karra','durga','','$2a$10$kvRQJq6inbF5frYRIGvk6ujwtq.R0n8RzB3.0NycjsswLfUNMHKGK',NULL,'dkarra@agsft.com',53,'2017-04-11 06:39:06','2017-04-11 06:39:41','2017-05-24 13:59:15',0,3,7,1252,1,0,17,NULL,NULL,0,0,0),(414,'pramodk','pramod123','kitekar','$2a$10$QHXN4gfgFgPWJqrFY.I4LeV5JVYsj7grIexO.9Bg0xRR/jTQHmlmu',NULL,'pk@yopmail.com',NULL,'2017-04-11 07:02:26','2017-04-11 07:03:20','2017-04-11 08:52:18',0,3,7,1254,1,0,0,NULL,NULL,0,0,0),(415,'dhanraj','dhanraj','koe','$2a$10$cZMf.yKmNd0YjTB/y.vIa.WdCMRch0FAP6BMxucG6yGyT0wYRh3KK',NULL,'dhanraj@yopmail.com',NULL,'2017-04-11 08:07:30','2017-04-11 08:08:19','2017-04-11 08:08:36',0,3,7,1256,1,0,0,NULL,NULL,0,0,0),(416,'surbhi','surbhi','jain','$2a$10$68x3X3G4zIXXEA0FKU5PAeGdBX9P8qTY9iXbJMGrQFXZNiYa1JFhu',NULL,'surbhi@yopmail.com',75,'2017-04-12 05:45:10',NULL,NULL,0,4,13,1261,0,0,0,NULL,NULL,0,0,0),(417,'surbhi','surbhi','jose','$2a$10$WXn3JLTiwPhua.D4M18tXOFInAsWSQZngHQHGI6nxj3Eg5kw3DHOm','Wez5UIKQ7OTMkaDJhMaIeA==','surbhi1@yopmail.com',75,'2017-04-12 05:48:31',NULL,NULL,0,2,14,1262,1,1,0,NULL,'2017-04-12 05:49:52',0,1,0),(418,'purohit','purohit','k','$2a$10$6ixwD5riAj8j05ZtLZfjwu.oAdJLx1azmzP/BkuDNH.8R9xMsvtAW',NULL,'purohit@yopmail.com',75,'2017-04-13 06:16:37',NULL,NULL,0,2,7,1263,1,0,0,NULL,NULL,0,0,0),(419,'kamlesh','kamlesh','suvarnakar','$2a$10$FcrkGPXHwSK5T7qeVCSJTuk542lC5p2PTUcnSbFZ9tDmH/ikfBIli','Wez5UIKQ7OTMkaDJhMaIeA==','kamlesh@yopmail.com',75,'2017-04-13 08:15:49',NULL,NULL,0,2,9,1264,1,1,38,NULL,'2017-04-13 08:17:31',0,0,0),(420,'pkitekar','praod1','kitekar','$2a$10$teGRfP2FFyOZcXRQoIzwXuIMiXwOB6VOWsMpNqgb8ukn8YGRPuMeW',NULL,'pkitekar@yopmail.com',75,'2017-04-13 10:50:54','2017-04-13 10:51:48','2017-04-14 06:58:59',0,3,7,1567,1,0,40,NULL,NULL,0,0,0),(421,'prasadkitekar','prasad','kitekar','$2a$10$d3iaCKu6w2H0CkfMl/KBIel3tSR/hUeLzo8zHQTKRZx0q48dfXGWe',NULL,'prasadkitekar@yopmail.com',75,'2017-04-13 10:55:29','2017-04-13 10:56:12','2017-04-14 06:59:46',0,3,7,1268,1,0,38,NULL,NULL,0,0,0),(422,'rajesh','Rajesh','g','$2a$10$KcJsuR4SNEifs1hDFWQbn.p7aENNnN2rruoLEwHHwac6/uRZxjGTa',NULL,'rajesh@yopmail.com',75,'2017-04-14 06:56:54','2017-04-14 06:57:48','2017-04-18 15:08:43',0,3,7,1270,1,0,40,NULL,NULL,0,0,0),(423,'atul','atul','zulpe','$2a$10$8FLXyyLCoLYy5t6wSYLbhOEi1n5nxmd0pSxCO1kOx122FjT7RA1n.',NULL,'atual@yopmail.com',75,'2017-04-17 07:22:35','2017-04-17 07:26:28','2017-04-17 13:06:47',0,5,10,1584,1,0,50,NULL,NULL,0,0,0),(424,'apurva','apurva','','$2a$10$qoF075LgUcxozidwh/e2Du2BiPPnFPtkGAMBHPYEo5h1Gl9j5dKUa',NULL,'apurava@yopmail.com',75,'2017-04-18 04:59:11','2017-04-18 05:00:35','2017-04-18 05:30:18',0,4,13,1282,0,0,38,NULL,NULL,0,0,0),(425,'santosh','santosh','','$2a$10$3KC3UG5J5wA49aoHiZyybe59DeKWZLdLnBTwSeVvkcvwgwCqU6Dg6',NULL,'santosh@yopmail.com',75,'2017-04-18 05:02:41','2017-04-18 05:16:47','2017-04-18 05:24:18',0,4,13,1281,0,0,40,NULL,NULL,0,0,0),(426,'pankaj','pankaj','B','$2a$10$GCQA0yPXUn.JYsCeyEbt/ebrtB/LLcgAmg4dQL/YX5jv8Q9kj2y7S',NULL,'pankaj@yopmail.com',75,'2017-04-18 05:13:55','2017-04-18 05:18:01','2017-04-18 08:50:16',0,3,7,1278,1,0,0,NULL,NULL,0,0,0),(427,'santoshee','santoshee','B','$2a$10$2ACdI0wQpivPNNjynL2EZekEjDNmkRFVlsf0e/L/zRQtjI.saRHt.',NULL,'santoshee@yopmail.com',75,'2017-04-18 05:25:38','2017-04-18 05:26:16','2017-04-19 11:23:24',0,3,7,1280,1,0,0,NULL,NULL,0,0,0),(428,'apoorva','apoorva','j','$2a$10$xpie/QgCsDdN5YPKmUyG9.OkdDXyYuXU9ysRdRUvL712iSWmAHMFa',NULL,'apoorva@yopmail.com',75,'2017-04-18 06:04:16','2017-04-18 06:04:59','2017-04-18 09:09:47',0,4,13,1291,0,0,0,NULL,NULL,0,0,0),(429,'pravin','pravin','k','$2a$10$YIeBMZ9BMEATOuoi7jbaeeRdJ2gQCVg7zTgwJCsW2iMtM6ZsLCYbe',NULL,'pravink@yopmail.com',NULL,'2017-04-18 10:08:19','2017-04-18 10:09:08','2017-04-18 10:38:25',0,3,7,1286,1,0,0,NULL,NULL,0,0,0),(430,'nileshWW','Nilesh','waikar','$2a$10$rn83LHU0zX4EGypsHbCQ8OBBp/5axyM3C7XqZDoJ0LeazxCJidz3G',NULL,'waikarnilesh55@gmail.com',75,'2017-04-18 15:16:48','2017-04-18 15:18:14','2017-05-24 13:43:02',0,3,7,1288,1,0,50,NULL,NULL,0,0,0),(431,'Aarti','Aarti','','$2a$10$w2n0VL7Dj.WYFVJoGX742ueojid0VbJ43TZwjGwygXDoTFMCbFSC2',NULL,'Aarti@yopmail.com',72,'2017-04-19 09:47:37',NULL,NULL,0,11,7,1289,1,1,0,NULL,NULL,0,0,0),(432,'asd','asd','asd','$2a$10$K0QgsX7IzU0ULHNZ6OJBY.QGyITTsnSfr8l8r7.4XvNQONO5YGR5y',NULL,'asdasd@df',101,'2017-04-19 11:51:46',NULL,NULL,0,2,7,1292,1,0,0,NULL,NULL,0,0,0),(433,'dinesh','dinesh','j','$2a$10$nJQK1PZFvceH4cS4K/kXo.vWoHSGbxfUGI1yi3PCoXp2vjvW8o9.O',NULL,'dinesh@yopmail.com',75,'2017-04-20 04:27:13','2017-04-20 04:29:07','2017-04-20 06:48:32',0,3,7,1294,1,0,42,NULL,NULL,0,0,0),(434,'niteen','niteen','','$2a$10$ZHYoIIT60vjDO4vHdpCWEeCatbqAzIV5nBhEHXmsMIFCnWJhCFfd2',NULL,'niteen@yopmail.com',5,'2017-04-20 06:15:29','2017-04-20 06:15:57','2017-04-20 06:16:12',0,4,13,1300,0,0,0,NULL,NULL,0,0,0),(435,'shree','shreekant','','$2a$10$KrY.KOkpjSk3vMR0vReG4O1dzuLmme6aJfp0spmK5tr6mVzrzjrRK',NULL,'shree@yopmail.com',5,'2017-04-20 06:23:59','2017-04-20 06:24:58','2017-04-20 06:30:14',0,4,13,1299,0,0,6,NULL,NULL,0,0,0),(436,'nitin','nitin','p','$2a$10$DlpcAOkhH7OnZ.ja0HNH1OYGFOh7RXmNOQLKQRGAPnrPBPt9w.1me',NULL,'nitin@yopmil.com',5,'2017-04-20 06:41:58',NULL,NULL,0,4,13,1302,0,0,0,NULL,NULL,0,0,0),(437,'anand','Navnit','','$2a$10$IV4BLT/q2aGFZyCc/Ori9OOV35vFkePT57g8JpEjTY1lzWehjt8KW',NULL,'Navnit@yopmail.com',5,'2017-04-20 06:45:34','2017-04-20 06:46:37','2017-04-20 07:51:48',0,3,7,1304,1,0,0,NULL,NULL,0,0,0),(438,'shreekant','shreekant','p','$2a$10$UMiGQBHAcLh7KSUp2WtBkuVZGYw1qAlH5nmooq.Od4Mp/1.tbpNuu',NULL,'shreekant@yopmail.com',5,'2017-04-20 07:33:59','2017-04-20 07:34:37','2017-04-20 08:44:21',0,3,7,1306,1,0,0,NULL,NULL,0,0,0),(439,'nilesh','nilesh','waiker','$2a$10$00mtbCwVNtXg148qPoi7x.y6EmGYeeyeaEq4.6fKfvwu80J/S.xnO',NULL,'nileshw@yopmail.com',102,'2017-04-20 09:02:27','2017-04-20 09:10:39','2017-05-03 11:23:03',0,3,7,1309,1,0,0,NULL,NULL,0,0,0),(440,'pari','pariksheet','B','$2a$10$4J4xBxgLB.3fdezBLUamdeqN4mo65ZrrV.uTEmaxYlIrR3Ymm0PKC',NULL,'pari@yopmail.com',102,'2017-04-20 09:08:48','2017-04-20 09:11:50','2017-04-24 12:18:58',0,3,7,1310,1,0,0,NULL,NULL,0,0,0),(441,'Akash','Akash','A','$2a$10$p9QN9PFEy7MA8R3RDRGqL.ejCtKSo8sAunNflYc6Q.9yh3v.KFVtG',NULL,'akash@yopmail.com',75,'2017-04-20 10:02:50','2017-04-20 10:03:48','2017-05-02 08:49:49',0,3,13,1375,0,0,0,NULL,NULL,0,0,0),(442,'vedant','vedant','k','$2a$10$zuvrSeWEw66K9YrV5P12.uTbEsrGz.z6Z3X/XHgetAShfl3aDwFwG',NULL,'vedant@yopmail.com',75,'2017-04-24 07:12:04',NULL,NULL,0,1,7,1314,1,0,0,NULL,NULL,0,0,0),(443,'pavan','pavan','b','$2a$10$ZEZK3SUuotqufgBZnxbrbOOe9w9NHtcXWJw0NPpC8yf661u/f3ug6',NULL,'pavan12@gmail.com',75,'2017-04-24 09:41:33',NULL,NULL,0,1,7,1315,1,0,65,NULL,NULL,0,0,0),(444,'pbarapate','pariksheet','barapate','$2a$10$Kq7L0ANIqZ31gXVUU5CaUO9qyIXS72z2PHit6zGnTy.XOGP5wBanG',NULL,'pbarapate@datadivider.com',75,'2017-04-24 09:43:44',NULL,NULL,0,1,7,1316,1,0,65,NULL,NULL,0,0,0),(445,'aish','aish','Rai','$2a$10$S8o2PPJYNxvaMKMLGft3W.XkDe1GfhuUhhdTaDTxOIL/99CLHvS42',NULL,'aish@yopmail.com',75,'2017-04-24 09:53:08',NULL,NULL,0,1,7,1317,1,1,0,NULL,NULL,0,0,0),(446,'anada','ananda','j','$2a$10$QCMBS91JOt/IvUwQL.SCTe3FAMOZll8EV9br0y7oYWKGBLUJQVeZm',NULL,'ananda@yopmail.com',75,'2017-04-24 09:54:13',NULL,NULL,0,1,7,1318,1,1,0,NULL,NULL,0,0,0),(447,'renvesh','renvesh','k','$2a$10$WO9uQRqDLF7pajDckqScy.72pzUEw5ovQCsegS2i0Xt78szkoltNa',NULL,'rebvesh@yopmail.com',75,'2017-04-24 09:55:17',NULL,NULL,0,1,7,1319,1,1,54,NULL,NULL,0,0,0),(448,'SReddy','sudhir','R','$2a$10$Y3XtWXMNRd5IDbRB0IYKFugOoC17LdMQT9wZ7k9UUiHAW/Oj0jzGK',NULL,'sudhir@yopmail.com',75,'2017-04-24 09:59:58',NULL,NULL,0,1,7,1320,1,1,65,NULL,NULL,0,0,0),(449,'soni','soni','p','$2a$10$ZBgYPG6y3nW976GYOaIkJ.EjtEn93nUh0yGh6FiMzulT5fFEdRvdq',NULL,'soni@yopmail.com',75,'2017-04-24 10:08:38',NULL,NULL,0,1,7,1321,1,1,54,NULL,NULL,0,0,0),(450,'sachinm','schin','m','$2a$10$oc/9obHzXuNiKt97NN/JUuOnGrMxWQmOaNm4R1k8swP3L2nwAaAgi',NULL,'sachinm@yopmail.com',5,'2017-04-25 04:15:44',NULL,NULL,0,1,7,1322,1,1,57,NULL,NULL,0,0,0),(451,'ddddd','dd','dd','$2a$10$45oCnDEZZXBdPicvOOvXJu3Hwc6w7JDkB4bo.3gOxIy1AFh2gpzwa',NULL,'waikarnilddesh999@gmail.com',60,'2017-04-25 11:14:36',NULL,NULL,0,2,7,1323,1,0,0,NULL,NULL,0,0,0),(452,'aayush','Aayush','k','$2a$10$9InvBRrQuejlNnc5XIb.5.i2KWtYDG3vfhC/QnELGUpizlHzdhebG',NULL,'aayush@yopmail.com',75,'2017-04-25 11:16:20',NULL,NULL,0,4,13,1455,0,0,0,NULL,NULL,0,0,0),(453,'Eli','Eli','V','$2a$10$oRLDCWqt/epzH.J7ZtNqS.qR0mKCeMiq2RwC5KBnz/vsjOZpm.Ufa',NULL,'Eli@yopmail.com',24,'2017-04-26 05:26:40','2017-04-26 05:27:39','2017-04-26 05:27:51',0,3,7,1326,1,0,0,NULL,NULL,0,0,0),(454,'mia','Mia','j','$2a$10$hw.dClRWse8.JataXCXX6eOcLC1PZlqys/o6cs8Xxti0mL0bx2ZTW','Wez5UIKQ7OTMkaDJhMaIeA==','Mia@yopmail.com',75,'2017-04-26 05:30:16',NULL,NULL,0,2,9,1327,1,1,0,NULL,'2017-04-26 05:33:54',0,0,0),(455,'gareett','garrett','p','$2a$10$17x2xO1xI/WyhbmgZECfNOl21WSiPjwNZzrS308Q6BZ.B.r6xvqRm',NULL,'garrett@yopmail.com',7,'2017-04-26 05:47:03',NULL,NULL,0,2,7,1328,1,0,0,NULL,NULL,0,0,0),(456,'miranda','miranda','k','$2a$10$ri4z6XHT2Jp64pCZxnC8guu75jJaNJKeXodNiz3bb1CcF987LslrS','Wez5UIKQ7OTMkaDJhMaIeA==','miranda@yopmail.com',108,'2017-04-26 05:48:03',NULL,NULL,0,2,9,1329,1,1,0,NULL,'2017-04-26 05:48:48',0,0,0),(457,'rohit','Rohit','','$2a$10$Yz91O0P0g/nJ7lYvvEyF/.pGDSbQgm.VVivsh6Bw1WQsppw.rekAm',NULL,'jrohit@agsft.com',NULL,'2017-04-27 10:16:28','2017-04-27 10:27:26','2017-05-09 13:33:15',0,3,7,1331,1,0,0,NULL,NULL,0,0,0),(458,'roy','rohit','','$2a$10$iCacjWL5Uuz07u7olwHZEuEKVXDB/ONRE9lnuK3R8tz9zyTpb2keW',NULL,'rroy@gmail.com',112,'2017-04-27 11:40:29',NULL,NULL,0,2,7,1332,1,0,0,NULL,NULL,0,0,0),(459,'Jrohit','rohit','','$2a$10$Eli.5j/b2WXKRiSNiF9yU.xLu2wJhz7D.9r./gR4BxQ9U6QSOfmp6',NULL,'rohit.jannawar@yahoo.com',111,'2017-04-27 11:44:00','2017-04-27 11:48:01','2017-04-27 11:53:11',0,3,6,1340,1,0,0,NULL,NULL,0,0,0),(460,'Dennis','Dennis','','$2a$10$EVJI26UVoy3j76ndyYuOV.53K7Mhc9i4wSBNneiCTCzeEGe2r/3u2',NULL,'dennis@yopmail.com',110,'2017-04-27 11:45:47','2017-04-27 11:46:40','2017-05-03 09:00:50',0,3,7,1335,1,0,0,NULL,NULL,0,0,0),(461,'jsuperadmin','jsuperadmin','','$2a$10$Vb..JY4GHt4BITtYj5hwtOm6GyKcLdeS2GGcxAkTXaEqVCcB3ELPi',NULL,'rohit@yopmail.com',NULL,'2017-04-28 05:01:54','2017-04-28 05:12:42','2017-04-28 05:19:29',0,3,7,1338,1,0,0,NULL,NULL,0,0,0),(462,'sachinr@yopmail.com','sachinr','','$2a$10$lN.CFl005ne2xkAj1KwbiuPnuPdLBYfGKt08Ewe7YyuHIKQ.0/g3C',NULL,'sachinr@yopmail.com',111,'2017-05-02 06:32:07','2017-05-02 06:33:57','2017-05-09 05:44:20',0,3,7,1342,1,0,74,NULL,NULL,0,0,0),(463,'Amita','Amita','k','$2a$10$jVUxS99QjqBpwoE2fb1XBOTSNpK/nNDGrEHxdguAC.rpYP8TyOQ.K',NULL,'Amita@yopmail.com',75,'2017-05-02 06:54:39','2017-05-02 06:56:43','2017-05-03 15:23:25',0,3,7,1344,1,0,75,NULL,NULL,0,0,0),(464,'virajj@yuomail.com','viraj','virajj','$2a$10$I1myPqigpcOFRbGwweIpluvDcVMB4G7K6Lt1DPmgbF8JpLY5oPJZq',NULL,'virajj@yuomail.com',111,'2017-05-02 07:18:51',NULL,NULL,0,2,7,1345,1,0,0,NULL,NULL,0,0,0),(465,'virajj@yopmail.com','virajj','','$2a$10$iuCmbHue1RtyC9hljIuqR.4JE6GmiWNcRveoPbFF0bGzjh9geoN.e',NULL,'virajj@yopmail.com',111,'2017-05-02 07:20:18','2017-05-02 07:21:04','2017-05-02 07:21:11',0,3,7,1347,1,0,0,NULL,NULL,0,0,0),(466,'rupesh12','rupesh','','$2a$10$FKPurLch9tW18B5imGkl3.Q6xaiVFZK7KcM2HqcfwO.H1E7MTnKCO',NULL,'rupesh12@yopmail.com',NULL,'2017-05-02 10:27:41','2017-05-02 10:29:51','2017-05-03 06:14:09',0,4,7,1411,1,0,0,NULL,NULL,0,0,0),(467,'ramesh','ramesh','k','$2a$10$Y3Kso1QoxWMuUb5/fv9A5OoSPQwBF7OuihCmHO6GJFggP1H9jbFJi',NULL,'ramesh1@yopmail.com',113,'2017-05-02 10:41:22','2017-05-02 10:42:32','2017-05-03 05:03:45',0,3,7,1351,1,0,0,NULL,NULL,0,0,0),(468,'akash','Akash12','k','$2a$10$7jvQiz1R9sbHVT0Jm07fweAbidryoPT4jFXsENeJx0NEH.4NCJZxu',NULL,'akash12@yopmail.com',113,'2017-05-02 10:47:24','2017-05-02 10:48:07','2017-05-02 10:50:01',0,3,10,1597,1,0,77,NULL,NULL,0,0,0),(469,'rahul12','rahul12','h','$2a$10$zqEW5othHiuWihaIR4.rzOcX4/ZqhoaBEw69qiMReXH6VcKxEm4iK',NULL,'rahul12@yopmail.com',113,'2017-05-02 11:02:20','2017-05-02 11:05:44','2017-05-02 11:06:43',0,3,7,1356,1,0,77,NULL,NULL,0,0,0),(470,'ajays','Ajay','s','$2a$10$E5F/z8vn2JnA7hpAtjel5eUwJnk1uzpbDE2WdTlIWOnxmPuI6S2jm',NULL,'ajay12@yopmail.com',75,'2017-05-02 12:07:03','2017-05-02 12:08:21',NULL,0,4,13,1569,0,0,41,NULL,NULL,0,0,0),(471,'rupeshb','Rupesh','B','$2a$10$Hkoh3AuA6FFZ5ToSnWzwfOPtV4WD1WoX.C4t4rQP113A0deuJj6H6',NULL,'rupeshb@yopmail.com',NULL,'2017-05-03 05:11:19','2017-05-03 05:12:33','2017-05-09 16:49:38',0,3,7,1361,1,0,0,NULL,NULL,0,0,0),(472,'prince','prince','k','$2a$10$/V6itJLVCIygnfw9hhZ/TuExBT2YhC/Ji6V/a.Sz5BOekk8Xzsipi',NULL,'prince@yopmail.com',7,'2017-05-03 05:17:49','2017-05-03 05:18:54','2017-05-03 08:44:48',0,3,7,1363,1,0,70,NULL,NULL,0,0,0),(473,'shekhar','Shekhar','Chaudhry','$2a$10$A/cp1srxxOtsGy7IJn/oceyGwcyecvlG/wYN2b6yoWICRkB/O2tIS',NULL,'shekhar@yopmail.com',115,'2017-05-03 07:07:57','2017-05-03 07:22:31','2017-05-05 09:29:55',0,3,7,1382,1,0,0,NULL,NULL,0,0,0),(474,'vishal','Vishal ','Arora','$2a$10$BocXvup/AyNw7BlPMz/2iOBZLpblZrwF1EaU2FiBqTHh4GKYlk/F.',NULL,'vishal@yopmail.com',115,'2017-05-03 09:11:11','2017-05-03 09:19:18','2017-05-30 07:42:18',0,3,7,1370,1,0,0,NULL,NULL,0,0,0),(475,'sunil','sunil','more','$2a$10$X1hOw0ZFflqsPOk3UMBiTOqoOHYLmaRpLWqXYnxRCmXoUreyY74uK','RBohfwP4nH3WUoqTCsuV5Q==','sunil@yopmail.com',115,'2017-05-03 09:39:13','2017-05-03 11:38:11','2017-05-03 12:00:08',0,3,10,1383,1,1,79,NULL,'2017-05-11 05:52:15',0,1,1),(476,'sanchit','sanchit','Khandelwal','$2a$10$9tApJV5f3caCAzDny4o6kulofQQiW2fYzBqyBfTFlfAqIOOPLqNgS',NULL,'sanchit@yopmail.com',115,'2017-05-03 09:55:33','2017-05-03 10:07:29','2017-05-10 13:45:36',0,4,13,1503,0,0,0,NULL,NULL,0,0,0),(477,'pritam','Pritam','Kasliwal','$2a$10$ynIhiC7QjcjayX6CSNQjhOyJfOBQgH2WvdhYfN7F98u8jbi/dYHFu','Z388pd5X5/GoXfH1SMhfZg==','pritam@yopmail.com',115,'2017-05-03 09:58:45','2017-05-03 11:53:28','2017-06-02 06:21:49',0,3,10,1384,1,1,0,NULL,'2017-05-03 11:50:56',1,0,0),(478,'amol','Amol','Sarda','$2a$10$NiX1JMk520v1vjOXLFemX.mENUBxTFB3B7qY9Nr5pYaTYD6/5Ni4O',NULL,'amol@yopmail.com',115,'2017-05-03 10:02:57','2017-05-03 10:03:59','2017-05-30 07:00:11',0,3,7,1387,1,0,79,NULL,NULL,0,0,0),(479,'Anderson','Anderson','j','$2a$10$SydsVNgXqAwFUcq6nTEn6./AXTIs8Kq6A.hU0qclpMsknn5HkL9le',NULL,'anderson@yopmail.com',NULL,'2017-05-03 10:14:49','2017-05-03 10:15:36','2017-05-03 10:16:03',0,3,13,1565,0,0,0,NULL,NULL,0,0,0),(480,'dsd','dsj','dsd','$2a$10$9yVzlD2NRrff6Z/AZnVInumdCho8JZ5lX5pO.j/GFDDIFj5B4FY5C',NULL,'waikarnsasilesh5@gmail.com',75,'2017-05-03 13:28:10',NULL,NULL,0,2,7,1385,1,0,0,NULL,NULL,0,0,0),(481,'sumit','sumit ','rathod','$2a$10$WdfJfU5vAIhKg4SieCMpg.MumbJtuW41q2SaRjOeJIsc9yYG8zed6',NULL,'sumit@yopmail.com',NULL,'2017-05-04 04:54:49','2017-05-04 04:56:15','2017-06-01 12:57:26',0,3,7,1389,1,0,0,NULL,NULL,0,0,0),(482,'rohit','Rohit','Lahoti','$2a$10$1AghsMDCSuzRapE7EVvx3uWFyiG24wrneTFHYmdwYQ.4F2GE2NL9u',NULL,'rohit11@yopmail.com',115,'2017-05-04 05:10:30','2017-05-04 05:11:35','2017-05-04 05:15:43',0,4,13,1392,0,0,0,NULL,NULL,0,0,0),(483,'rakesh12','rakesh','','$2a$10$/EtZNwePP/RkxSnkk8sG0.r9SXlq.GwN4UJ6cBt/XWR1hE8Do.4rK',NULL,'rakesh12@yopmail.com',111,'2017-05-04 06:13:46',NULL,NULL,0,2,7,1393,1,0,74,NULL,NULL,0,0,0),(484,'zarin','Zarin','KHAN','$2a$10$IRq9bhca4jz25FWpMLTEb.1wj0tYOH1vJnrylNnZ6W0GAI8aNFaOe',NULL,'zarin@yopmail.com',115,'2017-05-04 08:56:10','2017-05-04 08:56:53','2017-05-04 09:27:24',0,4,13,1397,0,0,81,NULL,NULL,0,0,0),(485,'shubham','shubham','pardeshi','$2a$10$YFL0DyZdheAcNbjqZwgwdurMDMyzdhoHN3QtDh.Zhm8zQXMS/LBh6',NULL,'shubham11@yopmail.com',115,'2017-05-05 05:43:00','2017-05-05 05:44:18','2017-06-02 05:02:44',0,4,13,1585,0,0,81,NULL,NULL,0,0,0),(486,'rohan','rohan','','$2a$10$4srAr55.s/UvG/y.Cpx8hO1RIOd4pA0k5yaIV3axaTrfzEXWUji9K',NULL,'rohan123@yopmail.com',111,'2017-05-05 11:42:08','2017-05-05 11:44:11','2017-05-05 13:31:07',0,3,7,1404,1,0,0,NULL,NULL,0,0,0),(487,'jordan','jordan','','$2a$10$NVzr60POyvjufZDsDptZLeVzfGXh3cBoIpUBf9TOj6b6d6SXDZ1/u',NULL,'jordan123@yopmail.com',111,'2017-05-05 12:29:05','2017-05-05 12:29:57','2017-05-05 13:31:31',0,3,7,1406,1,0,74,NULL,NULL,0,0,0),(488,'rohan12','rohan12','','$2a$10$lrNhFf2uMYOJU/c2xbm7oefgaPKFSHjLnyyEh6tMLrxZ1P9tDK.sC',NULL,'rohan12@yopmail.com',111,'2017-05-05 13:01:21','2017-05-05 13:01:51','2017-05-09 13:33:27',0,3,7,1408,1,0,74,NULL,NULL,0,0,0),(489,'raman','raman','','$2a$10$QinAfxxZaYE5mjCMAL0bLe7F6V2HqETYCwKGbKLAtBwnhdmI5X3U.',NULL,'raman12@yopmail.com',111,'2017-05-09 05:24:40','2017-05-09 05:25:35','2017-05-09 05:26:03',0,3,7,1410,1,0,0,NULL,NULL,0,0,0),(490,'rupesh','rupesh','b','$2a$10$cTOJeN6VQq2zmhdvBuF7weOyuRPB/5Kx4hPMF/oo0EZI4KJlyD5ze','NvVQp9T/1SXpvJw6JqpKww==','rupesh@yopmail.com',NULL,'2017-05-09 05:58:35','2017-05-09 06:12:57','2017-05-24 10:11:41',0,3,9,1416,1,1,0,NULL,'2017-05-09 06:11:39',0,0,0),(491,'rupesh','rup','b','$2a$10$QX7KhA46oV0NgX5uNbdJ7eRU8RhVhKzfMYN59SgblhoDoxNdUrAcO',NULL,'rup@yopmail.com',NULL,'2017-05-09 06:01:08','2017-05-09 06:02:51','2017-06-02 11:44:55',0,3,7,1414,1,0,0,NULL,NULL,0,0,0),(492,'sumeet','Sumeet','S','$2a$10$j88k5J6RYxmGusy40TFKQuMRGFgwdE0wtwKfH6FF5LzsXzkk8wBC.',NULL,'sumeet@yopmail.com',115,'2017-05-10 11:31:37',NULL,NULL,0,11,7,1417,1,1,81,NULL,NULL,0,0,0),(493,'abcd','abcd','abc','$2a$10$xbIA1RSPz.mk6VXi0cMl6eLHZe85xjrgKcK2ZMdUEM5VI/EZykFhC','K7PUj0ZhMG7RKZm38igscg==','abcd@yopmail.com',115,'2017-05-10 11:34:11','2017-05-10 11:36:23','2017-05-11 05:05:18',0,4,13,1430,0,0,81,NULL,'2017-05-10 11:34:40',0,0,1),(494,'mikeshinoda','Mike','Shinoda','$2a$10$94LVIDlJTNEXEhwVpnhB/.12DqFIq4iWdY.zyrGACb97I0WGiO6qm',NULL,'mike@shinoda.com',75,'2017-05-10 11:35:53',NULL,NULL,0,2,7,1419,1,0,75,NULL,NULL,0,0,0),(495,'amit','amit','a','$2a$10$mcaxzUx1zK4AFwkwy1UpGuMlh2es6b2vTy/vG4hrCwR0tFXQNOjyu',NULL,'amit123@yopmail.com',115,'2017-05-10 13:27:53',NULL,NULL,0,4,13,1505,0,0,81,NULL,NULL,0,0,0),(496,'akshay123','Akshay','Kum','$2a$10$SoCPiVoIiEQULLeKl0PGNeyIf6fqzeUpHvcU62ljyiuGKKJDAkToi',NULL,'akshaykumar@yopmail.com',115,'2017-05-12 05:26:39','2017-05-12 05:33:31','2017-05-12 06:45:22',0,4,13,1504,0,0,79,NULL,NULL,0,0,0),(497,'shekhar','shekhar','choudhari','$2a$10$f7H5oINjmf25I59ziIiWH.qIpOaBSrYkzFId0Z0DGwy2.611rblF6',NULL,'shekhar1@yopmail.com',115,'2017-05-12 10:28:36','2017-05-12 10:29:16','2017-05-19 06:02:54',0,3,7,1464,1,0,79,NULL,NULL,0,0,0),(498,'waikarnilesh','waikarnilesh','waikarnilesh','$2a$10$Dzlg5ggITX0SSicHf88gEuskgq9pF9wf5xuvbZE6P0f3YxF9DH6Ii',NULL,'waikarnilesh5@gmail.com',115,'2017-05-12 13:26:25',NULL,NULL,0,2,7,1465,1,0,0,NULL,NULL,0,0,0),(499,'anand','Anand','J','$2a$10$R8HwDPg9l.Xa/sBjFIJnYeOO4PCXZHw8uDBmii2ZDh0Loaj/OI2gi',NULL,'anand2@yopmail.com',115,'2017-05-16 05:00:17',NULL,NULL,0,11,7,1467,1,1,79,NULL,NULL,0,0,0),(500,'ananda','Ananda','A','$2a$10$cp5PrqzouYR0uhOSoN0K4u5uOFgGU.ig8Ofem0bys4WBPNP2Mlqcy',NULL,'ananda2@yopmail.com',115,'2017-05-16 05:06:24',NULL,NULL,0,11,7,1471,1,1,79,NULL,NULL,0,0,0),(501,'adsf','adsf','jkl','$2a$10$xjkXexz/l2kdfAWfwCl8v.Kj1oXRqKoFi7tssAC7YMz6B3MLRt.Wy',NULL,'test@yopmail.com',115,'2017-05-16 05:55:24',NULL,NULL,0,4,13,1500,0,0,0,NULL,NULL,0,0,0),(502,'asdf2','asdf','asdf','$2a$10$MMJMtxy/l8GR33QgaJacIeGvtffm8OCtiusSNKBQ1Ng8CgimYGJN2',NULL,'asdf2@yopmail.com',115,'2017-05-16 09:46:56',NULL,NULL,0,11,7,1473,1,1,79,NULL,NULL,0,0,0),(503,'ni3','Niteen','p','$2a$10$sGg2ZrIyuK4hYJ3EmEMQ2.0OduafrazLpySDE.yFZO3kAQRFNhDo2',NULL,'niteen123@gmail.com',115,'2017-05-16 09:50:12',NULL,NULL,0,11,7,1474,1,1,79,NULL,NULL,0,0,0),(504,'rushi','rushi','g','$2a$10$AxTFOTMMhCh51W0MXNa5AuHaUX1slS5ukbzPqPYigPTBPJAVbrGdG',NULL,'rushi@yopmail.com',115,'2017-05-16 10:01:50',NULL,NULL,0,11,7,1475,1,1,79,NULL,NULL,0,0,0),(505,'sudhir','sudhir','p','$2a$10$NHrm/aRrMD8YVyfhidwGt.Zva6sUlCBhE5oFdfGpaWVX18NdibxWS',NULL,'sudhir123@yopmail.com',7,'2017-05-17 04:29:36','2017-05-17 04:31:06','2017-05-17 06:41:57',0,3,7,1477,1,0,70,NULL,NULL,0,0,0),(506,'swapnil','swapnil','agrawal','$2a$10$Zk2489/t//pCug/exxRA.Odh2BW4ZQRcJ3mYk9ZYCLLghg3VeA7GG',NULL,'swapnil@yopmail.com',115,'2017-05-17 08:36:28','2017-05-17 08:38:49','2017-06-02 12:41:28',0,3,7,1479,1,0,83,NULL,NULL,0,0,0),(507,'gaja','gajanan','jadhav','$2a$10$uo3xQqvOwMcUphU24tV1bu/wR4oeuOmQsb4WQpmGjEbLDxkG.Zy2W',NULL,'gajanan@yopmail.com',115,'2017-05-17 08:44:59',NULL,NULL,0,11,7,1480,1,1,83,NULL,NULL,0,0,0),(508,'ravi','ravi','raj','$2a$10$HRSg8ctgMzKPtJwQNhp4tOfSC2VE7rgF.p7fjLKPVTsV5X9j6Mjbi',NULL,'ravi@yopmail.com',115,'2017-05-17 09:36:01',NULL,NULL,0,11,7,1481,1,1,83,NULL,NULL,0,0,0),(509,'sanju','sanju','b','$2a$10$y0TltnvGKihY4pUQcNVAh.bPQVt36WNbCdByTZMOaPC5SazPqTVam',NULL,'sanju@yopmail.com',115,'2017-05-17 09:39:10',NULL,NULL,0,11,7,1482,1,1,83,NULL,NULL,0,0,0),(510,'raj','raj','r','$2a$10$pk3STQATIe6COJ97Y9UJG.eXyrTJ3msfjC7jaJwHp7nkpZ46Iz0Cq',NULL,'raj123@yopmail.com',115,'2017-05-17 09:45:38',NULL,NULL,0,11,7,1483,1,1,83,NULL,NULL,0,0,0),(511,'jhjh','gjghj','jhhj','$2a$10$JCs8SjmgbPN.uwy907Z.hugDJbGVehUoHk24hBsCcV1HALqPzhfvq',NULL,'gajanadn@yopmail.com',115,'2017-05-17 10:06:26',NULL,NULL,0,11,7,1484,1,1,83,NULL,NULL,0,0,0),(512,'kajol','kajol','k','$2a$10$Mj6w87z/gZKhHwYrV7g.jOOkCg5IKhXRjoct7qK2bDPORy18TWMyi',NULL,'kajol@yopmail.com',115,'2017-05-17 10:44:44',NULL,NULL,0,11,7,1485,1,1,82,NULL,NULL,0,0,0),(513,'gajraj','gajanan','jadhav','$2a$10$EYWionfWugzdi3N6vMj8K.BrqGOgSxI2kAdTM07gOyxDoJ0SKrZt2',NULL,'gajraj@yopmail.com',115,'2017-05-17 11:19:57',NULL,NULL,0,4,13,1501,0,0,83,NULL,NULL,0,0,0),(514,'karishma','karishma','k','$2a$10$IwgQXJknhS4rPJSXsRqpKuynk7k2RIuGlW4nzfF2eQEjvqEEYabcC',NULL,'karishma@yopmail.com',115,'2017-05-17 11:27:29',NULL,NULL,0,11,7,1487,1,1,83,NULL,NULL,0,0,0),(515,'ashish','ashish','k','$2a$10$1HTfV4lypITr4qz5.bXn8eA1InqkCWcmdzxeASPQEwArqGtj3QAjq',NULL,'ashish@yopmail.com',115,'2017-05-17 12:44:19','2017-05-17 12:45:23','2017-05-17 12:52:31',0,3,7,1496,1,0,83,NULL,NULL,0,0,0),(516,'sonakshi','sonakshi','sinha','$2a$10$Fv3.DcZzd07RV/0XUZK.LeOl461ELmdZo8MKlBy9H9qoLSZCR.sS2','wzWbnQT/cUHzCf5YmwKf8A==','sonakshi@yopmail.com',115,'2017-05-17 12:50:48','2017-05-17 12:52:09','2017-05-19 07:17:50',0,3,9,1498,1,1,83,NULL,'2017-05-17 12:51:25',0,0,0),(517,'rani','rani','r','$2a$10$ldcG042m2H9IRRF6g.HxiuuQVIrTY/A9d3pUErloPlbS7ZvNvwGVS',NULL,'rani@yopmail.com',115,'2017-05-18 05:12:16',NULL,NULL,0,11,7,1517,1,1,83,NULL,NULL,0,0,0),(518,'anushka','anushka','sharma','$2a$10$N62R4GuU/a9VFwgJ299EneS7qoWvIOj2C9P6aw7ob0NHYjrePVzCi',NULL,'anushka1@yopmail.com',115,'2017-05-18 05:38:04','2017-05-18 05:38:44','2017-05-18 05:39:32',0,3,7,1523,1,0,83,NULL,NULL,0,0,0),(519,'ashvin','ashvin','m','$2a$10$ZN7teV5PWIlmrx0mTBgq2uQT8sXngOrIPzqFdltfqdZT1HgE57J8i',NULL,'ashvin1@yopmail.com',115,'2017-05-18 05:40:58','2017-05-18 05:42:10','2017-05-18 05:50:50',0,3,7,1525,1,0,79,NULL,NULL,0,0,0),(520,'allan','Allan','A','$2a$10$et1qyPaaSMp01RCAx1Zch.iNwbQQIDLXem8w..ui0xhyT0G27/WnK',NULL,'allan2@yopmail.com',115,'2017-05-18 12:49:12',NULL,NULL,0,11,7,1537,1,1,83,NULL,NULL,0,0,0),(521,'smita','smita','patil','$2a$10$SFCBw4eBsGFJ0egC45gkeOWxE0insF0vlgEvR4JJwFXEhZJEXOLna',NULL,'smita@yopmail.com',115,'2017-05-24 09:57:17','2017-05-24 10:03:55',NULL,0,3,7,1541,1,0,81,NULL,NULL,0,0,0),(522,'bhavna','bhavna','sharma','$2a$10$VVvecghJoJUGQOOLp7FWIeRY7Ea.8ZKHa757uiLy.erFezkjHb7za',NULL,'bhavna@yopmail.com',115,'2017-05-24 09:58:53','2017-05-24 09:59:41','2017-05-24 10:00:13',0,3,7,1540,1,0,82,NULL,NULL,0,0,0),(523,'youvi','youvi','yo','$2a$10$7kblaVjfqzo5Fx8WAm/i3uLA0NJZBL1F191TBWAtQcD72qPmuzAQK',NULL,'youvi@yopmail.com',115,'2017-05-24 10:41:00','2017-05-24 10:41:57','2017-05-24 10:43:08',0,3,7,1543,1,0,79,NULL,NULL,0,0,0),(524,'sdhane','Snehal','Dhane','$2a$10$QXAqVbvsldvewvgFKB7nlemlxtQIuA.KD47G7PlxRGKt58dhO63X6',NULL,'dsnehal@agsft.com',NULL,'2017-05-25 04:06:43','2017-05-25 04:07:46','2017-05-25 09:38:27',0,3,7,1545,1,0,0,NULL,NULL,0,0,0),(525,'shantanu','shantanu','brahme','$2a$10$KjnmEhH2mAbJ/YunzTKJi.H7Imyj/F4EBiu3z6qZedn0c5rHfw0Dy',NULL,'shantanu@yopmaul.com',115,'2017-05-29 04:01:35',NULL,NULL,0,2,7,1546,1,0,0,NULL,NULL,0,0,0),(526,'pramodk','pramod','kitekar','$2a$10$yQY8pQMcQxS0LvAJDkmPTuDC1YmtvNIWQYHK0u6nOeQtPUDqQZmdy',NULL,'pramod@yopmail.com',NULL,'2017-05-30 04:01:28','2017-05-30 04:06:30','2017-06-02 12:40:16',0,3,7,1551,1,0,0,NULL,NULL,0,0,0),(527,'john','john','s','$2a$10$ZUiauyH1B2i8RZRjQe8HeedhodQEcToZPi6sCJni1yDokjVWpPBKe',NULL,'john12@yopmail.com',115,'2017-05-30 04:27:56',NULL,NULL,0,2,7,1552,1,0,99,NULL,NULL,0,0,0),(528,'sonakshi123','sonakshi','sinha','$2a$10$nj.fyPJ3wolDtrr6HHSNueH3NddWgWC/Lh9ImzOR1Jt/2xqkP1feW',NULL,'ssonakshi123@yopmail.com',115,'2017-05-30 07:32:05',NULL,NULL,0,2,7,1561,1,0,0,NULL,NULL,0,0,0),(529,'raees','Raees','','$2a$10$UID09.MnvTFy9U4qlgr9o..Y2n.S.2V9S8mbUYc9ezSHV5kLZ6ARu',NULL,'raees@yopmail.com',115,'2017-05-30 08:35:50',NULL,NULL,0,11,7,1562,1,1,79,NULL,NULL,0,0,0),(530,'ashwin','ashwin','kumar','$2a$10$cXRZ5RZTAS7bOJpO5DGUGOPnVX/FS1ZlkKzxsQUMl3akMcZ5tvhTq',NULL,'ashwin@yopmail.com',115,'2017-06-01 09:52:59',NULL,NULL,0,3,10,1596,1,0,83,NULL,NULL,0,0,0),(531,'soniya','Soniya','s','$2a$10$vJm26Srf3TEKz6u1GJ3MnePwlq5sFkqFk6gMmxYSj1etUBdKNJLSO',NULL,'soniya@yopmail.com',115,'2017-06-01 09:57:19',NULL,NULL,0,2,7,1571,1,0,83,NULL,NULL,0,0,0),(532,'sourbh','sourbh','j','$2a$10$b2K9vnJnOFYUnfD4P3Ma3OOgy7vV.pXtM64xFUZvtiV8Q0vEPZeUG',NULL,'sourbh@yopmail.com',115,'2017-06-01 09:58:00',NULL,NULL,0,2,7,1572,1,0,0,NULL,NULL,0,0,0),(533,'sunil','sunil','H','$2a$10$2FSFJGD0s2QY4UBI68HSeOYJIKcESk9KvYh47jexp1F9Bv1eV7AG2',NULL,'sunil@gmail.com',115,'2017-06-01 10:03:29',NULL,NULL,0,4,13,1576,0,0,0,NULL,NULL,0,0,0),(534,'sunil','sunil','k','$2a$10$AqmFsgMjPTfyktdBTh5qruT2Yf5O07YcyB/oS7zUgO3tC.11b2vey',NULL,'sunil123@yopmail.com',115,'2017-06-01 11:07:11',NULL,NULL,0,2,7,1575,1,0,0,NULL,NULL,0,0,0),(535,'rohini','rohini','z','$2a$10$Qj4A96bRCGgIcb73m12gY.bi4gTXvnn/yioxCl6hKht98672CntuK',NULL,'rohini@yopmail.com',115,'2017-06-01 12:03:27','2017-06-01 12:05:06','2017-06-01 12:05:39',0,3,7,1578,1,0,82,NULL,NULL,0,0,0),(536,'surya','surya','G','$2a$10$45i0/32BGa4jIAhdZDmaQuuY2ykSb9ZsEAzl2sb.SzChIOLQRBg.2',NULL,'surya@yopmail.com',115,'2017-06-01 12:34:43','2017-06-01 12:36:44','2017-06-01 13:05:22',0,3,7,1580,1,0,82,NULL,NULL,0,0,0),(537,'Ajays','ajays','S','$2a$10$bpg..PYN3WC0OFyhW5zuuOc6px1PxVQ61NUBETXu.6NzeYBSFC0o.','aMYsQQp+Lrj+7v8uCsCwjA==','ajay123@yopmail.com',115,'2017-06-02 04:42:14',NULL,NULL,0,2,9,1581,1,1,99,NULL,'2017-06-02 04:43:39',0,0,0),(538,'sanket','sanket','birajdar','$2a$10$LXrOFB2KUzNFBtHbGNvtFutp6S3167W/Hd/YQzh8XveYxfmjM2I7e',NULL,'sanket@yopmail.com',115,'2017-06-02 07:17:01','2017-06-02 07:17:42','2017-06-02 11:56:56',0,3,7,1588,1,0,81,NULL,NULL,0,0,0),(539,'telenor','Telenornew','','$2a$10$z82t/JvOMoVfTH5lIGA7F.VBX3wA47dmqrmEvaCwkFj/neitnZ2Cq','nDCRoIotfxdnJcYMTR6BVg==','telenornew@yopmail.com',122,'2017-06-02 10:43:02','2017-06-02 10:50:21','2017-06-02 11:29:46',0,3,9,1599,1,1,0,NULL,'2017-06-02 10:46:19',0,0,0),(540,'sonu','sonu','','$2a$10$qE3ue8nsw6ca.bIjCukwUe92BckUW0xnyZeRHFEofI/5AAu3ZcjHq',NULL,'sonu1@yopmail.com',122,'2017-06-02 10:51:11','2017-06-02 10:54:49','2017-06-02 11:27:28',0,3,7,1601,1,0,0,NULL,NULL,0,0,0),(541,'anil','Anil','Kapur','$2a$10$LotsWUU8wPo0GihNgDZWkO2fVVifDJM5ZS9XqsBGCxWy.XIp4rGh.',NULL,'anilkapur@yopmail.com',115,'2017-06-02 11:00:12',NULL,NULL,0,2,7,1602,1,0,81,NULL,NULL,0,0,0),(542,'sanjiv','sanjiv','k','$2a$10$MYB6AQiKkkLN7TroZeww4efXnliox8TceA.KYqnWo9RblWliLFaWG',NULL,'sanjiv@yopmail.com',123,'2017-06-02 12:14:38',NULL,NULL,0,11,7,1603,1,1,0,NULL,NULL,0,0,0);
/*!40000 ALTER TABLE `user` ENABLE KEYS */;
UNLOCK TABLES;

--
-- Table structure for table `user_2fa`
--

DROP TABLE IF EXISTS `user_2fa`;
/*!40101 SET @saved_cs_client     = @@character_set_client */;
/*!40101 SET character_set_client = utf8 */;
CREATE TABLE `user_2fa` (
  `user_2fa_id` int(11) NOT NULL AUTO_INCREMENT,
  `user_id` int(11) NOT NULL,
  `otp` varchar(255) NOT NULL,
  `created_dt` datetime NOT NULL DEFAULT CURRENT_TIMESTAMP,
  PRIMARY KEY (`user_2fa_id`),
  KEY `fk_user_2fa_idx` (`user_id`),
  CONSTRAINT `fk_user_2fa` FOREIGN KEY (`user_id`) REFERENCES `user` (`user_id`) ON DELETE CASCADE ON UPDATE NO ACTION
) ENGINE=InnoDB AUTO_INCREMENT=258 DEFAULT CHARSET=utf8 COMMENT='This table maintains one time password(OTP) for 2FA of admin users';
/*!40101 SET character_set_client = @saved_cs_client */;

--
-- Dumping data for table `user_2fa`
--

LOCK TABLES `user_2fa` WRITE;
/*!40000 ALTER TABLE `user_2fa` DISABLE KEYS */;
INSERT INTO `user_2fa` VALUES (1,2,'621KSH','2016-12-27 07:29:28'),(2,2,'1FK7OD','2016-12-27 07:29:31'),(3,2,'91LUI5','2016-12-27 07:29:32'),(4,2,'022SKS','2016-12-27 07:29:32'),(5,2,'JRS2ZO','2016-12-27 07:30:36'),(6,3,'YWZVKM','2016-12-27 07:48:56'),(7,3,'T60BGL','2016-12-27 07:49:00'),(8,3,'10FV4D','2016-12-27 07:52:28'),(9,3,'XC1NPG','2016-12-27 07:53:12'),(10,3,'3U7B7F','2016-12-27 09:19:10'),(11,7,'I1HMKB','2016-12-27 10:16:57'),(12,7,'IKUM4K','2016-12-27 10:16:59'),(13,4,'8MJ0QH','2016-12-28 09:53:24'),(14,4,'6VGZ74','2016-12-28 09:53:27'),(15,4,'92R185','2016-12-28 09:59:47'),(16,4,'VL73QI','2016-12-28 10:04:07'),(17,4,'R052BO','2016-12-28 10:04:17'),(18,4,'E4UPHC','2016-12-28 10:05:42'),(19,4,'OHV3S7','2016-12-28 10:12:38'),(20,4,'6X3ATP','2016-12-28 10:12:46'),(21,4,'3AW75B','2016-12-28 10:14:08'),(22,6,'5949FI','2016-12-28 11:01:09'),(23,6,'C3SPCB','2016-12-28 11:55:31'),(24,6,'J1IQA0','2016-12-28 12:21:35'),(25,6,'KT05Y5','2016-12-28 12:22:00'),(26,6,'UKDNQ9','2016-12-28 12:23:19'),(27,6,'9CR716','2016-12-28 12:24:42'),(28,6,'3NV380','2016-12-28 12:30:40'),(29,6,'WMDOZW','2016-12-28 12:31:22'),(30,6,'XOV92P','2016-12-28 12:35:27'),(31,6,'KC86S9','2016-12-28 12:36:23'),(32,14,'RLX47U','2016-12-29 04:54:52'),(33,14,'26UKK9','2016-12-29 05:01:40'),(34,14,'0LVY3U','2016-12-29 06:41:16'),(35,1,'F1AENL','2016-12-29 06:59:00'),(36,1,'MQD4FB','2016-12-29 09:46:56'),(37,8,'0DW1QE','2016-12-29 10:06:38'),(38,6,'EEH2Y6','2016-12-29 10:07:46'),(39,6,'LOXK43','2016-12-29 10:46:49'),(40,6,'I38S0X','2016-12-29 10:53:12'),(41,6,'QZSEPH','2016-12-29 10:55:02'),(42,6,'RXEZOR','2016-12-29 10:56:44'),(43,6,'DHF383','2016-12-29 11:09:47'),(44,6,'02OBA2','2016-12-29 11:22:53'),(45,6,'197CSW','2016-12-29 12:45:19'),(46,6,'0WDAEH','2016-12-29 12:45:57'),(47,6,'Z20756','2016-12-29 12:47:31'),(48,6,'PXT7SZ','2016-12-29 12:49:17'),(49,6,'TVCCK8','2016-12-29 13:00:27'),(50,5,'FC5JX2','2016-12-30 05:18:49'),(51,11,'KZGR4F','2016-12-30 05:23:17'),(52,11,'9HX4LI','2016-12-30 05:24:39'),(53,11,'E0DFDK','2016-12-30 05:24:56'),(54,11,'0SYS8T','2016-12-30 05:25:51'),(55,11,'KHGKPB','2016-12-30 05:26:40'),(56,8,'TLF6RD','2016-12-30 05:33:55'),(57,11,'ELAE6G','2016-12-30 05:36:17'),(58,11,'Q0XKP6','2016-12-30 08:37:34'),(59,11,'FGJ3Z9','2017-01-02 08:56:12'),(60,63,'08KUH3','2017-01-04 09:39:33'),(61,30,'43K3SU','2017-01-09 09:48:08'),(62,1,'3V5VX4','2017-01-09 09:49:55'),(64,1,'RUZQ7P','2017-01-11 06:55:59'),(65,1,'2SRGYW','2017-01-11 07:09:51'),(66,30,'LNR9OG','2017-01-11 07:21:00'),(67,30,'AF4EUP','2017-01-11 07:21:54'),(68,1,'O5XW2U','2017-01-11 07:22:05'),(69,30,'2OKFFN','2017-01-11 07:23:26'),(70,1,'MTSFV3','2017-01-11 07:35:18'),(72,11,'QOUCCH','2017-01-11 09:12:33'),(74,11,'QJ4ZDH','2017-01-11 09:20:08'),(75,11,'OJKCB0','2017-01-11 09:20:38'),(76,11,'OZYUFN','2017-01-11 09:21:28'),(79,11,'7869SR','2017-01-11 09:30:01'),(81,11,'K4O9BC','2017-01-12 10:13:50'),(83,11,'C5U7GJ','2017-01-12 10:18:50'),(89,11,'PMZRJX','2017-01-13 06:06:49'),(90,11,'IRD1RT','2017-01-13 06:07:19'),(91,11,'3Q27XU','2017-01-13 07:11:28'),(92,11,'UEA7AY','2017-01-13 07:26:08'),(96,11,'B4YJTW','2017-01-13 08:33:14'),(99,11,'AB5Z8E','2017-01-16 09:31:34'),(107,3,'6G1P1L','2017-01-19 08:49:47'),(108,11,'O1H8OF','2017-01-19 09:25:23'),(113,11,'92KKA1','2017-01-19 10:07:38'),(114,11,'BSZU7Z','2017-01-19 10:07:40'),(119,14,'VHX9SO','2017-01-23 10:15:00'),(121,148,'QNQ1SL','2017-01-23 11:21:41'),(123,30,'5OQ9MR','2017-01-31 08:05:14'),(125,155,'XLEQQY','2017-02-09 10:46:05'),(128,1,'PARYPK','2017-02-09 11:38:39'),(135,198,'42XKK7','2017-02-21 11:35:18'),(136,198,'X4E9M4','2017-02-21 11:48:04'),(137,198,'P4A9JH','2017-02-21 11:53:48'),(138,198,'IQDGAO','2017-02-21 11:58:17'),(139,198,'MUWGZD','2017-02-21 12:00:03'),(142,198,'EK30QX','2017-02-21 12:32:11'),(143,198,'6SF7LF','2017-02-21 12:33:02'),(144,198,'T0NVIG','2017-02-21 12:35:38'),(145,198,'E9L49G','2017-02-21 12:40:52'),(146,1,'UoWpGJB9Blg=','2017-02-24 11:22:07'),(147,30,'Y+YAA688t9E=','2017-02-24 11:25:05'),(150,30,'/lPLcYf4oNQ=','2017-02-24 11:41:23'),(155,179,'NGXjj/H8s84=','2017-02-24 11:54:07'),(159,204,'lvkRRSSZlPo=','2017-02-27 04:56:47'),(160,198,'/GV51jZDi+g=','2017-02-27 06:33:56'),(165,30,'tn7fdRTuImk=','2017-02-27 10:50:21'),(166,30,'l6NsCqtkMg8=','2017-02-27 10:51:28'),(168,206,'V6FduznN0p0=','2017-02-27 10:55:00'),(170,206,'cmncBKGMf0k=','2017-02-27 10:57:27'),(171,206,'cr4wP/S14G0=','2017-02-27 11:05:46'),(172,1,'Fmpp+IWcCCI=','2017-03-07 12:13:51'),(174,230,'hAiZophAOvk=','2017-03-07 12:27:37'),(176,230,'GlfftEX1m1o=','2017-03-07 12:29:56'),(184,230,'Ta7v1iO3214=','2017-03-07 12:40:04'),(185,230,'cbbTXZ9HFio=','2017-03-07 12:40:27'),(187,243,'s8uRkgTWrl4=','2017-03-07 13:21:27'),(188,243,'c0FjZ62USIk=','2017-03-07 13:23:07'),(190,324,'0tMaYYRLB5c=','2017-03-24 11:34:38'),(191,324,'6yJhVxIDEmc=','2017-03-24 11:41:00'),(192,324,'fF7vKelU4O4=','2017-03-24 11:41:00'),(193,324,'SGvqHZNHgp8=','2017-03-24 11:41:01'),(194,324,'vCQcWf6rkz8=','2017-03-24 11:41:31'),(195,324,'zd/dORlIa20=','2017-03-24 11:43:01'),(197,324,'NWtoToG1E3A=','2017-03-24 12:21:22'),(198,324,'VGZW7OkqUMQ=','2017-03-24 12:22:15'),(199,324,'0uGfYTrlvtE=','2017-03-24 12:30:31'),(208,331,'Z4LTi64XdsE=','2017-03-27 10:42:48'),(212,361,'q1dP2ccoVTk=','2017-03-29 10:43:18'),(214,333,'sYCaofFIjB8=','2017-03-30 10:40:09'),(216,300,'NGb3PXQA5nA=','2017-03-31 09:10:52'),(218,300,'ESEHYsHJ9sM=','2017-03-31 09:22:01'),(219,333,'pdTF/TIEwW4=','2017-04-03 12:52:38'),(220,333,'x9YaioFM9SU=','2017-04-03 12:54:54'),(221,333,'wsAKR0ML6Qg=','2017-04-03 12:55:30'),(222,333,'96zer5/gRBE=','2017-04-03 12:56:03'),(223,333,'xvIESW10dlw=','2017-04-03 12:56:39'),(224,333,'HcY2JKVanao=','2017-04-03 12:57:19'),(225,333,'dJP4ohG+XJU=','2017-04-03 12:57:29'),(228,333,'gmc9jbEUHK4=','2017-04-04 05:15:12'),(229,333,'JYKTNOMwrEs=','2017-04-04 05:15:56'),(230,333,'l9TBLoqLaKY=','2017-04-04 05:18:42'),(231,333,'murC6EdAfw8=','2017-04-04 05:20:25'),(234,333,'yEAat6G5geA=','2017-04-04 05:30:56'),(235,333,'gWTjfMY7SYE=','2017-04-04 05:33:47'),(237,333,'TrSBVEfaeaI=','2017-04-04 05:59:04'),(240,30,'5egwDb6G9RI=','2017-04-13 07:19:36'),(241,30,'BPWE/vtBOyA=','2017-04-13 07:21:33'),(242,30,'tTTzTTRBRSM=','2017-04-13 07:24:08'),(243,30,'M/9HdMQJyR4=','2017-04-13 07:24:11'),(246,484,'wSf8QC0Sdaw=','2017-05-04 08:57:10'),(248,484,'xgub6RyJrNQ=','2017-05-04 09:05:36'),(249,484,'bWjXdTLml9A=','2017-05-04 09:05:38'),(250,484,'tKB3ucrVlno=','2017-05-04 09:05:40'),(251,484,'D+NoqFxLEk4=','2017-05-04 09:06:21'),(256,484,'ED1KKWNOmrI=','2017-05-04 09:17:55');
/*!40000 ALTER TABLE `user_2fa` ENABLE KEYS */;
UNLOCK TABLES;

--
-- Table structure for table `user_log`
--

DROP TABLE IF EXISTS `user_log`;
/*!40101 SET @saved_cs_client     = @@character_set_client */;
/*!40101 SET character_set_client = utf8 */;
CREATE TABLE `user_log` (
  `user_log_id` int(11) NOT NULL AUTO_INCREMENT,
  `user_id` int(11) NOT NULL,
  `status_id` smallint(6) NOT NULL,
  `last_status_id` smallint(6) NOT NULL,
  `updated_dt` datetime NOT NULL DEFAULT CURRENT_TIMESTAMP,
  `updated_by` int(11) DEFAULT NULL,
  PRIMARY KEY (`user_log_id`),
  KEY `idx_user_id` (`user_id`),
  KEY `fk_user_log_status_idx` (`status_id`),
  KEY `fk_user_log_last_status_idx` (`last_status_id`),
  CONSTRAINT `fk_user_log_last_status` FOREIGN KEY (`last_status_id`) REFERENCES `status` (`status_id`) ON DELETE NO ACTION ON UPDATE NO ACTION,
  CONSTRAINT `fk_user_log_status` FOREIGN KEY (`status_id`) REFERENCES `status` (`status_id`) ON DELETE NO ACTION ON UPDATE NO ACTION
) ENGINE=InnoDB AUTO_INCREMENT=1604 DEFAULT CHARSET=utf8 COMMENT='This table maintains audit trail of user status';
/*!40101 SET character_set_client = @saved_cs_client */;

--
-- Dumping data for table `user_log`
--

LOCK TABLES `user_log` WRITE;
/*!40000 ALTER TABLE `user_log` DISABLE KEYS */;
INSERT INTO `user_log` VALUES (1,2,1,1,'2016-12-27 07:25:24',1),(2,2,3,3,'2016-12-27 07:26:41',2),(3,3,1,1,'2016-12-27 07:35:28',1),(4,3,3,3,'2016-12-27 07:35:54',3),(5,3,3,3,'2016-12-27 07:47:44',3),(6,4,1,1,'2016-12-27 09:27:54',1),(7,4,2,2,'2016-12-27 09:29:08',1),(8,4,3,3,'2016-12-27 09:31:37',4),(9,5,1,1,'2016-12-27 09:41:53',1),(10,5,2,2,'2016-12-27 10:02:25',3),(11,5,3,3,'2016-12-27 10:03:23',5),(12,6,1,1,'2016-12-27 10:11:11',1),(13,7,1,1,'2016-12-27 10:15:00',1),(14,7,3,3,'2016-12-27 10:16:04',7),(15,8,1,1,'2016-12-27 10:19:57',1),(16,6,2,2,'2016-12-27 10:25:13',7),(17,8,2,2,'2016-12-27 10:25:33',1),(18,8,3,3,'2016-12-27 10:26:03',8),(19,8,2,2,'2016-12-27 10:28:11',3),(20,9,1,1,'2016-12-27 10:30:32',1),(21,9,3,3,'2016-12-27 10:32:00',9),(22,6,3,3,'2016-12-27 10:43:03',9),(23,6,3,3,'2016-12-27 10:59:21',6),(24,8,3,3,'2016-12-27 11:02:24',8),(25,4,4,4,'2016-12-27 11:05:48',1),(26,3,3,3,'2016-12-27 11:06:17',1),(27,4,3,3,'2016-12-27 11:06:47',1),(28,10,1,1,'2016-12-27 11:56:09',1),(29,11,1,1,'2016-12-28 05:26:21',1),(30,12,1,1,'2016-12-28 05:33:22',1),(31,13,1,1,'2016-12-28 05:38:02',1),(32,11,2,2,'2016-12-28 05:43:56',1),(33,11,6,6,'2016-12-28 05:43:57',1),(34,13,3,3,'2016-12-28 05:48:57',1),(35,11,3,3,'2016-12-28 06:20:32',1),(36,12,3,3,'2016-12-28 07:00:49',11),(37,11,3,3,'2016-12-28 07:03:03',11),(38,14,1,1,'2016-12-28 07:08:38',11),(39,14,3,3,'2016-12-28 07:09:27',14),(40,15,1,1,'2016-12-28 07:30:33',11),(41,15,3,3,'2016-12-28 07:41:31',15),(42,2,4,4,'2016-12-28 07:56:16',1),(43,2,3,3,'2016-12-28 07:56:18',1),(44,2,4,4,'2016-12-28 07:56:19',1),(45,2,3,3,'2016-12-28 07:56:20',1),(46,2,4,4,'2016-12-28 07:56:21',1),(47,2,3,3,'2016-12-28 08:45:22',1),(48,2,4,4,'2016-12-28 08:45:24',1),(49,2,3,3,'2016-12-28 08:46:22',1),(50,2,4,4,'2016-12-28 08:46:25',1),(51,2,3,3,'2016-12-28 08:48:55',1),(52,2,4,4,'2016-12-28 08:49:09',1),(53,2,3,3,'2016-12-28 08:53:07',1),(54,2,4,4,'2016-12-28 08:53:41',1),(55,2,3,3,'2016-12-28 08:53:56',1),(56,12,3,3,'2016-12-28 08:56:44',1),(57,12,9,9,'2016-12-28 08:56:44',1),(58,4,3,3,'2016-12-28 10:03:21',1),(59,4,9,9,'2016-12-28 10:03:21',1),(60,4,3,3,'2016-12-28 10:05:08',1),(61,4,7,7,'2016-12-28 10:05:08',1),(62,4,5,5,'2016-12-28 10:09:52',4),(63,4,7,7,'2016-12-28 10:09:52',4),(64,4,3,3,'2016-12-28 10:10:12',4),(65,4,7,7,'2016-12-28 10:10:12',4),(66,4,5,5,'2016-12-28 10:10:45',1),(67,4,7,7,'2016-12-28 10:10:45',1),(68,4,4,4,'2016-12-28 10:11:41',1),(69,4,2,2,'2016-12-28 10:12:02',1),(70,4,7,7,'2016-12-28 10:12:02',1),(71,4,3,3,'2016-12-28 10:12:29',1),(72,4,7,7,'2016-12-28 10:12:29',1),(73,16,1,1,'2016-12-28 10:22:54',4),(74,16,2,2,'2016-12-28 10:25:46',4),(75,17,1,1,'2016-12-28 10:34:49',4),(76,18,1,1,'2016-12-28 10:37:37',4),(77,10,2,2,'2016-12-28 11:04:43',1),(78,6,3,3,'2016-12-28 12:29:54',1),(79,6,7,7,'2016-12-28 12:29:54',1),(80,6,3,3,'2016-12-28 12:35:04',1),(81,6,7,7,'2016-12-28 12:35:04',1),(82,14,3,3,'2016-12-29 04:54:13',1),(83,14,7,7,'2016-12-29 04:54:13',1),(84,9,3,3,'2016-12-29 05:31:52',1),(85,9,7,7,'2016-12-29 05:31:52',1),(86,4,3,3,'2016-12-29 05:34:06',1),(87,4,7,7,'2016-12-29 05:34:06',1),(88,17,3,3,'2016-12-29 05:34:23',1),(89,17,7,7,'2016-12-29 05:34:23',1),(90,18,3,3,'2016-12-29 05:34:36',1),(91,18,7,7,'2016-12-29 05:34:36',1),(92,19,1,1,'2016-12-29 05:42:51',7),(93,19,3,3,'2016-12-29 05:44:24',19),(94,12,3,3,'2016-12-29 06:23:14',1),(95,12,7,7,'2016-12-29 06:23:14',1),(96,20,1,1,'2016-12-29 06:24:22',15),(97,21,1,1,'2016-12-29 06:25:21',15),(98,21,2,2,'2016-12-29 06:25:33',15),(99,22,1,1,'2016-12-29 06:46:31',1),(100,12,3,3,'2016-12-29 10:02:15',1),(101,12,7,7,'2016-12-29 10:02:15',1),(102,6,3,3,'2016-12-29 10:07:25',1),(103,6,7,7,'2016-12-29 10:07:26',1),(104,23,1,1,'2016-12-29 10:38:10',7),(105,23,2,2,'2016-12-29 10:38:38',7),(106,24,1,1,'2016-12-29 10:39:09',7),(107,25,1,1,'2016-12-29 10:39:45',7),(108,25,2,2,'2016-12-29 10:40:18',7),(109,24,2,2,'2016-12-29 10:43:42',7),(110,6,3,3,'2016-12-29 10:54:59',1),(111,6,7,7,'2016-12-29 10:54:59',1),(112,6,3,3,'2016-12-29 10:56:11',1),(113,6,7,7,'2016-12-29 10:56:11',1),(114,6,3,3,'2016-12-29 11:08:20',1),(115,6,7,7,'2016-12-29 11:08:21',1),(116,22,2,2,'2016-12-29 12:26:39',1),(117,26,1,1,'2016-12-29 12:32:01',1),(118,26,2,2,'2016-12-29 12:40:00',1),(119,27,1,1,'2016-12-29 12:41:43',1),(120,27,2,2,'2016-12-29 12:42:47',11),(121,6,3,3,'2016-12-29 12:47:10',1),(122,6,7,7,'2016-12-29 12:47:10',1),(123,28,1,1,'2016-12-30 05:11:57',11),(124,11,2,2,'2016-12-30 05:14:56',11),(125,11,3,3,'2016-12-30 05:15:11',1),(126,11,3,3,'2016-12-30 05:25:26',1),(127,29,1,1,'2016-12-30 05:32:20',4),(128,29,2,2,'2016-12-30 05:32:43',4),(129,20,3,3,'2016-12-30 05:42:37',1),(130,20,7,7,'2016-12-30 05:42:37',1),(131,21,3,3,'2016-12-30 05:43:23',1),(132,15,3,3,'2016-12-30 05:43:40',1),(133,28,2,2,'2016-12-30 05:44:22',15),(134,30,1,1,'2016-12-30 05:53:06',1),(135,30,3,3,'2016-12-30 05:56:42',30),(136,32,1,1,'2016-12-30 06:00:01',1),(137,33,1,1,'2016-12-30 06:03:09',30),(138,34,1,1,'2016-12-30 06:04:56',30),(139,35,1,1,'2016-12-30 06:16:36',30),(140,36,1,1,'2016-12-30 06:18:26',1),(141,36,2,2,'2016-12-30 06:18:58',15),(142,39,1,1,'2016-12-30 07:01:58',1),(143,40,1,1,'2016-12-30 07:04:58',1),(144,41,1,1,'2016-12-30 07:06:34',1),(145,42,1,1,'2016-12-30 07:08:57',1),(146,43,1,1,'2016-12-30 07:10:07',14),(147,44,1,1,'2016-12-30 07:12:25',14),(148,45,1,1,'2016-12-30 07:18:05',14),(149,45,3,3,'2016-12-30 07:18:58',45),(150,47,1,1,'2016-12-30 08:29:42',14),(151,48,1,1,'2016-12-30 08:30:43',14),(152,49,1,1,'2016-12-30 08:31:20',14),(153,51,1,1,'2016-12-30 08:33:11',1),(154,52,1,1,'2016-12-30 08:33:41',1),(155,53,1,1,'2016-12-30 08:34:30',1),(156,54,1,1,'2016-12-30 08:38:54',11),(157,55,1,1,'2016-12-30 08:42:06',11),(158,56,1,1,'2016-12-30 08:46:42',14),(159,57,1,1,'2016-12-30 08:47:26',14),(160,58,1,1,'2016-12-30 08:49:14',14),(161,59,1,1,'2016-12-30 09:05:42',1),(162,58,2,2,'2016-12-30 09:27:21',1),(163,40,2,2,'2016-12-30 09:33:40',1),(164,59,2,2,'2016-12-30 09:57:40',1),(165,57,2,2,'2016-12-30 09:58:38',1),(166,60,1,1,'2017-01-02 06:37:42',1),(167,10,10,10,'2017-01-02 08:38:02',1),(168,10,10,10,'2017-01-02 08:39:07',1),(169,10,10,10,'2017-01-02 08:40:58',1),(170,10,10,10,'2017-01-02 08:41:16',1),(171,10,10,10,'2017-01-02 08:43:06',1),(172,10,10,10,'2017-01-02 08:47:24',1),(173,10,10,10,'2017-01-02 08:48:57',1),(174,10,10,10,'2017-01-02 08:50:27',1),(175,10,10,10,'2017-01-02 08:50:39',1),(176,26,10,10,'2017-01-02 08:50:45',1),(177,10,10,10,'2017-01-02 08:50:49',1),(178,26,10,10,'2017-01-02 08:51:31',1),(179,26,10,10,'2017-01-02 08:51:33',1),(180,10,10,10,'2017-01-02 08:51:44',1),(181,10,10,10,'2017-01-02 08:51:46',1),(182,10,10,10,'2017-01-02 08:52:10',1),(183,10,10,10,'2017-01-02 08:52:11',1),(184,10,10,10,'2017-01-02 08:52:30',1),(185,10,10,10,'2017-01-02 08:52:34',1),(186,10,10,10,'2017-01-02 08:52:54',1),(187,10,10,10,'2017-01-02 08:52:59',1),(188,10,10,10,'2017-01-02 08:53:19',1),(189,10,10,10,'2017-01-02 08:54:22',1),(190,10,10,10,'2017-01-02 08:54:24',1),(191,10,10,10,'2017-01-02 08:54:53',1),(192,10,10,10,'2017-01-02 08:54:58',1),(193,10,10,10,'2017-01-02 08:55:22',1),(194,10,10,10,'2017-01-02 08:55:28',1),(195,10,10,10,'2017-01-02 09:03:23',1),(196,26,10,10,'2017-01-02 09:03:27',1),(197,10,10,10,'2017-01-02 09:05:56',1),(198,10,10,10,'2017-01-02 09:06:01',1),(199,10,10,10,'2017-01-02 09:06:23',1),(200,10,10,10,'2017-01-02 09:08:32',1),(201,10,10,10,'2017-01-02 09:08:33',1),(202,10,10,10,'2017-01-02 09:08:34',1),(203,10,10,10,'2017-01-02 09:08:51',1),(204,10,10,10,'2017-01-02 09:08:53',1),(205,10,10,10,'2017-01-02 09:09:21',1),(206,10,10,10,'2017-01-02 09:32:55',1),(207,10,10,10,'2017-01-02 09:33:14',1),(208,10,10,10,'2017-01-02 09:34:44',1),(209,10,10,10,'2017-01-02 09:34:47',1),(210,10,10,10,'2017-01-02 09:34:49',1),(211,10,10,10,'2017-01-02 09:35:17',1),(212,10,10,10,'2017-01-02 09:36:59',1),(213,10,10,10,'2017-01-02 09:37:13',1),(214,10,10,10,'2017-01-02 09:37:15',1),(215,10,10,10,'2017-01-02 09:37:30',1),(216,10,10,10,'2017-01-02 09:37:36',1),(217,10,10,10,'2017-01-02 09:37:38',1),(218,10,10,10,'2017-01-02 09:37:44',1),(219,10,10,10,'2017-01-02 09:38:08',1),(220,10,10,10,'2017-01-02 09:38:13',1),(221,10,10,10,'2017-01-02 09:38:27',1),(222,10,10,10,'2017-01-02 09:39:07',1),(223,10,10,10,'2017-01-02 09:39:31',1),(224,26,10,10,'2017-01-02 09:39:35',1),(225,10,10,10,'2017-01-02 09:40:24',1),(226,10,10,10,'2017-01-02 09:44:05',1),(227,10,10,10,'2017-01-02 09:45:48',1),(228,10,10,10,'2017-01-02 09:46:00',1),(229,10,10,10,'2017-01-02 09:46:43',1),(230,10,10,10,'2017-01-02 09:48:41',1),(231,10,10,10,'2017-01-02 09:50:51',1),(232,26,10,10,'2017-01-02 09:50:57',1),(233,10,10,10,'2017-01-02 10:32:49',1),(234,11,10,10,'2017-01-02 10:33:27',1),(235,14,10,10,'2017-01-02 10:33:53',1),(236,14,10,10,'2017-01-02 10:34:15',1),(237,10,10,10,'2017-01-02 10:34:41',1),(238,40,3,3,'2017-01-02 10:46:22',11),(239,12,10,10,'2017-01-02 10:55:03',1),(240,61,1,1,'2017-01-02 11:09:21',1),(241,61,3,3,'2017-01-02 11:10:23',61),(242,35,2,2,'2017-01-02 11:16:45',14),(243,62,1,1,'2017-01-03 08:59:59',1),(244,63,1,1,'2017-01-04 09:32:26',14),(245,63,2,2,'2017-01-04 09:32:43',14),(246,63,3,3,'2017-01-04 09:33:57',63),(247,11,10,10,'2017-01-04 11:19:17',1),(248,11,3,3,'2017-01-04 11:19:31',1),(249,11,7,7,'2017-01-04 11:19:43',1),(250,64,1,1,'2017-01-06 05:44:59',1),(251,65,1,1,'2017-01-06 05:50:52',1),(252,65,3,3,'2017-01-06 05:56:55',65),(253,11,10,10,'2017-01-06 09:44:51',1),(254,66,1,1,'2017-01-06 09:59:18',1),(255,11,3,3,'2017-01-06 10:06:33',1),(256,11,7,7,'2017-01-06 10:06:33',1),(257,41,2,2,'2017-01-06 11:01:34',1),(258,10,10,10,'2017-01-09 06:31:09',1),(259,11,10,10,'2017-01-09 09:09:18',1),(260,12,10,10,'2017-01-09 09:09:24',1),(261,67,1,1,'2017-01-09 09:31:10',1),(262,67,10,10,'2017-01-09 09:31:20',1),(263,67,3,3,'2017-01-09 09:31:44',1),(264,67,7,7,'2017-01-09 09:31:44',1),(265,68,1,1,'2017-01-09 09:59:14',30),(266,69,1,1,'2017-01-09 10:00:27',30),(267,70,1,1,'2017-01-09 10:02:03',30),(268,71,1,1,'2017-01-09 10:02:33',30),(269,72,1,1,'2017-01-09 10:02:56',30),(270,73,1,1,'2017-01-09 11:13:28',30),(271,74,1,1,'2017-01-10 05:46:14',1),(272,75,1,1,'2017-01-10 05:54:53',1),(273,76,1,1,'2017-01-10 05:56:01',1),(274,77,1,1,'2017-01-10 05:59:02',1),(275,78,1,1,'2017-01-10 05:59:57',1),(276,11,10,10,'2017-01-10 07:24:26',1),(277,11,10,10,'2017-01-10 07:24:32',1),(278,79,1,1,'2017-01-10 08:54:47',1),(279,79,3,3,'2017-01-10 08:55:11',1),(280,79,7,7,'2017-01-10 08:55:11',1),(281,42,2,2,'2017-01-11 05:10:29',1),(282,53,2,2,'2017-01-11 05:13:03',1),(283,44,2,2,'2017-01-11 05:13:18',1),(284,81,1,1,'2017-01-11 06:28:52',1),(285,82,1,1,'2017-01-11 06:30:06',1),(286,83,1,1,'2017-01-11 06:47:04',30),(291,30,3,3,'2017-01-11 07:40:43',1),(292,88,1,1,'2017-01-11 08:32:28',30),(293,89,1,1,'2017-01-11 08:33:50',30),(294,90,1,1,'2017-01-11 08:36:40',30),(295,91,1,1,'2017-01-11 08:38:25',30),(296,92,1,1,'2017-01-11 08:38:53',30),(297,93,1,1,'2017-01-11 08:39:46',30),(298,94,1,1,'2017-01-11 08:52:24',30),(299,11,3,3,'2017-01-11 09:24:18',30),(300,96,1,1,'2017-01-11 09:39:26',1),(301,97,1,1,'2017-01-11 09:42:05',1),(302,98,1,1,'2017-01-11 09:43:43',1),(303,99,1,1,'2017-01-11 09:45:15',1),(304,22,3,3,'2017-01-11 10:16:33',30),(305,32,3,3,'2017-01-11 10:16:49',30),(306,34,3,3,'2017-01-11 10:16:52',30),(307,101,1,1,'2017-01-12 06:06:57',30),(308,102,1,1,'2017-01-12 09:32:24',30),(309,103,1,1,'2017-01-12 09:34:38',30),(310,104,1,1,'2017-01-12 09:46:34',30),(311,105,1,1,'2017-01-12 09:55:25',30),(312,11,3,3,'2017-01-12 12:06:45',30),(313,106,1,1,'2017-01-12 12:28:53',30),(314,106,3,3,'2017-01-12 12:29:55',106),(315,33,3,3,'2017-01-13 05:30:16',30),(316,33,7,7,'2017-01-13 05:30:16',30),(317,15,7,7,'2017-01-13 05:30:47',30),(318,77,2,2,'2017-01-13 05:31:15',30),(319,81,7,7,'2017-01-13 05:32:00',30),(320,15,9,9,'2017-01-13 05:32:15',30),(321,15,7,7,'2017-01-13 05:32:32',30),(322,15,6,6,'2017-01-13 05:32:39',30),(323,15,6,6,'2017-01-13 05:35:01',30),(324,107,1,1,'2017-01-13 06:48:52',30),(325,108,1,1,'2017-01-13 07:02:36',30),(326,109,1,1,'2017-01-13 07:03:19',30),(327,11,3,3,'2017-01-13 07:28:04',30),(328,11,9,9,'2017-01-13 07:55:48',30),(329,11,7,7,'2017-01-13 07:56:23',30),(330,15,6,6,'2017-01-13 07:59:25',30),(331,2,4,4,'2017-01-13 08:25:22',1),(332,22,4,4,'2017-01-13 08:25:30',1),(333,43,2,2,'2017-01-13 08:37:35',30),(334,11,10,10,'2017-01-13 08:49:19',30),(335,11,10,10,'2017-01-13 08:49:28',30),(336,11,4,4,'2017-01-13 08:50:16',30),(337,11,3,3,'2017-01-13 08:50:27',30),(338,11,10,10,'2017-01-16 06:02:44',30),(339,11,7,7,'2017-01-16 06:08:45',30),(340,48,2,2,'2017-01-16 06:58:49',1),(341,47,2,2,'2017-01-16 07:21:37',1),(342,49,2,2,'2017-01-16 07:22:14',1),(343,75,2,2,'2017-01-16 07:22:28',1),(344,76,2,2,'2017-01-16 07:22:58',1),(345,110,1,1,'2017-01-16 08:33:15',30),(348,110,3,3,'2017-01-16 09:28:21',30),(349,11,10,10,'2017-01-16 09:51:51',1),(350,112,1,1,'2017-01-16 11:20:48',30),(351,113,1,1,'2017-01-16 11:21:32',30),(352,114,1,1,'2017-01-16 11:22:22',30),(353,115,1,1,'2017-01-16 11:22:41',30),(354,116,1,1,'2017-01-16 11:23:04',30),(355,117,1,1,'2017-01-16 11:23:21',30),(356,118,1,1,'2017-01-16 11:23:41',30),(357,119,1,1,'2017-01-16 11:24:00',30),(358,39,2,2,'2017-01-16 11:35:29',30),(359,39,3,3,'2017-01-16 11:35:44',30),(360,39,4,4,'2017-01-16 11:35:50',30),(361,39,5,5,'2017-01-16 11:35:56',30),(362,39,8,8,'2017-01-16 11:36:01',30),(363,39,6,6,'2017-01-16 11:36:06',30),(364,39,7,7,'2017-01-16 11:36:20',30),(365,39,9,9,'2017-01-16 11:36:26',30),(366,39,10,10,'2017-01-16 11:36:31',30),(367,39,2,2,'2017-01-16 11:36:53',30),(368,39,6,6,'2017-01-16 11:36:53',30),(369,120,1,1,'2017-01-17 07:13:05',30),(370,121,1,1,'2017-01-17 07:23:40',30),(371,124,1,1,'2017-01-17 07:34:02',30),(372,11,3,3,'2017-01-17 08:09:21',30),(373,11,3,3,'2017-01-17 08:11:42',30),(374,125,1,1,'2017-01-18 06:37:56',30),(375,125,2,2,'2017-01-18 06:38:27',30),(376,125,3,3,'2017-01-18 06:38:55',30),(377,126,1,1,'2017-01-18 06:51:43',30),(378,127,1,1,'2017-01-18 09:09:41',30),(379,124,2,2,'2017-01-18 09:12:29',30),(380,128,1,1,'2017-01-19 08:56:57',1),(381,129,1,1,'2017-01-19 08:58:03',1),(382,130,1,1,'2017-01-19 09:43:18',11),(383,131,1,1,'2017-01-19 09:43:41',11),(384,72,2,2,'2017-01-20 06:00:42',30),(385,117,2,2,'2017-01-20 06:01:18',30),(386,52,2,2,'2017-01-20 06:01:29',30),(387,55,2,2,'2017-01-20 06:02:47',30),(388,132,1,1,'2017-01-20 06:41:43',30),(389,133,1,1,'2017-01-20 10:02:26',30),(390,134,1,1,'2017-01-20 10:29:10',30),(391,135,1,1,'2017-01-20 10:37:52',30),(392,136,1,1,'2017-01-20 10:38:52',30),(393,137,1,1,'2017-01-20 10:40:24',30),(394,138,1,1,'2017-01-20 10:43:24',14),(395,139,1,1,'2017-01-20 10:51:42',30),(396,139,3,3,'2017-01-20 11:01:03',139),(397,140,1,1,'2017-01-20 11:28:13',14),(398,140,3,3,'2017-01-20 11:31:28',140),(399,141,1,1,'2017-01-20 11:40:36',30),(400,142,1,1,'2017-01-23 05:42:51',30),(401,143,1,1,'2017-01-23 05:44:45',30),(402,143,2,2,'2017-01-23 05:45:48',30),(403,137,3,3,'2017-01-23 05:55:03',30),(404,144,1,1,'2017-01-23 07:17:26',1),(405,142,2,2,'2017-01-23 07:21:34',139),(406,141,2,2,'2017-01-23 07:22:45',139),(407,145,1,1,'2017-01-23 07:46:50',30),(408,146,1,1,'2017-01-23 07:48:03',30),(409,147,1,1,'2017-01-23 10:08:09',14),(410,148,2,2,'2017-01-23 11:19:27',14),(411,148,3,3,'2017-01-23 11:20:42',148),(412,149,1,1,'2017-01-23 12:38:04',30),(413,150,1,1,'2017-01-24 11:47:17',30),(414,151,2,2,'2017-01-24 11:49:10',30),(415,152,1,1,'2017-01-24 11:51:02',30),(416,153,1,1,'2017-01-24 11:53:02',1),(417,151,3,3,'2017-01-24 11:54:58',151),(418,150,2,2,'2017-01-24 11:57:03',151),(419,150,3,3,'2017-01-24 11:58:28',150),(420,153,2,2,'2017-01-24 12:02:25',151),(421,152,2,2,'2017-01-24 12:04:28',151),(422,152,10,10,'2017-01-25 08:53:46',1),(423,152,10,10,'2017-01-25 08:53:47',1),(424,152,10,10,'2017-01-25 08:53:55',1),(425,152,10,10,'2017-01-25 08:59:26',1),(426,152,10,10,'2017-01-25 09:05:56',1),(427,1,10,10,'2017-01-25 10:16:51',1),(428,154,2,2,'2017-01-25 10:23:10',30),(429,154,3,3,'2017-01-25 10:27:23',154),(430,1,10,10,'2017-01-27 06:54:37',1),(431,155,2,2,'2017-01-31 07:51:27',30),(432,156,1,1,'2017-01-31 08:12:19',30),(433,155,3,3,'2017-01-31 08:28:15',155),(434,156,2,2,'2017-01-31 08:28:50',155),(435,156,3,3,'2017-01-31 08:31:43',156),(436,157,2,2,'2017-01-31 10:05:24',1),(437,158,1,1,'2017-02-02 05:38:49',155),(438,158,2,2,'2017-02-02 05:39:46',155),(439,159,1,1,'2017-02-02 06:12:38',155),(440,159,3,3,'2017-02-02 06:35:04',159),(441,156,4,4,'2017-02-02 06:36:35',30),(442,156,3,3,'2017-02-02 06:37:10',30),(443,160,1,1,'2017-02-02 10:15:07',155),(444,161,11,11,'2017-02-03 05:26:44',30),(445,162,11,11,'2017-02-03 06:14:06',30),(446,162,3,3,'2017-02-03 06:20:55',162),(447,162,10,10,'2017-02-03 06:38:50',162),(448,162,10,10,'2017-02-03 06:39:09',162),(449,163,1,1,'2017-02-03 06:44:03',30),(450,163,2,2,'2017-02-03 06:48:43',30),(451,164,1,1,'2017-02-03 06:53:11',30),(452,164,10,10,'2017-02-03 07:23:25',30),(453,164,3,3,'2017-02-03 08:24:11',164),(454,165,11,11,'2017-02-03 08:59:20',30),(455,166,1,1,'2017-02-03 09:13:44',30),(456,167,11,11,'2017-02-03 09:16:55',30),(457,168,11,11,'2017-02-03 09:31:40',30),(458,168,3,3,'2017-02-03 09:39:21',168),(459,169,1,1,'2017-02-03 09:47:27',1),(460,170,11,11,'2017-02-03 10:19:34',30),(461,170,3,3,'2017-02-03 10:30:54',170),(462,170,10,10,'2017-02-03 10:32:11',170),(463,171,1,1,'2017-02-03 10:33:15',30),(464,171,3,3,'2017-02-03 10:36:19',171),(465,171,3,3,'2017-02-03 10:39:36',171),(466,172,1,1,'2017-02-03 10:50:28',30),(467,172,3,3,'2017-02-03 10:53:08',172),(468,172,10,10,'2017-02-03 10:54:42',172),(469,172,2,2,'2017-02-03 10:57:51',30),(470,172,4,4,'2017-02-03 11:02:33',30),(471,172,2,2,'2017-02-03 11:02:43',30),(472,172,4,4,'2017-02-03 11:03:05',30),(473,172,2,2,'2017-02-03 11:04:08',30),(474,172,3,3,'2017-02-03 11:14:11',30),(475,172,2,2,'2017-02-03 11:14:54',30),(476,172,3,3,'2017-02-03 11:15:19',30),(477,172,2,2,'2017-02-03 11:16:26',30),(478,172,3,3,'2017-02-03 11:18:05',30),(479,173,11,11,'2017-02-06 10:50:48',1),(480,30,10,10,'2017-02-07 06:19:39',30),(481,101,10,10,'2017-02-09 06:52:17',30),(482,97,4,4,'2017-02-09 08:43:46',1),(483,26,4,4,'2017-02-09 08:47:17',1),(484,151,4,4,'2017-02-09 08:54:16',30),(485,171,4,4,'2017-02-09 08:58:06',30),(486,137,4,4,'2017-02-09 08:58:44',30),(487,141,4,4,'2017-02-09 08:58:59',30),(488,170,4,4,'2017-02-09 08:59:05',30),(489,142,4,4,'2017-02-09 08:59:13',30),(490,149,4,4,'2017-02-09 08:59:21',30),(491,164,4,4,'2017-02-09 08:59:28',30),(492,139,4,4,'2017-02-09 08:59:34',30),(493,167,4,4,'2017-02-09 08:59:40',30),(494,168,4,4,'2017-02-09 08:59:45',30),(495,161,4,4,'2017-02-09 08:59:53',30),(496,135,4,4,'2017-02-09 09:00:02',30),(497,136,4,4,'2017-02-09 09:00:07',30),(498,162,4,4,'2017-02-09 09:00:12',30),(499,166,4,4,'2017-02-09 09:00:18',30),(500,145,4,4,'2017-02-09 09:01:34',30),(501,146,4,4,'2017-02-09 09:01:44',30),(502,169,4,4,'2017-02-09 09:01:49',30),(503,163,4,4,'2017-02-09 09:01:54',30),(504,89,4,4,'2017-02-09 09:02:53',1),(505,92,4,4,'2017-02-09 09:02:58',1),(506,58,4,4,'2017-02-09 09:03:03',1),(507,36,4,4,'2017-02-09 09:03:08',1),(508,67,4,4,'2017-02-09 09:03:12',1),(509,144,4,4,'2017-02-09 09:03:16',1),(510,108,4,4,'2017-02-09 09:03:21',1),(511,109,4,4,'2017-02-09 09:03:25',1),(512,128,4,4,'2017-02-09 09:03:30',1),(513,130,4,4,'2017-02-09 09:03:35',1),(514,131,4,4,'2017-02-09 09:03:41',1),(515,106,4,4,'2017-02-09 09:03:46',1),(516,104,4,4,'2017-02-09 09:03:51',1),(517,105,4,4,'2017-02-09 09:03:57',1),(518,11,4,4,'2017-02-09 09:04:04',1),(519,156,4,4,'2017-02-09 09:04:11',1),(520,28,4,4,'2017-02-09 09:04:16',1),(521,40,4,4,'2017-02-09 09:04:21',1),(522,63,4,4,'2017-02-09 09:04:34',1),(523,66,4,4,'2017-02-09 09:04:41',1),(524,132,4,4,'2017-02-09 09:04:46',1),(525,81,4,4,'2017-02-09 09:04:52',1),(526,94,4,4,'2017-02-09 09:05:00',1),(527,88,4,4,'2017-02-09 09:05:06',1),(528,82,4,4,'2017-02-09 09:05:11',1),(529,83,4,4,'2017-02-09 09:05:15',1),(530,101,4,4,'2017-02-09 09:05:22',1),(531,103,4,4,'2017-02-09 09:05:26',1),(532,133,4,4,'2017-02-09 09:05:31',1),(533,134,4,4,'2017-02-09 09:05:35',1),(534,138,4,4,'2017-02-09 09:05:39',1),(535,147,4,4,'2017-02-09 09:05:45',1),(536,12,4,4,'2017-02-09 09:05:57',1),(537,14,4,4,'2017-02-09 09:06:03',1),(538,33,4,4,'2017-02-09 09:06:17',1),(539,120,4,4,'2017-02-09 09:06:25',1),(540,79,4,4,'2017-02-09 09:06:31',1),(541,35,4,4,'2017-02-09 09:06:36',1),(542,91,4,4,'2017-02-09 09:06:42',1),(543,93,4,4,'2017-02-09 09:06:47',1),(544,107,4,4,'2017-02-09 09:06:53',1),(545,160,4,4,'2017-02-09 09:06:59',1),(546,20,4,4,'2017-02-09 09:07:08',1),(547,27,4,4,'2017-02-09 09:07:15',1),(548,158,4,4,'2017-02-09 09:07:23',1),(549,159,4,4,'2017-02-09 09:07:29',1),(550,15,4,4,'2017-02-09 09:09:00',155),(551,148,4,4,'2017-02-09 09:10:15',155),(552,157,4,4,'2017-02-09 09:24:42',1),(553,172,4,4,'2017-02-09 09:39:46',1),(554,71,2,2,'2017-02-09 09:48:18',1),(555,54,2,2,'2017-02-09 09:48:31',1),(556,39,4,4,'2017-02-09 10:30:29',1),(557,4,4,4,'2017-02-09 10:32:43',1),(558,16,4,4,'2017-02-09 10:32:48',1),(559,29,4,4,'2017-02-09 10:32:54',1),(560,17,4,4,'2017-02-09 10:33:00',1),(561,18,4,4,'2017-02-09 10:33:06',1),(562,25,4,4,'2017-02-09 10:37:52',1),(563,23,4,4,'2017-02-09 10:37:57',1),(564,24,4,4,'2017-02-09 10:38:03',1),(565,7,4,4,'2017-02-09 10:41:31',30),(566,21,4,4,'2017-02-09 11:11:24',155),(567,150,4,4,'2017-02-10 04:45:39',1),(568,155,2,2,'2017-02-10 05:51:31',30),(569,155,3,3,'2017-02-10 05:51:42',30),(570,140,2,2,'2017-02-10 05:55:16',30),(571,140,3,3,'2017-02-10 05:55:28',30),(572,174,1,1,'2017-02-10 06:09:44',30),(573,175,2,2,'2017-02-10 06:32:06',1),(574,176,2,2,'2017-02-10 07:08:36',1),(575,155,4,4,'2017-02-10 07:28:12',30),(576,177,1,1,'2017-02-10 07:29:26',30),(577,125,4,4,'2017-02-10 07:35:39',1),(578,178,2,2,'2017-02-10 07:38:17',30),(579,178,3,3,'2017-02-10 07:39:06',30),(580,178,4,4,'2017-02-10 07:40:02',1),(581,140,4,4,'2017-02-10 08:13:14',1),(582,179,2,2,'2017-02-10 08:14:15',30),(583,179,3,3,'2017-02-10 08:20:31',179),(584,177,4,4,'2017-02-10 08:21:38',1),(585,180,11,11,'2017-02-10 08:22:44',1),(586,181,1,1,'2017-02-10 08:30:36',30),(587,183,1,1,'2017-02-10 08:57:36',30),(588,183,2,2,'2017-02-10 08:59:27',179),(589,183,3,3,'2017-02-10 09:09:19',1),(590,181,4,4,'2017-02-10 09:19:55',30),(591,154,4,4,'2017-02-10 09:20:59',30),(592,110,4,4,'2017-02-10 09:24:34',30),(593,99,10,10,'2017-02-10 09:34:36',1),(594,99,10,10,'2017-02-10 09:34:43',1),(595,184,2,2,'2017-02-14 07:36:21',30),(596,184,4,4,'2017-02-14 07:37:44',30),(597,185,11,11,'2017-02-16 05:06:12',1),(598,185,3,3,'2017-02-16 05:09:21',185),(599,30,10,10,'2017-02-16 05:46:35',30),(600,179,9,9,'2017-02-16 05:48:42',30),(601,186,11,11,'2017-02-16 06:00:06',30),(602,186,3,3,'2017-02-16 06:02:22',186),(603,183,4,4,'2017-02-16 06:57:52',30),(604,186,10,10,'2017-02-16 08:16:42',186),(605,187,1,1,'2017-02-17 09:17:49',30),(606,186,4,4,'2017-02-17 09:18:11',30),(607,187,3,3,'2017-02-17 09:29:18',187),(608,30,10,10,'2017-02-17 09:41:13',30),(609,188,1,1,'2017-02-17 11:26:35',30),(610,189,1,1,'2017-02-17 12:37:58',30),(611,189,4,4,'2017-02-17 12:40:42',30),(612,190,11,11,'2017-02-20 09:40:22',30),(613,190,3,3,'2017-02-20 09:47:41',190),(614,191,2,2,'2017-02-20 10:09:22',30),(615,191,3,3,'2017-02-20 10:09:42',191),(616,188,4,4,'2017-02-20 10:16:13',30),(617,191,4,4,'2017-02-20 10:16:21',30),(618,187,4,4,'2017-02-20 10:16:26',30),(619,190,4,4,'2017-02-20 10:16:33',30),(620,192,2,2,'2017-02-20 10:17:35',30),(621,192,3,3,'2017-02-20 10:18:06',192),(622,193,2,2,'2017-02-20 11:55:57',30),(623,193,3,3,'2017-02-20 11:56:25',193),(624,194,11,11,'2017-02-21 09:07:19',30),(625,195,11,11,'2017-02-21 09:44:47',30),(626,196,2,2,'2017-02-21 09:53:32',30),(627,197,11,11,'2017-02-21 09:55:16',30),(628,198,11,11,'2017-02-21 10:18:10',30),(629,198,3,3,'2017-02-21 11:16:29',198),(630,198,3,3,'2017-02-21 11:59:22',30),(631,198,9,9,'2017-02-21 11:59:22',30),(632,198,3,3,'2017-02-21 12:35:33',30),(633,198,3,3,'2017-02-21 12:40:36',30),(634,185,2,2,'2017-02-22 06:03:09',1),(635,185,3,3,'2017-02-22 06:04:09',1),(636,199,11,11,'2017-02-24 06:39:56',30),(637,199,3,3,'2017-02-24 07:00:29',199),(638,200,11,11,'2017-02-24 07:05:26',30),(639,200,3,3,'2017-02-24 07:10:29',200),(640,201,11,11,'2017-02-24 07:16:46',30),(641,202,11,11,'2017-02-24 07:19:28',30),(642,202,3,3,'2017-02-24 07:25:09',202),(643,203,11,11,'2017-02-24 07:39:57',30),(644,203,3,3,'2017-02-24 07:40:50',203),(645,204,11,11,'2017-02-24 10:50:34',30),(646,204,3,3,'2017-02-24 10:53:58',204),(647,205,11,11,'2017-02-27 07:08:57',30),(648,201,4,4,'2017-02-27 07:16:40',30),(649,195,4,4,'2017-02-27 07:16:46',30),(650,202,4,4,'2017-02-27 07:16:52',30),(651,203,4,4,'2017-02-27 07:17:02',30),(652,204,4,4,'2017-02-27 07:17:09',30),(653,194,4,4,'2017-02-27 07:17:17',30),(654,197,4,4,'2017-02-27 07:17:24',30),(655,199,4,4,'2017-02-27 07:17:31',30),(656,200,4,4,'2017-02-27 07:17:37',30),(657,205,3,3,'2017-02-27 07:19:20',205),(658,70,2,2,'2017-02-27 07:21:03',30),(659,69,2,2,'2017-02-27 07:21:16',30),(660,196,4,4,'2017-02-27 07:30:03',205),(661,206,11,11,'2017-02-27 08:04:17',30),(662,206,3,3,'2017-02-27 08:14:05',206),(663,198,4,4,'2017-02-28 07:24:41',206),(664,207,2,2,'2017-02-28 09:36:54',30),(665,208,2,2,'2017-02-28 09:42:09',30),(666,206,4,4,'2017-02-28 09:49:06',30),(667,208,3,3,'2017-02-28 10:00:25',208),(668,208,9,9,'2017-02-28 10:11:24',1),(669,173,4,4,'2017-02-28 12:52:26',30),(670,116,2,2,'2017-03-01 05:58:02',30),(671,209,11,11,'2017-03-01 09:37:40',30),(672,209,3,3,'2017-03-01 09:42:25',209),(673,210,11,11,'2017-03-01 09:44:52',30),(674,210,3,3,'2017-03-01 09:47:51',210),(675,30,2,2,'2017-03-01 11:30:29',30),(676,192,4,4,'2017-03-01 12:06:31',30),(677,193,4,4,'2017-03-01 12:06:38',30),(678,209,4,4,'2017-03-01 12:07:01',30),(679,210,4,4,'2017-03-01 12:07:14',30),(680,205,4,4,'2017-03-01 12:13:19',30),(681,211,11,11,'2017-03-02 06:39:37',30),(682,211,3,3,'2017-03-02 06:50:06',211),(683,208,4,4,'2017-03-02 06:51:39',30),(684,212,2,2,'2017-03-02 06:54:35',30),(685,212,3,3,'2017-03-02 06:55:21',212),(686,212,4,4,'2017-03-02 10:14:38',30),(687,213,11,11,'2017-03-02 10:16:09',30),(688,213,3,3,'2017-03-02 10:21:47',213),(689,214,1,1,'2017-03-02 11:00:29',30),(690,213,4,4,'2017-03-02 11:32:24',30),(691,215,1,1,'2017-03-02 11:39:48',30),(692,216,1,1,'2017-03-02 11:42:19',30),(693,179,2,2,'2017-03-02 11:54:40',179),(694,216,3,3,'2017-03-02 12:00:45',216),(695,30,2,2,'2017-03-02 12:35:04',30),(696,30,2,2,'2017-03-03 06:06:04',30),(697,215,4,4,'2017-03-03 06:38:56',179),(698,30,2,2,'2017-03-03 08:46:10',30),(699,214,7,7,'2017-03-03 11:39:58',30),(700,211,7,7,'2017-03-03 11:54:13',30),(701,211,4,4,'2017-03-03 11:55:45',30),(702,211,9,9,'2017-03-03 11:55:45',30),(703,211,2,2,'2017-03-03 11:57:11',30),(704,217,2,2,'2017-03-03 11:57:18',30),(705,211,4,4,'2017-03-03 11:57:47',30),(706,211,3,3,'2017-03-03 11:58:04',30),(707,217,3,3,'2017-03-03 12:01:47',217),(708,218,1,1,'2017-03-03 12:09:54',30),(709,219,11,11,'2017-03-03 12:11:30',1),(710,218,9,9,'2017-03-03 12:19:50',30),(711,211,2,2,'2017-03-03 12:25:03',211),(712,218,3,3,'2017-03-03 12:27:44',218),(713,220,11,11,'2017-03-03 12:40:21',30),(714,220,3,3,'2017-03-03 12:51:44',220),(715,221,1,1,'2017-03-03 13:01:58',179),(716,222,2,2,'2017-03-03 13:11:56',179),(717,223,2,2,'2017-03-03 13:13:15',179),(718,30,2,2,'2017-03-06 06:19:14',30),(719,30,2,2,'2017-03-06 06:19:26',30),(720,224,2,2,'2017-03-06 06:22:32',30),(721,225,2,2,'2017-03-06 06:23:46',30),(722,226,2,2,'2017-03-06 06:24:14',30),(723,227,2,2,'2017-03-06 06:24:43',30),(724,228,2,2,'2017-03-06 06:25:28',30),(725,1,4,4,'2017-03-06 06:58:15',30),(726,1,3,3,'2017-03-06 06:58:22',30),(727,30,2,2,'2017-03-06 07:05:28',30),(728,30,2,2,'2017-03-06 07:05:42',30),(729,30,2,2,'2017-03-06 07:05:51',30),(730,30,2,2,'2017-03-06 07:05:59',30),(731,30,2,2,'2017-03-06 07:06:07',30),(732,30,2,2,'2017-03-06 07:06:16',30),(733,30,2,2,'2017-03-06 07:06:23',30),(734,30,2,2,'2017-03-06 07:06:31',30),(735,229,1,1,'2017-03-06 07:16:54',30),(736,230,2,2,'2017-03-06 07:38:40',30),(737,230,3,3,'2017-03-06 07:39:52',230),(738,229,3,3,'2017-03-06 08:29:18',229),(739,231,11,11,'2017-03-06 09:19:10',30),(740,232,11,11,'2017-03-06 09:20:46',30),(741,232,3,3,'2017-03-06 09:32:54',232),(742,231,3,3,'2017-03-06 09:41:08',231),(743,222,4,4,'2017-03-06 10:49:09',30),(744,233,1,1,'2017-03-06 11:40:57',30),(745,234,1,1,'2017-03-06 11:44:18',30),(746,235,1,1,'2017-03-06 11:45:39',30),(747,236,1,1,'2017-03-06 11:47:15',30),(748,237,1,1,'2017-03-06 11:48:19',30),(749,238,1,1,'2017-03-06 11:50:00',30),(750,239,1,1,'2017-03-06 11:50:27',30),(751,240,1,1,'2017-03-06 11:50:46',30),(752,241,2,2,'2017-03-06 11:59:41',30),(753,230,2,2,'2017-03-06 12:02:57',230),(754,180,8,8,'2017-03-06 12:17:45',30),(755,180,10,10,'2017-03-06 12:17:45',30),(756,180,3,3,'2017-03-06 12:18:21',30),(757,180,3,3,'2017-03-06 12:18:28',30),(758,231,7,7,'2017-03-07 05:57:02',30),(759,30,2,2,'2017-03-07 06:32:59',30),(760,242,1,1,'2017-03-07 06:34:37',30),(761,242,3,3,'2017-03-07 06:45:40',242),(762,243,11,11,'2017-03-07 08:41:24',30),(763,243,3,3,'2017-03-07 08:42:43',243),(764,244,1,1,'2017-03-07 09:38:06',30),(765,245,1,1,'2017-03-07 10:12:40',30),(766,230,3,3,'2017-03-07 12:28:53',30),(767,243,3,3,'2017-03-07 12:32:01',30),(768,230,3,3,'2017-03-07 12:41:07',30),(769,246,2,2,'2017-03-08 12:28:07',30),(770,247,1,1,'2017-03-09 05:49:30',30),(771,233,6,6,'2017-03-09 09:44:23',30),(772,233,7,7,'2017-03-09 09:44:53',30),(773,233,4,4,'2017-03-09 09:45:11',30),(774,233,5,5,'2017-03-09 09:45:34',30),(775,233,7,7,'2017-03-09 09:45:34',30),(776,233,5,5,'2017-03-09 09:45:55',30),(777,233,8,8,'2017-03-09 09:46:19',30),(778,233,9,9,'2017-03-09 09:46:19',30),(779,233,5,5,'2017-03-09 09:47:03',30),(780,233,6,6,'2017-03-09 09:47:03',30),(781,229,2,2,'2017-03-09 09:47:40',30),(782,237,9,9,'2017-03-09 09:48:03',30),(783,233,4,4,'2017-03-09 09:48:24',30),(784,179,5,5,'2017-03-09 10:00:36',30),(785,179,7,7,'2017-03-09 10:00:36',30),(786,229,5,5,'2017-03-09 10:01:09',30),(787,229,7,7,'2017-03-09 10:01:09',30),(788,242,5,5,'2017-03-09 10:01:52',30),(789,242,7,7,'2017-03-09 10:01:52',30),(790,231,5,5,'2017-03-09 10:02:58',30),(791,231,7,7,'2017-03-09 10:02:58',30),(792,242,4,4,'2017-03-09 10:03:27',30),(793,242,5,5,'2017-03-09 10:03:59',30),(794,221,9,9,'2017-03-09 10:05:55',30),(795,221,7,7,'2017-03-09 10:06:38',30),(796,179,5,5,'2017-03-09 10:07:08',30),(797,179,9,9,'2017-03-09 10:07:08',30),(798,221,7,7,'2017-03-09 10:07:44',30),(799,248,2,2,'2017-03-09 10:15:24',30),(800,249,2,2,'2017-03-09 10:23:44',30),(801,237,7,7,'2017-03-09 10:31:49',243),(802,250,1,1,'2017-03-09 10:36:53',30),(803,251,1,1,'2017-03-09 10:40:57',30),(804,252,1,1,'2017-03-09 10:41:38',30),(805,253,1,1,'2017-03-09 10:41:57',30),(806,254,1,1,'2017-03-09 10:42:24',30),(807,255,1,1,'2017-03-09 10:42:40',30),(808,256,1,1,'2017-03-09 10:42:59',30),(809,257,1,1,'2017-03-09 10:43:15',30),(810,258,1,1,'2017-03-09 10:43:35',30),(811,259,1,1,'2017-03-09 10:43:53',30),(812,260,1,1,'2017-03-09 10:44:33',30),(813,243,2,2,'2017-03-09 10:44:57',243),(814,261,11,11,'2017-03-09 10:52:12',30),(815,262,11,11,'2017-03-09 10:54:15',30),(816,263,1,1,'2017-03-09 11:02:56',30),(817,264,1,1,'2017-03-09 11:03:32',30),(818,265,1,1,'2017-03-09 11:06:32',30),(819,230,2,2,'2017-03-09 11:07:24',230),(820,266,1,1,'2017-03-09 11:08:53',30),(821,266,3,3,'2017-03-09 11:12:05',266),(822,267,11,11,'2017-03-10 06:41:36',30),(823,267,3,3,'2017-03-10 06:45:34',267),(824,268,11,11,'2017-03-10 06:55:21',30),(825,268,3,3,'2017-03-10 06:57:04',268),(826,268,2,2,'2017-03-10 08:24:56',268),(827,268,2,2,'2017-03-10 08:25:04',268),(828,268,2,2,'2017-03-10 08:26:21',268),(829,268,2,2,'2017-03-10 08:26:30',268),(830,268,2,2,'2017-03-10 08:26:46',268),(831,268,2,2,'2017-03-10 08:28:12',268),(832,267,2,2,'2017-03-10 08:38:44',30),(833,221,7,7,'2017-03-10 08:43:24',30),(834,267,3,3,'2017-03-10 08:43:48',30),(835,267,2,2,'2017-03-10 08:55:56',267),(836,269,11,11,'2017-03-10 09:36:03',30),(837,269,3,3,'2017-03-10 09:40:06',269),(838,270,1,1,'2017-03-10 09:46:55',269),(839,180,5,5,'2017-03-10 09:57:41',30),(840,180,7,7,'2017-03-10 09:57:42',30),(841,180,3,3,'2017-03-10 09:58:22',30),(842,180,7,7,'2017-03-10 09:58:22',30),(843,180,9,9,'2017-03-10 09:58:41',30),(844,269,3,3,'2017-03-10 10:11:53',269),(845,271,1,1,'2017-03-14 05:50:01',30),(846,272,11,11,'2017-03-15 11:16:08',1),(847,273,11,11,'2017-03-16 08:53:51',30),(848,273,3,3,'2017-03-16 08:55:35',273),(849,274,11,11,'2017-03-16 08:59:00',30),(850,275,11,11,'2017-03-16 09:02:58',30),(851,275,5,5,'2017-03-16 09:04:30',30),(852,275,9,9,'2017-03-16 09:04:30',30),(853,275,8,8,'2017-03-16 09:05:34',30),(854,275,7,7,'2017-03-16 09:05:34',30),(855,276,11,11,'2017-03-16 09:18:28',268),(856,277,1,1,'2017-03-16 09:26:35',268),(857,278,1,1,'2017-03-16 09:28:29',268),(858,274,3,3,'2017-03-16 09:37:19',274),(859,271,4,4,'2017-03-16 09:45:13',30),(860,277,4,4,'2017-03-16 09:45:31',30),(861,264,4,4,'2017-03-16 09:47:03',30),(862,244,4,4,'2017-03-16 09:47:18',30),(863,236,4,4,'2017-03-16 09:47:36',30),(864,234,4,4,'2017-03-16 09:47:44',30),(865,235,4,4,'2017-03-16 09:47:57',30),(866,238,4,4,'2017-03-16 09:48:05',30),(867,240,4,4,'2017-03-16 09:48:16',30),(868,241,4,4,'2017-03-16 09:48:29',30),(869,246,4,4,'2017-03-16 09:48:40',30),(870,229,4,4,'2017-03-16 09:52:58',268),(871,266,4,4,'2017-03-16 11:03:11',268),(872,266,4,4,'2017-03-16 11:03:13',268),(873,239,4,4,'2017-03-16 11:03:20',268),(874,272,4,4,'2017-03-16 11:03:28',268),(875,245,4,4,'2017-03-16 11:03:37',268),(876,248,4,4,'2017-03-16 11:03:43',268),(877,250,4,4,'2017-03-16 11:03:54',268),(878,259,4,4,'2017-03-16 11:04:02',268),(879,260,4,4,'2017-03-16 11:04:11',268),(880,237,4,4,'2017-03-16 11:04:18',268),(881,251,4,4,'2017-03-16 11:04:27',268),(882,252,4,4,'2017-03-16 11:04:35',268),(883,253,4,4,'2017-03-16 11:04:43',268),(884,254,4,4,'2017-03-16 11:04:51',268),(885,256,4,4,'2017-03-16 11:05:02',268),(886,279,1,1,'2017-03-16 11:05:36',268),(887,280,2,2,'2017-03-17 05:41:20',30),(888,281,1,1,'2017-03-17 05:47:22',268),(889,268,2,2,'2017-03-17 05:49:04',268),(890,268,2,2,'2017-03-17 06:03:16',268),(891,230,4,4,'2017-03-17 07:22:52',268),(892,249,4,4,'2017-03-17 07:22:58',268),(893,270,4,4,'2017-03-17 07:23:05',268),(894,247,4,4,'2017-03-17 07:23:11',268),(895,231,4,4,'2017-03-17 07:23:18',268),(896,242,4,4,'2017-03-17 07:23:26',268),(897,243,4,4,'2017-03-17 07:23:59',268),(898,267,4,4,'2017-03-17 07:24:06',268),(899,269,4,4,'2017-03-17 07:24:14',268),(900,273,4,4,'2017-03-17 07:24:22',268),(901,274,4,4,'2017-03-17 07:24:30',268),(902,261,4,4,'2017-03-17 07:24:37',268),(903,262,4,4,'2017-03-17 07:24:43',268),(904,263,4,4,'2017-03-17 07:24:50',268),(905,265,4,4,'2017-03-17 07:24:57',268),(906,275,4,4,'2017-03-17 07:25:03',268),(907,276,4,4,'2017-03-17 07:25:14',268),(908,278,4,4,'2017-03-17 07:25:22',268),(909,233,4,4,'2017-03-17 07:25:31',268),(910,280,4,4,'2017-03-17 07:25:40',268),(911,255,4,4,'2017-03-17 07:25:51',268),(912,257,4,4,'2017-03-17 07:25:58',268),(913,258,4,4,'2017-03-17 07:26:05',268),(914,281,4,4,'2017-03-17 07:26:15',268),(915,282,2,2,'2017-03-17 10:10:22',30),(916,279,4,4,'2017-03-17 10:25:48',30),(917,283,11,11,'2017-03-17 10:26:22',30),(918,284,11,11,'2017-03-17 10:30:21',30),(919,284,3,3,'2017-03-17 10:33:48',284),(920,285,2,2,'2017-03-17 10:52:40',30),(921,286,2,2,'2017-03-17 10:53:56',30),(922,287,1,1,'2017-03-17 10:55:51',268),(923,286,4,4,'2017-03-17 10:57:11',30),(924,288,11,11,'2017-03-17 11:57:17',30),(925,287,4,4,'2017-03-17 12:01:09',30),(926,283,4,4,'2017-03-17 12:01:23',30),(927,288,4,4,'2017-03-17 12:01:33',30),(928,289,11,11,'2017-03-17 12:05:22',30),(929,289,3,3,'2017-03-17 12:11:31',30),(930,289,3,3,'2017-03-17 12:11:36',30),(931,290,11,11,'2017-03-18 09:35:22',30),(932,291,1,1,'2017-03-18 10:09:17',217),(933,291,9,9,'2017-03-18 10:13:42',30),(934,291,9,9,'2017-03-18 10:13:43',30),(935,292,11,11,'2017-03-20 11:53:07',30),(936,292,3,3,'2017-03-20 11:54:24',292),(937,293,11,11,'2017-03-20 11:58:43',30),(938,293,3,3,'2017-03-20 12:04:08',293),(939,30,2,2,'2017-03-21 12:23:18',30),(940,30,2,2,'2017-03-21 12:24:09',30),(941,30,2,2,'2017-03-21 12:24:21',30),(942,30,2,2,'2017-03-21 12:24:43',30),(943,30,2,2,'2017-03-21 12:24:48',30),(944,30,2,2,'2017-03-21 12:24:55',30),(945,30,2,2,'2017-03-21 12:24:56',30),(946,30,2,2,'2017-03-21 12:25:00',30),(947,30,2,2,'2017-03-21 12:25:01',30),(948,30,2,2,'2017-03-21 12:25:05',30),(949,30,2,2,'2017-03-21 12:25:07',30),(950,30,2,2,'2017-03-21 12:25:11',30),(951,30,2,2,'2017-03-21 12:25:12',30),(952,30,2,2,'2017-03-21 12:25:16',30),(953,30,2,2,'2017-03-21 12:25:17',30),(954,30,2,2,'2017-03-21 12:25:21',30),(955,30,2,2,'2017-03-21 12:25:22',30),(956,30,2,2,'2017-03-21 12:25:26',30),(957,30,2,2,'2017-03-21 12:25:27',30),(958,30,2,2,'2017-03-21 12:25:31',30),(959,30,2,2,'2017-03-21 12:25:32',30),(960,30,2,2,'2017-03-21 12:25:36',30),(961,30,2,2,'2017-03-21 12:25:38',30),(962,30,2,2,'2017-03-21 12:25:41',30),(963,30,2,2,'2017-03-21 12:25:43',30),(964,30,2,2,'2017-03-21 12:25:47',30),(965,30,2,2,'2017-03-21 12:25:48',30),(966,30,2,2,'2017-03-21 12:25:52',30),(967,30,2,2,'2017-03-21 12:25:53',30),(968,30,2,2,'2017-03-21 12:25:57',30),(969,30,2,2,'2017-03-21 12:25:59',30),(970,30,2,2,'2017-03-21 12:26:02',30),(971,30,2,2,'2017-03-21 12:26:03',30),(972,30,2,2,'2017-03-21 12:26:07',30),(973,30,2,2,'2017-03-21 12:26:09',30),(974,30,2,2,'2017-03-21 12:26:12',30),(975,30,2,2,'2017-03-21 12:26:15',30),(976,30,2,2,'2017-03-21 12:26:18',30),(977,30,2,2,'2017-03-21 12:26:20',30),(978,30,2,2,'2017-03-21 12:26:23',30),(979,30,2,2,'2017-03-21 12:26:25',30),(980,30,2,2,'2017-03-21 12:26:28',30),(981,30,2,2,'2017-03-21 12:26:30',30),(982,30,2,2,'2017-03-21 12:26:33',30),(983,30,2,2,'2017-03-21 12:26:35',30),(984,30,2,2,'2017-03-21 12:26:38',30),(985,30,2,2,'2017-03-21 12:26:40',30),(986,292,4,4,'2017-03-22 09:42:04',268),(987,294,11,11,'2017-03-22 10:34:22',30),(988,295,2,2,'2017-03-22 10:48:50',30),(989,296,2,2,'2017-03-22 10:49:31',30),(990,294,3,3,'2017-03-22 10:56:42',30),(991,297,2,2,'2017-03-22 11:55:48',30),(992,298,11,11,'2017-03-23 09:01:39',30),(993,298,3,3,'2017-03-23 09:06:04',30),(994,298,4,4,'2017-03-23 09:06:16',30),(995,298,3,3,'2017-03-23 09:06:31',30),(996,299,11,11,'2017-03-23 09:29:18',30),(997,300,2,2,'2017-03-23 09:50:55',30),(998,300,3,3,'2017-03-23 09:55:20',300),(999,297,4,4,'2017-03-23 09:57:07',30),(1000,296,4,4,'2017-03-23 09:57:18',30),(1001,295,4,4,'2017-03-23 09:57:26',30),(1002,293,4,4,'2017-03-23 09:57:38',30),(1003,301,2,2,'2017-03-23 10:15:07',30),(1004,301,3,3,'2017-03-23 10:16:36',301),(1005,300,10,10,'2017-03-23 10:20:26',30),(1006,302,2,2,'2017-03-23 10:58:48',30),(1007,302,3,3,'2017-03-23 11:00:32',30),(1008,302,10,10,'2017-03-23 11:00:32',30),(1009,302,3,3,'2017-03-23 11:00:37',30),(1010,302,10,10,'2017-03-23 11:00:37',30),(1011,303,2,2,'2017-03-23 12:24:11',30),(1012,304,2,2,'2017-03-23 12:25:55',30),(1013,305,2,2,'2017-03-23 12:26:54',30),(1014,306,2,2,'2017-03-23 12:32:08',30),(1015,307,2,2,'2017-03-23 12:35:07',30),(1016,308,2,2,'2017-03-23 13:21:19',30),(1017,309,2,2,'2017-03-24 06:08:56',30),(1018,309,4,4,'2017-03-24 06:09:42',30),(1019,310,2,2,'2017-03-24 06:17:22',30),(1020,311,11,11,'2017-03-24 06:18:15',30),(1021,312,1,1,'2017-03-24 06:20:14',30),(1022,311,3,3,'2017-03-24 06:21:27',30),(1023,310,3,3,'2017-03-24 06:26:55',310),(1024,311,9,9,'2017-03-24 06:27:36',30),(1025,310,2,2,'2017-03-24 06:27:54',310),(1026,311,7,7,'2017-03-24 06:28:14',30),(1027,302,4,4,'2017-03-24 06:48:51',30),(1028,313,1,1,'2017-03-24 06:50:53',30),(1029,314,1,1,'2017-03-24 06:55:08',30),(1030,300,2,2,'2017-03-24 07:27:47',300),(1031,207,4,4,'2017-03-24 07:33:52',30),(1032,315,1,1,'2017-03-24 08:56:47',30),(1033,316,1,1,'2017-03-24 09:03:15',30),(1034,317,1,1,'2017-03-24 09:07:34',30),(1035,300,2,2,'2017-03-24 09:21:19',300),(1036,300,2,2,'2017-03-24 09:21:31',300),(1037,318,11,11,'2017-03-24 09:57:36',30),(1038,318,3,3,'2017-03-24 10:01:02',30),(1039,319,11,11,'2017-03-24 10:30:06',30),(1040,319,3,3,'2017-03-24 10:35:27',319),(1041,320,11,11,'2017-03-24 10:44:54',30),(1042,320,3,3,'2017-03-24 10:46:06',320),(1043,321,2,2,'2017-03-24 10:49:21',30),(1044,322,11,11,'2017-03-24 11:01:57',30),(1045,322,3,3,'2017-03-24 11:03:22',322),(1046,315,3,3,'2017-03-24 11:03:45',315),(1047,315,2,2,'2017-03-24 11:05:51',315),(1048,323,11,11,'2017-03-24 11:09:16',30),(1049,323,3,3,'2017-03-24 11:10:06',323),(1050,323,2,2,'2017-03-24 11:11:30',30),(1051,323,5,5,'2017-03-24 11:11:56',30),(1052,306,4,4,'2017-03-24 11:25:52',30),(1053,314,4,4,'2017-03-24 11:26:09',30),(1054,316,4,4,'2017-03-24 11:26:22',30),(1055,324,2,2,'2017-03-24 11:29:33',30),(1056,324,3,3,'2017-03-24 11:32:53',324),(1057,324,2,2,'2017-03-24 11:39:25',30),(1058,324,3,3,'2017-03-24 11:40:57',30),(1059,324,3,3,'2017-03-24 11:40:59',30),(1060,324,3,3,'2017-03-24 12:34:48',30),(1061,325,2,2,'2017-03-27 06:25:10',30),(1062,325,3,3,'2017-03-27 06:26:22',30),(1063,326,2,2,'2017-03-27 06:29:43',30),(1064,326,3,3,'2017-03-27 06:30:40',326),(1065,327,11,11,'2017-03-27 06:41:20',30),(1066,327,3,3,'2017-03-27 06:49:26',327),(1067,321,3,3,'2017-03-27 07:05:55',30),(1068,328,2,2,'2017-03-27 09:50:56',30),(1069,329,1,1,'2017-03-27 09:54:30',30),(1070,330,1,1,'2017-03-27 09:57:59',30),(1071,331,2,2,'2017-03-27 10:14:35',30),(1072,331,3,3,'2017-03-27 10:15:10',331),(1073,332,1,1,'2017-03-27 10:19:51',30),(1074,333,2,2,'2017-03-27 10:23:39',30),(1075,333,3,3,'2017-03-27 10:24:55',333),(1076,333,2,2,'2017-03-27 10:25:36',333),(1077,332,3,3,'2017-03-27 10:36:45',30),(1078,331,3,3,'2017-03-27 10:45:20',30),(1079,332,3,3,'2017-03-27 10:53:32',332),(1080,332,2,2,'2017-03-27 11:02:37',332),(1081,334,2,2,'2017-03-27 12:30:09',30),(1082,334,3,3,'2017-03-27 12:30:59',334),(1083,335,11,11,'2017-03-28 06:55:08',30),(1084,336,1,1,'2017-03-28 06:56:03',30),(1085,337,2,2,'2017-03-28 06:58:19',30),(1086,338,11,11,'2017-03-28 06:58:56',30),(1087,337,3,3,'2017-03-28 07:00:22',337),(1088,339,2,2,'2017-03-28 07:05:45',30),(1089,339,3,3,'2017-03-28 07:08:37',339),(1090,340,11,11,'2017-03-28 07:11:51',339),(1091,341,11,11,'2017-03-28 07:18:54',1),(1092,342,11,11,'2017-03-28 07:20:47',339),(1093,343,11,11,'2017-03-28 07:21:10',30),(1094,344,11,11,'2017-03-28 07:22:45',339),(1095,345,2,2,'2017-03-28 07:31:05',30),(1096,346,1,1,'2017-03-28 07:32:34',30),(1097,347,2,2,'2017-03-28 08:46:55',30),(1098,348,11,11,'2017-03-28 09:11:31',30),(1099,349,11,11,'2017-03-28 09:12:35',30),(1100,348,3,3,'2017-03-28 09:13:02',348),(1101,349,3,3,'2017-03-28 09:14:26',349),(1102,350,11,11,'2017-03-28 09:22:51',30),(1103,350,3,3,'2017-03-28 09:25:30',350),(1104,351,11,11,'2017-03-28 09:28:22',30),(1105,351,3,3,'2017-03-28 09:30:16',351),(1106,352,2,2,'2017-03-28 09:41:19',30),(1107,353,11,11,'2017-03-28 09:45:49',30),(1108,353,3,3,'2017-03-28 09:47:38',353),(1109,354,11,11,'2017-03-28 09:53:04',30),(1110,354,3,3,'2017-03-28 09:54:40',354),(1111,355,11,11,'2017-03-28 10:02:21',30),(1112,355,3,3,'2017-03-28 10:05:07',355),(1113,333,2,2,'2017-03-28 10:41:19',333),(1114,356,1,1,'2017-03-28 10:44:37',30),(1115,333,2,2,'2017-03-28 10:47:03',333),(1116,356,3,3,'2017-03-28 10:47:26',356),(1117,332,7,7,'2017-03-28 12:30:24',30),(1118,332,10,10,'2017-03-28 12:30:56',30),(1119,352,10,10,'2017-03-28 12:31:35',30),(1120,357,2,2,'2017-03-29 08:46:54',30),(1121,357,3,3,'2017-03-29 08:49:25',357),(1122,358,1,1,'2017-03-29 09:05:45',30),(1123,333,2,2,'2017-03-29 09:06:39',333),(1124,358,3,3,'2017-03-29 09:07:12',358),(1125,359,1,1,'2017-03-29 09:10:44',30),(1126,333,2,2,'2017-03-29 09:11:07',333),(1127,359,3,3,'2017-03-29 09:11:42',359),(1128,360,1,1,'2017-03-29 09:17:06',30),(1129,360,3,3,'2017-03-29 09:27:21',360),(1130,361,2,2,'2017-03-29 10:03:28',30),(1131,361,3,3,'2017-03-29 10:09:20',361),(1132,362,2,2,'2017-03-29 10:19:14',30),(1133,362,3,3,'2017-03-29 10:19:39',362),(1134,353,5,5,'2017-03-29 10:47:07',30),(1135,353,7,7,'2017-03-29 10:48:14',30),(1136,353,10,10,'2017-03-29 10:49:00',30),(1137,353,3,3,'2017-03-29 10:49:21',30),(1138,361,3,3,'2017-03-29 10:49:46',30),(1139,363,1,1,'2017-03-30 05:29:52',30),(1140,333,2,2,'2017-03-30 05:31:03',333),(1141,363,3,3,'2017-03-30 05:32:22',363),(1142,364,1,1,'2017-03-30 05:45:26',30),(1143,364,3,3,'2017-03-30 06:31:09',364),(1144,362,4,4,'2017-03-30 06:39:32',30),(1145,329,4,4,'2017-03-30 06:39:46',30),(1146,336,4,4,'2017-03-30 06:40:02',30),(1147,330,4,4,'2017-03-30 06:40:24',30),(1148,352,4,4,'2017-03-30 06:40:38',30),(1149,359,4,4,'2017-03-30 06:41:02',30),(1150,345,3,3,'2017-03-30 06:53:14',30),(1151,365,11,11,'2017-03-30 07:04:02',30),(1152,365,3,3,'2017-03-30 07:05:30',365),(1153,218,4,4,'2017-03-30 07:06:44',30),(1154,366,11,11,'2017-03-30 07:09:13',30),(1155,328,4,4,'2017-03-30 07:10:42',30),(1156,366,3,3,'2017-03-30 07:11:47',366),(1157,367,1,1,'2017-03-30 08:18:56',30),(1158,368,11,11,'2017-03-30 09:44:09',30),(1159,369,1,1,'2017-03-30 09:56:53',30),(1160,370,1,1,'2017-03-30 10:27:17',30),(1161,361,4,4,'2017-03-30 10:33:24',30),(1162,333,3,3,'2017-03-30 10:42:00',30),(1163,333,3,3,'2017-03-30 10:42:05',30),(1164,371,1,1,'2017-03-31 04:57:02',30),(1165,333,2,2,'2017-03-31 04:59:22',333),(1166,371,3,3,'2017-03-31 05:01:32',371),(1167,372,1,1,'2017-03-31 05:05:14',30),(1168,372,3,3,'2017-03-31 05:12:32',372),(1169,304,4,4,'2017-03-31 06:08:49',30),(1170,373,2,2,'2017-03-31 06:16:26',30),(1171,374,1,1,'2017-03-31 07:03:11',30),(1172,375,1,1,'2017-03-31 07:05:44',30),(1173,373,4,4,'2017-03-31 08:35:52',30),(1174,300,3,3,'2017-03-31 09:17:33',30),(1175,347,4,4,'2017-03-31 09:26:55',30),(1176,376,2,2,'2017-03-31 09:28:57',30),(1177,376,3,3,'2017-03-31 09:29:32',376),(1178,377,11,11,'2017-03-31 09:48:43',30),(1179,378,2,2,'2017-03-31 09:49:47',30),(1180,378,3,3,'2017-03-31 09:52:06',378),(1181,356,4,4,'2017-03-31 10:00:50',30),(1182,379,1,1,'2017-03-31 10:43:49',30),(1183,379,3,3,'2017-03-31 10:46:34',379),(1184,380,1,1,'2017-04-01 08:02:48',30),(1185,381,1,1,'2017-04-01 08:05:28',30),(1186,382,2,2,'2017-04-01 08:08:14',30),(1187,383,2,2,'2017-04-01 09:50:37',30),(1188,384,1,1,'2017-04-03 09:55:45',30),(1189,303,4,4,'2017-04-03 10:46:51',30),(1190,312,4,4,'2017-04-03 10:47:00',30),(1191,371,4,4,'2017-04-03 12:27:55',30),(1192,305,4,4,'2017-04-03 13:07:31',30),(1193,353,10,10,'2017-04-04 05:43:36',30),(1194,321,10,10,'2017-04-04 05:45:29',30),(1195,317,3,3,'2017-04-04 05:46:10',30),(1196,368,3,3,'2017-04-04 05:50:56',30),(1197,368,3,3,'2017-04-04 05:51:01',30),(1198,385,2,2,'2017-04-04 06:18:01',30),(1199,385,3,3,'2017-04-04 06:21:02',385),(1200,386,1,1,'2017-04-04 06:33:49',385),(1201,386,4,4,'2017-04-04 06:34:46',30),(1202,387,11,11,'2017-04-04 07:01:08',30),(1203,388,2,2,'2017-04-04 07:15:55',30),(1204,388,3,3,'2017-04-04 07:16:26',388),(1205,389,1,1,'2017-04-04 09:18:10',30),(1206,390,1,1,'2017-04-04 09:19:09',30),(1207,391,1,1,'2017-04-04 09:22:44',30),(1208,333,2,2,'2017-04-04 09:27:44',333),(1209,392,11,11,'2017-04-04 12:47:22',30),(1210,393,1,1,'2017-04-04 12:50:57',385),(1211,393,3,3,'2017-04-04 12:54:13',393),(1212,394,2,2,'2017-04-05 05:38:26',300),(1213,394,3,3,'2017-04-05 05:39:54',394),(1214,395,2,2,'2017-04-05 06:04:08',30),(1215,396,2,2,'2017-04-05 06:06:05',30),(1216,397,2,2,'2017-04-05 06:08:02',300),(1217,398,1,1,'2017-04-05 06:09:51',300),(1218,300,2,2,'2017-04-05 06:10:29',300),(1219,397,4,4,'2017-04-05 06:49:26',300),(1220,301,4,4,'2017-04-05 07:03:05',300),(1221,301,3,3,'2017-04-05 07:03:37',300),(1222,301,3,3,'2017-04-05 07:03:41',300),(1223,399,2,2,'2017-04-05 12:14:04',30),(1224,400,11,11,'2017-04-06 05:25:43',30),(1225,400,3,3,'2017-04-06 05:34:50',400),(1226,331,4,4,'2017-04-06 06:54:30',30),(1227,401,2,2,'2017-04-06 07:05:39',30),(1228,402,2,2,'2017-04-06 07:06:53',30),(1229,402,3,3,'2017-04-06 07:07:48',402),(1230,378,4,4,'2017-04-06 07:17:21',30),(1231,363,4,4,'2017-04-06 07:23:40',402),(1232,403,2,2,'2017-04-06 07:31:06',30),(1233,403,3,3,'2017-04-06 07:31:53',403),(1234,404,2,2,'2017-04-07 09:54:45',30),(1235,405,2,2,'2017-04-07 09:56:26',30),(1236,404,3,3,'2017-04-07 09:57:02',30),(1237,405,3,3,'2017-04-07 09:57:31',405),(1238,404,3,3,'2017-04-07 09:57:48',30),(1239,406,11,11,'2017-04-07 09:59:58',30),(1240,407,2,2,'2017-04-07 10:07:51',30),(1241,407,3,3,'2017-04-07 10:08:28',407),(1242,408,2,2,'2017-04-07 10:27:50',30),(1243,409,2,2,'2017-04-10 05:20:48',30),(1244,409,3,3,'2017-04-10 05:22:16',409),(1245,410,2,2,'2017-04-10 05:45:04',30),(1246,410,3,3,'2017-04-10 05:45:52',410),(1247,411,2,2,'2017-04-11 06:22:29',30),(1248,411,3,3,'2017-04-11 06:23:54',411),(1249,412,2,2,'2017-04-11 06:36:11',30),(1250,412,3,3,'2017-04-11 06:37:05',412),(1251,413,2,2,'2017-04-11 06:39:06',30),(1252,413,3,3,'2017-04-11 06:39:41',413),(1253,414,2,2,'2017-04-11 07:02:26',30),(1254,414,3,3,'2017-04-11 07:03:20',414),(1255,415,2,2,'2017-04-11 08:07:30',30),(1256,415,3,3,'2017-04-11 08:08:19',415),(1257,377,3,3,'2017-04-11 08:45:53',30),(1258,377,3,3,'2017-04-11 08:45:57',30),(1259,30,2,2,'2017-04-11 12:01:00',30),(1260,416,2,2,'2017-04-12 05:45:10',30),(1261,416,4,4,'2017-04-12 05:46:35',30),(1262,417,11,11,'2017-04-12 05:48:31',30),(1263,418,2,2,'2017-04-13 06:16:37',30),(1264,419,11,11,'2017-04-13 08:15:49',30),(1265,420,2,2,'2017-04-13 10:50:54',30),(1266,420,3,3,'2017-04-13 10:51:48',420),(1267,421,2,2,'2017-04-13 10:55:29',30),(1268,421,3,3,'2017-04-13 10:56:12',421),(1269,422,2,2,'2017-04-14 06:56:54',30),(1270,422,3,3,'2017-04-14 06:57:48',422),(1271,423,2,2,'2017-04-17 07:22:35',30),(1272,423,3,3,'2017-04-17 07:26:28',423),(1273,424,2,2,'2017-04-18 04:59:11',30),(1274,424,3,3,'2017-04-18 05:00:35',424),(1275,425,2,2,'2017-04-18 05:02:41',30),(1276,426,2,2,'2017-04-18 05:13:55',30),(1277,425,3,3,'2017-04-18 05:16:47',425),(1278,426,3,3,'2017-04-18 05:18:01',426),(1279,427,2,2,'2017-04-18 05:25:38',30),(1280,427,3,3,'2017-04-18 05:26:16',427),(1281,425,4,4,'2017-04-18 05:30:51',30),(1282,424,4,4,'2017-04-18 05:31:18',30),(1283,428,2,2,'2017-04-18 06:04:16',30),(1284,428,3,3,'2017-04-18 06:04:59',428),(1285,429,2,2,'2017-04-18 10:08:19',30),(1286,429,3,3,'2017-04-18 10:09:08',429),(1287,430,2,2,'2017-04-18 15:16:48',1),(1288,430,3,3,'2017-04-18 15:18:14',430),(1289,431,11,11,'2017-04-19 09:47:37',30),(1290,409,4,4,'2017-04-19 09:56:46',30),(1291,428,4,4,'2017-04-19 09:57:19',30),(1292,432,2,2,'2017-04-19 11:51:46',1),(1293,433,2,2,'2017-04-20 04:27:13',30),(1294,433,3,3,'2017-04-20 04:29:07',433),(1295,434,2,2,'2017-04-20 06:15:29',30),(1296,434,3,3,'2017-04-20 06:15:57',434),(1297,435,2,2,'2017-04-20 06:23:59',30),(1298,435,3,3,'2017-04-20 06:24:59',435),(1299,435,4,4,'2017-04-20 06:40:15',30),(1300,434,4,4,'2017-04-20 06:40:34',30),(1301,436,2,2,'2017-04-20 06:41:58',30),(1302,436,4,4,'2017-04-20 06:43:49',30),(1303,437,2,2,'2017-04-20 06:45:34',30),(1304,437,3,3,'2017-04-20 06:46:37',437),(1305,438,2,2,'2017-04-20 07:33:59',30),(1306,438,3,3,'2017-04-20 07:34:37',438),(1307,439,2,2,'2017-04-20 09:02:27',30),(1308,440,2,2,'2017-04-20 09:08:48',30),(1309,439,3,3,'2017-04-20 09:10:39',439),(1310,440,3,3,'2017-04-20 09:11:50',440),(1311,441,2,2,'2017-04-20 10:02:50',30),(1312,441,3,3,'2017-04-20 10:03:48',441),(1313,392,3,3,'2017-04-21 09:00:00',30),(1314,442,1,1,'2017-04-24 07:12:04',392),(1315,443,1,1,'2017-04-24 09:41:33',334),(1316,444,1,1,'2017-04-24 09:43:44',334),(1317,445,1,1,'2017-04-24 09:53:08',334),(1318,446,1,1,'2017-04-24 09:54:13',334),(1319,447,1,1,'2017-04-24 09:55:17',334),(1320,448,1,1,'2017-04-24 09:59:58',334),(1321,449,1,1,'2017-04-24 10:08:38',334),(1322,450,1,1,'2017-04-25 04:15:44',392),(1323,451,2,2,'2017-04-25 11:14:36',1),(1324,452,2,2,'2017-04-25 11:16:20',30),(1325,453,2,2,'2017-04-26 05:26:40',30),(1326,453,3,3,'2017-04-26 05:27:39',453),(1327,454,11,11,'2017-04-26 05:30:16',30),(1328,455,2,2,'2017-04-26 05:47:03',30),(1329,456,11,11,'2017-04-26 05:48:03',30),(1330,457,2,2,'2017-04-27 10:16:28',30),(1331,457,3,3,'2017-04-27 10:27:26',457),(1332,458,2,2,'2017-04-27 11:40:29',457),(1333,459,2,2,'2017-04-27 11:44:00',457),(1334,460,2,2,'2017-04-27 11:45:47',30),(1335,460,3,3,'2017-04-27 11:46:40',460),(1336,459,3,3,'2017-04-27 11:48:01',459),(1337,461,2,2,'2017-04-28 05:01:54',457),(1338,461,3,3,'2017-04-28 05:12:42',461),(1339,459,6,6,'2017-04-28 05:14:29',461),(1340,459,6,6,'2017-04-28 05:14:31',461),(1341,462,2,2,'2017-05-02 06:32:07',457),(1342,462,3,3,'2017-05-02 06:33:57',462),(1343,463,2,2,'2017-05-02 06:54:39',30),(1344,463,3,3,'2017-05-02 06:56:43',463),(1345,464,2,2,'2017-05-02 07:18:51',462),(1346,465,2,2,'2017-05-02 07:20:18',462),(1347,465,3,3,'2017-05-02 07:21:04',465),(1348,466,2,2,'2017-05-02 10:27:41',30),(1349,466,3,3,'2017-05-02 10:29:51',466),(1350,467,2,2,'2017-05-02 10:41:22',466),(1351,467,3,3,'2017-05-02 10:42:32',467),(1352,468,2,2,'2017-05-02 10:47:24',467),(1353,468,3,3,'2017-05-02 10:48:07',468),(1354,469,1,1,'2017-05-02 11:02:20',467),(1355,468,2,2,'2017-05-02 11:05:15',468),(1356,469,3,3,'2017-05-02 11:05:44',469),(1357,403,4,4,'2017-05-02 11:59:04',30),(1358,470,2,2,'2017-05-02 12:07:03',30),(1359,470,3,3,'2017-05-02 12:08:21',470),(1360,471,2,2,'2017-05-03 05:11:19',30),(1361,471,3,3,'2017-05-03 05:12:33',471),(1362,472,2,2,'2017-05-03 05:17:49',471),(1363,472,3,3,'2017-05-03 05:18:54',472),(1364,473,2,2,'2017-05-03 07:07:57',471),(1365,473,3,3,'2017-05-03 07:22:31',473),(1366,474,2,2,'2017-05-03 09:11:11',471),(1367,474,3,3,'2017-05-03 09:19:18',474),(1368,475,1,1,'2017-05-03 09:39:13',471),(1369,476,1,1,'2017-05-03 09:55:33',471),(1370,474,2,2,'2017-05-03 09:56:02',474),(1371,477,11,11,'2017-05-03 09:58:45',471),(1372,478,2,2,'2017-05-03 10:02:57',471),(1373,478,3,3,'2017-05-03 10:03:59',478),(1374,476,3,3,'2017-05-03 10:07:29',476),(1375,441,4,4,'2017-05-03 10:08:01',30),(1376,479,2,2,'2017-05-03 10:14:49',30),(1377,479,3,3,'2017-05-03 10:15:36',479),(1378,473,9,9,'2017-05-03 10:34:45',478),(1379,473,9,9,'2017-05-03 10:34:47',478),(1380,473,9,9,'2017-05-03 10:34:47',478),(1381,473,9,9,'2017-05-03 10:34:47',478),(1382,473,7,7,'2017-05-03 10:35:37',478),(1383,475,3,3,'2017-05-03 11:38:11',475),(1384,477,3,3,'2017-05-03 11:53:28',477),(1385,480,2,2,'2017-05-03 13:28:10',1),(1386,478,9,9,'2017-05-04 04:26:23',471),(1387,478,7,7,'2017-05-04 04:26:38',471),(1388,481,2,2,'2017-05-04 04:54:49',471),(1389,481,3,3,'2017-05-04 04:56:15',481),(1390,482,2,2,'2017-05-04 05:10:30',471),(1391,482,3,3,'2017-05-04 05:11:35',482),(1392,482,4,4,'2017-05-04 05:30:41',471),(1393,483,2,2,'2017-05-04 06:13:46',457),(1394,484,2,2,'2017-05-04 08:56:10',477),(1395,484,3,3,'2017-05-04 08:56:53',484),(1396,368,4,4,'2017-05-04 10:12:07',471),(1397,484,4,4,'2017-05-04 10:31:53',477),(1398,485,2,2,'2017-05-05 05:43:00',471),(1399,485,3,3,'2017-05-05 05:44:18',485),(1400,124,3,3,'2017-05-05 10:54:54',471),(1401,124,3,3,'2017-05-05 10:54:55',471),(1402,124,4,4,'2017-05-05 10:55:06',471),(1403,486,2,2,'2017-05-05 11:42:08',457),(1404,486,3,3,'2017-05-05 11:44:11',486),(1405,487,2,2,'2017-05-05 12:29:05',457),(1406,487,3,3,'2017-05-05 12:29:57',487),(1407,488,2,2,'2017-05-05 13:01:21',457),(1408,488,3,3,'2017-05-05 13:01:51',488),(1409,489,2,2,'2017-05-09 05:24:40',457),(1410,489,3,3,'2017-05-09 05:25:35',489),(1411,466,4,4,'2017-05-09 05:47:21',457),(1412,490,11,11,'2017-05-09 05:58:35',1),(1413,491,2,2,'2017-05-09 06:01:08',1),(1414,491,3,3,'2017-05-09 06:02:51',491),(1415,490,3,3,'2017-05-09 06:10:38',457),(1416,490,3,3,'2017-05-09 06:12:57',490),(1417,492,11,11,'2017-05-10 11:31:37',491),(1418,493,11,11,'2017-05-10 11:34:11',491),(1419,494,2,2,'2017-05-10 11:35:53',1),(1420,493,3,3,'2017-05-10 11:36:23',493),(1421,495,2,2,'2017-05-10 13:27:53',491),(1422,124,3,3,'2017-05-11 09:05:06',491),(1423,143,3,3,'2017-05-11 09:05:22',491),(1424,143,3,3,'2017-05-11 09:05:24',491),(1425,143,4,4,'2017-05-11 09:05:43',491),(1426,61,4,4,'2017-05-11 09:06:42',491),(1427,115,3,3,'2017-05-11 09:06:57',491),(1428,143,3,3,'2017-05-11 09:11:27',491),(1429,479,4,4,'2017-05-11 09:12:51',491),(1430,493,4,4,'2017-05-11 09:27:17',491),(1431,339,4,4,'2017-05-11 12:29:07',491),(1432,339,4,4,'2017-05-11 12:29:10',491),(1433,339,3,3,'2017-05-11 12:29:48',491),(1434,496,2,2,'2017-05-12 05:26:39',491),(1435,496,3,3,'2017-05-12 05:33:31',496),(1436,496,4,4,'2017-05-12 05:37:23',491),(1437,496,4,4,'2017-05-12 05:37:25',491),(1438,496,4,4,'2017-05-12 05:37:25',491),(1439,496,4,4,'2017-05-12 05:37:25',491),(1440,496,4,4,'2017-05-12 05:37:25',491),(1441,496,3,3,'2017-05-12 05:38:06',491),(1442,496,4,4,'2017-05-12 05:38:32',491),(1443,496,3,3,'2017-05-12 05:39:59',491),(1444,496,2,2,'2017-05-12 05:41:51',491),(1445,496,2,2,'2017-05-12 05:47:31',491),(1446,496,9,9,'2017-05-12 05:47:31',491),(1447,496,2,2,'2017-05-12 05:47:32',491),(1448,496,9,9,'2017-05-12 05:47:32',491),(1449,496,7,7,'2017-05-12 05:48:38',491),(1450,496,3,3,'2017-05-12 05:49:12',491),(1451,496,4,4,'2017-05-12 05:50:29',491),(1452,496,2,2,'2017-05-12 05:54:44',491),(1453,496,3,3,'2017-05-12 06:45:17',491),(1454,496,2,2,'2017-05-12 06:46:23',491),(1455,452,4,4,'2017-05-12 09:12:58',491),(1456,496,3,3,'2017-05-12 09:40:13',491),(1457,496,3,3,'2017-05-12 09:40:14',491),(1458,496,3,3,'2017-05-12 09:40:14',491),(1459,496,3,3,'2017-05-12 09:40:14',491),(1460,496,3,3,'2017-05-12 09:40:15',491),(1461,496,2,2,'2017-05-12 09:45:44',491),(1462,496,3,3,'2017-05-12 09:46:26',491),(1463,497,2,2,'2017-05-12 10:28:36',491),(1464,497,3,3,'2017-05-12 10:29:16',497),(1465,498,2,2,'2017-05-12 13:26:25',1),(1466,143,4,4,'2017-05-16 04:54:00',491),(1467,499,11,11,'2017-05-16 05:00:17',491),(1468,339,4,4,'2017-05-16 05:00:33',30),(1469,339,4,4,'2017-05-16 05:00:36',30),(1470,392,4,4,'2017-05-16 05:00:52',30),(1471,500,11,11,'2017-05-16 05:06:24',491),(1472,501,2,2,'2017-05-16 05:55:24',491),(1473,502,11,11,'2017-05-16 09:46:56',491),(1474,503,11,11,'2017-05-16 09:50:12',30),(1475,504,11,11,'2017-05-16 10:01:50',30),(1476,505,2,2,'2017-05-17 04:29:36',30),(1477,505,3,3,'2017-05-17 04:31:06',505),(1478,506,2,2,'2017-05-17 08:36:28',491),(1479,506,3,3,'2017-05-17 08:38:49',506),(1480,507,11,11,'2017-05-17 08:44:59',30),(1481,508,11,11,'2017-05-17 09:36:01',491),(1482,509,11,11,'2017-05-17 09:39:10',491),(1483,510,11,11,'2017-05-17 09:45:38',491),(1484,511,11,11,'2017-05-17 10:06:26',30),(1485,512,11,11,'2017-05-17 10:44:44',491),(1486,513,2,2,'2017-05-17 11:19:57',30),(1487,514,11,11,'2017-05-17 11:27:29',491),(1488,89,4,4,'2017-05-17 12:07:43',491),(1489,89,4,4,'2017-05-17 12:08:03',491),(1490,89,4,4,'2017-05-17 12:08:30',491),(1491,89,4,4,'2017-05-17 12:08:56',491),(1492,89,4,4,'2017-05-17 12:09:26',491),(1493,44,4,4,'2017-05-17 12:10:37',30),(1494,42,4,4,'2017-05-17 12:10:56',30),(1495,515,2,2,'2017-05-17 12:44:19',30),(1496,515,3,3,'2017-05-17 12:45:23',515),(1497,516,11,11,'2017-05-17 12:50:48',491),(1498,516,3,3,'2017-05-17 12:52:09',516),(1499,223,4,4,'2017-05-17 13:09:55',491),(1500,501,4,4,'2017-05-17 13:14:42',477),(1501,513,4,4,'2017-05-17 13:28:28',477),(1502,90,4,4,'2017-05-17 13:28:54',491),(1503,476,4,4,'2017-05-17 13:29:46',477),(1504,496,4,4,'2017-05-17 13:30:27',477),(1505,495,4,4,'2017-05-17 13:30:38',477),(1506,41,4,4,'2017-05-18 05:05:45',491),(1507,56,4,4,'2017-05-18 05:06:04',491),(1508,49,4,4,'2017-05-18 05:06:20',30),(1509,43,4,4,'2017-05-18 05:07:36',30),(1510,52,4,4,'2017-05-18 05:08:00',30),(1511,53,4,4,'2017-05-18 05:08:18',30),(1512,54,4,4,'2017-05-18 05:08:35',30),(1513,75,4,4,'2017-05-18 05:09:07',30),(1514,124,4,4,'2017-05-18 05:09:26',30),(1515,143,4,4,'2017-05-18 05:09:47',30),(1516,385,4,4,'2017-05-18 05:10:09',30),(1517,517,11,11,'2017-05-18 05:12:16',491),(1518,153,4,4,'2017-05-18 05:20:20',30),(1519,339,4,4,'2017-05-18 05:20:39',30),(1520,479,4,4,'2017-05-18 05:21:05',30),(1521,392,4,4,'2017-05-18 05:23:21',30),(1522,518,2,2,'2017-05-18 05:38:04',30),(1523,518,3,3,'2017-05-18 05:38:44',518),(1524,519,2,2,'2017-05-18 05:40:58',518),(1525,519,3,3,'2017-05-18 05:42:10',519),(1526,121,4,4,'2017-05-18 06:14:20',491),(1527,113,4,4,'2017-05-18 06:14:43',491),(1528,114,4,4,'2017-05-18 06:15:00',491),(1529,115,4,4,'2017-05-18 06:15:17',491),(1530,116,4,4,'2017-05-18 06:15:35',491),(1531,117,4,4,'2017-05-18 06:15:53',491),(1532,118,4,4,'2017-05-18 06:16:10',491),(1533,119,4,4,'2017-05-18 06:16:27',491),(1534,74,4,4,'2017-05-18 06:16:45',491),(1535,51,4,4,'2017-05-18 06:17:03',491),(1536,57,4,4,'2017-05-18 06:17:22',491),(1537,520,11,11,'2017-05-18 12:49:12',491),(1538,521,2,2,'2017-05-24 09:57:17',491),(1539,522,2,2,'2017-05-24 09:58:53',491),(1540,522,3,3,'2017-05-24 09:59:41',522),(1541,521,3,3,'2017-05-24 10:03:55',521),(1542,523,2,2,'2017-05-24 10:41:00',491),(1543,523,3,3,'2017-05-24 10:41:57',523),(1544,524,2,2,'2017-05-25 04:06:43',491),(1545,524,3,3,'2017-05-25 04:07:46',524),(1546,525,2,2,'2017-05-29 04:01:35',30),(1547,124,3,3,'2017-05-29 09:38:04',491),(1548,124,3,3,'2017-05-29 09:38:09',491),(1549,124,4,4,'2017-05-29 09:38:33',491),(1550,526,2,2,'2017-05-30 04:01:28',30),(1551,526,3,3,'2017-05-30 04:06:30',526),(1552,527,2,2,'2017-05-30 04:27:56',526),(1553,124,3,3,'2017-05-30 06:16:16',526),(1554,124,4,4,'2017-05-30 06:16:22',526),(1555,124,3,3,'2017-05-30 06:42:45',526),(1556,385,3,3,'2017-05-30 06:42:54',526),(1557,385,3,3,'2017-05-30 06:42:56',526),(1558,392,3,3,'2017-05-30 06:43:31',526),(1559,392,4,4,'2017-05-30 06:43:51',526),(1560,392,3,3,'2017-05-30 06:44:06',526),(1561,528,2,2,'2017-05-30 07:32:05',526),(1562,529,11,11,'2017-05-30 08:35:50',491),(1563,468,9,9,'2017-05-30 09:32:32',526),(1564,479,3,3,'2017-05-30 10:28:15',491),(1565,479,3,3,'2017-05-30 10:28:19',491),(1566,420,4,4,'2017-05-30 10:42:35',526),(1567,420,3,3,'2017-05-30 10:43:35',526),(1568,470,4,4,'2017-05-31 12:43:54',491),(1569,470,4,4,'2017-05-31 12:48:18',491),(1570,530,2,2,'2017-06-01 09:52:59',526),(1571,531,2,2,'2017-06-01 09:57:19',491),(1572,532,2,2,'2017-06-01 09:58:00',526),(1573,533,2,2,'2017-06-01 10:03:29',477),(1574,98,4,4,'2017-06-01 10:36:48',526),(1575,534,2,2,'2017-06-01 11:07:11',526),(1576,533,4,4,'2017-06-01 11:09:24',526),(1577,535,2,2,'2017-06-01 12:03:27',526),(1578,535,3,3,'2017-06-01 12:05:06',535),(1579,536,2,2,'2017-06-01 12:34:43',526),(1580,536,3,3,'2017-06-01 12:36:44',536),(1581,537,11,11,'2017-06-02 04:42:14',526),(1582,423,10,10,'2017-06-02 04:53:30',526),(1583,384,10,10,'2017-06-02 04:54:31',526),(1584,423,5,5,'2017-06-02 04:58:58',526),(1585,485,4,4,'2017-06-02 05:53:25',526),(1586,179,3,3,'2017-06-02 06:11:56',526),(1587,538,2,2,'2017-06-02 07:17:01',526),(1588,538,3,3,'2017-06-02 07:17:42',538),(1589,530,4,4,'2017-06-02 08:56:15',526),(1590,530,5,5,'2017-06-02 08:57:31',526),(1591,530,6,6,'2017-06-02 08:57:31',526),(1592,530,8,8,'2017-06-02 08:58:30',526),(1593,530,7,7,'2017-06-02 08:58:30',526),(1594,530,3,3,'2017-06-02 08:59:07',526),(1595,530,9,9,'2017-06-02 08:59:07',526),(1596,530,10,10,'2017-06-02 08:59:54',526),(1597,468,10,10,'2017-06-02 09:22:34',526),(1598,539,11,11,'2017-06-02 10:43:02',526),(1599,539,3,3,'2017-06-02 10:50:21',539),(1600,540,2,2,'2017-06-02 10:51:11',526),(1601,540,3,3,'2017-06-02 10:54:49',540),(1602,541,2,2,'2017-06-02 11:00:12',491),(1603,542,11,11,'2017-06-02 12:14:38',526);
/*!40000 ALTER TABLE `user_log` ENABLE KEYS */;
UNLOCK TABLES;

--
-- Table structure for table `user_paymensite_shortcut`
--

DROP TABLE IF EXISTS `user_paymensite_shortcut`;
/*!40101 SET @saved_cs_client     = @@character_set_client */;
/*!40101 SET character_set_client = utf8 */;
CREATE TABLE `user_paymensite_shortcut` (
  `payment_shortcut_id` int(11) NOT NULL AUTO_INCREMENT,
  `payment_id` int(11) NOT NULL,
  `user_id` int(11) NOT NULL,
  PRIMARY KEY (`payment_shortcut_id`),
  KEY `fk_user_paymensite_shortcut_1_idx` (`payment_id`),
  KEY `fk_user_paymensite_shortcut_2_idx` (`user_id`),
  CONSTRAINT `fk_user_paymensite_shortcut_1` FOREIGN KEY (`payment_id`) REFERENCES `website` (`website_id`) ON DELETE NO ACTION ON UPDATE NO ACTION,
  CONSTRAINT `fk_user_paymensite_shortcut_2` FOREIGN KEY (`user_id`) REFERENCES `user` (`user_id`) ON DELETE NO ACTION ON UPDATE NO ACTION
) ENGINE=InnoDB AUTO_INCREMENT=59 DEFAULT CHARSET=latin1;
/*!40101 SET character_set_client = @saved_cs_client */;

--
-- Dumping data for table `user_paymensite_shortcut`
--

LOCK TABLES `user_paymensite_shortcut` WRITE;
/*!40000 ALTER TABLE `user_paymensite_shortcut` DISABLE KEYS */;
INSERT INTO `user_paymensite_shortcut` VALUES (1,35,507),(2,36,507),(3,37,507),(4,38,507),(5,36,508),(6,37,508),(7,38,508),(8,34,509),(9,37,509),(10,38,509),(11,37,510),(12,38,510),(13,35,511),(14,34,512),(15,35,512),(16,36,512),(17,34,513),(18,35,513),(19,34,514),(20,35,514),(21,36,514),(22,37,514),(23,36,515),(24,37,515),(25,34,516),(26,35,516),(27,34,517),(28,35,517),(29,36,517),(30,34,518),(31,35,518),(32,36,518),(33,32,519),(34,34,520),(35,35,520),(36,39,521),(37,31,522),(38,32,523),(39,17,525),(40,29,525),(41,29,528),(42,32,529),(43,33,529),(44,29,530),(45,34,531),(46,35,531),(47,29,532),(48,29,533),(49,18,534),(50,29,534),(51,18,535),(52,29,535),(53,31,536),(54,41,536),(55,32,537),(56,33,537),(57,39,538),(58,39,541);
/*!40000 ALTER TABLE `user_paymensite_shortcut` ENABLE KEYS */;
UNLOCK TABLES;

--
-- Table structure for table `user_role`
--

DROP TABLE IF EXISTS `user_role`;
/*!40101 SET @saved_cs_client     = @@character_set_client */;
/*!40101 SET character_set_client = utf8 */;
CREATE TABLE `user_role` (
  `user_role_id` int(11) NOT NULL AUTO_INCREMENT,
  `user_id` int(11) NOT NULL,
  `role_id` smallint(6) NOT NULL,
  PRIMARY KEY (`user_role_id`),
  KEY `fk_user_role_1_idx` (`role_id`),
  KEY `fk_user_role_2_idx` (`user_id`),
  CONSTRAINT `fk_user_role_1` FOREIGN KEY (`role_id`) REFERENCES `role` (`role_id`) ON DELETE NO ACTION ON UPDATE NO ACTION,
  CONSTRAINT `fk_user_role_2` FOREIGN KEY (`user_id`) REFERENCES `user` (`user_id`) ON DELETE CASCADE ON UPDATE NO ACTION
) ENGINE=InnoDB AUTO_INCREMENT=777 DEFAULT CHARSET=utf8 COMMENT='This table maintains relationship between user and assigned role';
/*!40101 SET character_set_client = @saved_cs_client */;

--
-- Dumping data for table `user_role`
--

LOCK TABLES `user_role` WRITE;
/*!40000 ALTER TABLE `user_role` DISABLE KEYS */;
INSERT INTO `user_role` VALUES (1,1,1),(2,2,2),(3,3,4),(5,5,3),(9,8,5),(12,10,3),(17,13,3),(33,16,3),(39,9,6),(40,4,6),(41,17,6),(42,18,6),(45,21,3),(46,22,1),(47,12,5),(49,23,6),(50,24,5),(51,25,3),(55,26,3),(56,27,3),(57,6,5),(58,28,4),(59,29,3),(60,20,3),(61,15,3),(62,30,1),(63,32,2),(65,34,2),(66,35,3),(67,36,5),(68,14,4),(69,40,5),(70,58,3),(71,61,2),(72,63,3),(73,65,2),(74,66,4),(77,67,4),(78,77,3),(79,78,3),(81,79,15),(84,98,3),(85,99,3),(86,101,3),(87,102,3),(88,103,3),(89,104,3),(90,105,5),(91,106,6),(92,33,5),(93,107,6),(94,108,6),(95,109,5),(98,110,4),(100,112,2),(101,113,2),(102,114,2),(103,115,2),(104,116,2),(105,117,2),(106,118,2),(107,119,2),(108,39,5),(109,120,3),(110,121,2),(111,124,2),(112,125,3),(113,126,3),(114,127,2),(115,128,3),(116,129,2),(117,130,6),(118,131,5),(119,132,3),(120,133,29),(122,134,3),(123,135,4),(124,136,5),(126,138,29),(127,139,29),(129,141,3),(130,142,3),(131,143,2),(132,137,29),(133,144,3),(134,145,3),(135,146,3),(136,147,29),(138,149,3),(139,11,4),(140,150,3),(141,151,4),(142,152,3),(144,148,29),(145,154,4),(148,157,4),(149,158,3),(150,159,3),(152,160,3),(153,156,3),(154,161,4),(156,163,3),(158,164,3),(163,162,4),(164,165,2),(165,166,3),(166,167,6),(169,169,3),(170,168,6),(171,170,6),(172,171,3),(174,172,4),(175,173,4),(177,7,15),(178,174,3),(179,140,6),(180,155,6),(181,175,4),(182,176,4),(183,177,3),(184,178,4),(187,181,3),(189,183,3),(190,184,5),(192,186,4),(193,187,3),(194,185,29),(195,188,3),(196,189,3),(197,190,4),(198,191,29),(199,192,4),(200,193,4),(201,194,4),(202,195,4),(203,196,4),(204,197,4),(205,198,4),(206,199,4),(207,200,4),(208,201,4),(209,202,4),(210,203,4),(211,204,4),(212,205,4),(215,206,4),(219,207,4),(220,208,4),(221,209,4),(222,210,4),(226,212,29),(239,213,4),(240,214,3),(243,215,3),(244,216,3),(246,153,4),(248,217,4),(249,218,3),(250,219,4),(251,211,6),(252,220,29),(253,221,3),(254,222,43),(255,223,4),(256,224,4),(257,225,4),(258,226,4),(259,227,4),(260,228,4),(261,229,3),(265,232,4),(267,234,3),(268,235,3),(269,236,3),(270,237,3),(271,238,3),(272,239,3),(273,240,3),(274,241,4),(275,180,6),(277,231,4),(279,242,3),(281,244,3),(282,245,3),(289,243,4),(290,246,29),(291,247,3),(295,233,3),(296,248,29),(297,249,29),(298,250,3),(299,251,3),(300,252,3),(301,253,3),(302,254,3),(303,255,3),(304,256,3),(305,257,3),(306,258,3),(307,259,3),(308,260,3),(309,261,29),(310,262,29),(311,263,3),(312,264,3),(313,265,3),(314,230,6),(316,266,6),(317,267,4),(320,269,4),(321,270,3),(323,271,3),(324,272,3),(325,273,3),(326,274,3),(331,275,4),(332,276,3),(333,277,3),(334,278,3),(336,279,3),(337,280,3),(338,281,3),(339,282,4),(340,283,4),(341,284,4),(342,285,3),(343,286,3),(344,287,3),(345,288,43),(346,289,3),(347,290,3),(348,291,3),(351,292,6),(353,293,5),(355,295,4),(356,296,45),(358,294,4),(359,297,3),(361,298,2),(362,299,1),(365,302,3),(367,303,3),(368,304,3),(369,305,3),(370,306,3),(371,307,3),(372,308,3),(373,268,6),(374,309,4),(375,310,3),(376,311,4),(377,312,3),(378,313,3),(379,314,3),(381,315,3),(382,316,3),(385,318,4),(386,319,4),(387,320,4),(389,322,4),(390,323,4),(391,324,6),(392,325,4),(394,326,6),(395,327,3),(396,321,4),(397,328,3),(398,329,3),(399,330,3),(401,332,3),(402,333,6),(403,334,4),(404,335,1),(405,336,3),(406,337,1),(407,338,1),(408,339,1),(409,340,2),(410,341,1),(411,342,2),(412,343,1),(413,344,2),(414,345,2),(415,346,3),(416,347,29),(417,348,29),(418,349,29),(419,350,1),(420,351,2),(421,352,29),(423,354,29),(424,355,29),(426,356,3),(427,331,3),(428,357,43),(429,358,3),(430,359,3),(431,360,3),(432,361,29),(433,362,29),(434,353,3),(435,363,3),(436,364,3),(437,365,4),(438,366,4),(439,367,3),(440,368,29),(441,369,3),(442,370,3),(443,371,3),(444,372,3),(445,373,5),(446,374,3),(447,375,3),(448,376,4),(449,377,4),(450,378,29),(451,379,3),(452,380,3),(453,381,3),(454,382,4),(455,383,4),(457,385,2),(458,386,3),(459,387,2),(460,388,5),(461,389,3),(462,390,3),(463,391,3),(464,317,6),(465,392,2),(466,393,3),(468,394,3),(470,396,3),(471,397,3),(472,398,3),(475,399,3),(476,400,3),(477,401,29),(478,402,29),(480,404,48),(481,405,48),(482,406,48),(483,407,48),(484,408,48),(485,409,3),(486,410,2),(487,411,48),(488,412,4),(489,413,4),(490,414,2),(491,415,2),(492,416,3),(493,417,3),(495,419,29),(496,420,59),(498,422,61),(502,424,59),(503,425,3),(504,426,61),(506,428,59),(507,429,2),(508,430,59),(509,431,3),(510,432,3),(512,434,3),(513,435,3),(514,436,59),(515,437,59),(517,421,61),(518,427,59),(519,438,61),(521,439,59),(522,440,61),(523,441,61),(524,418,43),(526,403,3),(527,300,4),(528,442,3),(529,443,3),(530,444,3),(532,446,3),(533,447,3),(534,448,3),(535,449,3),(536,450,3),(537,451,6),(538,451,5),(542,453,48),(543,453,5),(544,453,61),(545,453,15),(546,453,45),(547,454,6),(549,456,4),(550,457,1),(551,458,6),(552,459,6),(553,460,61),(554,461,2),(555,462,5),(557,464,3),(558,465,3),(559,466,2),(560,467,4),(562,469,3),(563,470,61),(564,471,45),(565,472,61),(566,473,3),(567,474,6),(568,475,3),(569,476,3),(570,477,4),(572,479,2),(573,480,59),(574,481,2),(575,482,65),(576,483,3),(577,484,65),(578,485,61),(579,486,61),(580,487,61),(581,488,59),(582,489,45),(583,490,1),(584,491,1),(585,492,4),(586,493,4),(587,494,29),(588,495,3),(590,452,72),(591,452,6),(600,496,6),(601,496,45),(602,497,61),(603,498,59),(604,499,3),(605,500,3),(606,433,5),(607,433,45),(608,502,6),(609,502,5),(610,502,61),(611,502,65),(612,502,43),(613,503,6),(614,503,5),(615,503,61),(616,504,48),(617,504,6),(618,504,5),(619,504,61),(620,504,59),(621,505,6),(622,505,4),(623,506,6),(624,506,61),(625,507,6),(626,507,5),(627,507,61),(628,508,6),(629,508,5),(630,508,61),(631,509,6),(632,509,5),(633,509,61),(634,510,6),(635,510,5),(636,510,61),(637,511,59),(638,512,6),(639,512,5),(640,512,61),(641,513,6),(642,513,5),(643,513,61),(644,514,6),(645,514,5),(646,514,61),(647,92,3),(648,515,29),(649,516,29),(650,517,6),(651,517,5),(652,517,61),(653,445,5),(654,518,6),(655,518,4),(656,519,3),(661,478,61),(662,521,6),(663,522,6),(664,523,3),(665,524,1),(666,525,61),(667,525,4),(668,525,45),(669,526,1),(670,527,59),(671,527,45),(675,529,6),(676,529,61),(677,529,4),(679,531,6),(680,531,5),(681,531,61),(682,532,45),(683,533,45),(684,534,6),(685,534,61),(686,534,4),(694,528,5),(695,528,61),(696,528,59),(697,528,4),(698,535,6),(699,535,5),(700,535,4),(709,520,59),(710,520,4),(715,536,45),(721,384,3),(722,423,59),(732,537,5),(733,537,59),(734,537,4),(735,179,6),(736,301,59),(737,301,4),(738,301,45),(739,301,3),(740,538,61),(741,455,6),(742,455,5),(743,455,61),(744,395,5),(745,395,59),(746,395,4),(747,395,65),(748,395,3),(761,530,5),(762,530,4),(763,530,29),(764,468,59),(765,468,4),(766,463,6),(767,463,59),(768,463,4),(769,539,6),(770,539,5),(771,539,4),(772,540,6),(773,540,5),(774,541,3),(775,542,6),(776,542,5);
/*!40000 ALTER TABLE `user_role` ENABLE KEYS */;
UNLOCK TABLES;

--
-- Table structure for table `user_token`
--

DROP TABLE IF EXISTS `user_token`;
/*!40101 SET @saved_cs_client     = @@character_set_client */;
/*!40101 SET character_set_client = utf8 */;
CREATE TABLE `user_token` (
  `user_token_id` int(11) NOT NULL AUTO_INCREMENT,
  `user_id` int(11) NOT NULL,
  `token` varchar(255) NOT NULL,
  `created_dt` datetime NOT NULL DEFAULT CURRENT_TIMESTAMP,
  `is_sign_up` tinyint(1) NOT NULL DEFAULT '1',
  `status_id` int(11) DEFAULT NULL,
  PRIMARY KEY (`user_token_id`),
  KEY `fk_user_token_idx` (`user_id`),
  CONSTRAINT `fk_user_token` FOREIGN KEY (`user_id`) REFERENCES `user` (`user_id`) ON DELETE CASCADE ON UPDATE NO ACTION
) ENGINE=InnoDB AUTO_INCREMENT=798 DEFAULT CHARSET=utf8 COMMENT='This table maintains user token for password reset and sign up';
/*!40101 SET character_set_client = @saved_cs_client */;

--
-- Dumping data for table `user_token`
--

LOCK TABLES `user_token` WRITE;
/*!40000 ALTER TABLE `user_token` DISABLE KEYS */;
INSERT INTO `user_token` VALUES (1,4,'a6275829-b237-4eef-b9bf-e0f7eef6dd0b','2016-12-27 10:43:51',0,NULL),(2,1,'fe137189-d34a-4b41-a732-6c3dd8fc0f19','2016-12-27 11:46:12',0,NULL),(3,1,'de7e6c1c-0a9d-4643-9f7b-0d9315e64cc1','2016-12-27 11:54:18',0,NULL),(4,10,'450e5d46-2c50-4b1b-8a88-e1924fb3f1fa','2016-12-27 11:56:51',0,NULL),(5,4,'c9421935-898f-473b-9a38-3f2d22c7575e','2016-12-27 12:01:54',0,NULL),(6,11,'fe324e8d-e08d-4563-bf2e-35d4b8c3d407','2016-12-28 06:22:04',0,NULL),(7,11,'67bc23d4-5f44-44c4-a01c-2303aa3d69cc','2016-12-28 06:52:36',0,NULL),(8,11,'698265a4-ba64-4ab6-a2e7-831cf10679de','2016-12-28 07:14:01',0,NULL),(9,14,'cced54d6-b3b4-443b-85c5-2da1abac46db','2016-12-28 07:14:42',0,NULL),(10,4,'dbd8ec55-3f40-4a7a-818b-77470cfcae90','2016-12-28 09:31:27',0,NULL),(11,4,'80592803-07a5-4d16-8269-f4c539afc607','2016-12-28 09:39:24',0,NULL),(12,6,'fddde8e3-a668-4055-afb6-6ddfcc626330','2016-12-28 10:51:11',0,NULL),(13,6,'b1255f34-cb66-47f8-b6f6-b4b815d44d10','2016-12-28 10:55:11',0,NULL),(14,14,'99051292-759f-4a59-9046-f7aa10145922','2016-12-29 08:56:12',0,NULL),(15,14,'acfa55ce-4400-41c6-8537-ff0348cc66f0','2016-12-29 12:14:03',0,NULL),(16,65,'8e263f63-01fa-4cdf-97dd-1c6b7fb1fa23','2017-01-06 10:09:46',0,NULL),(17,11,'c6eb28d4-3629-4aff-9f1e-733061c30ff5','2017-01-06 10:36:27',0,NULL),(18,65,'5c25c88d-a70d-4780-a3e3-1aba9d15bb43','2017-01-06 10:36:30',0,NULL),(19,1,'a404790a-ceaf-49da-8b82-054e70c82931','2017-01-09 09:41:18',0,NULL),(20,30,'5080c185-da00-4901-8dad-11d84bd8298c','2017-01-09 09:54:15',0,NULL),(21,30,'3d51398c-bef7-4d62-a984-1e0fe678b719','2017-01-10 05:23:37',0,NULL),(22,30,'e3ac959d-96e6-47a3-870a-03fcee4906a3','2017-01-10 05:26:09',0,NULL),(23,30,'16647703-999a-4bbe-a649-886ddac9a9af','2017-01-10 05:28:22',0,NULL),(24,30,'a207c5a1-18c8-496f-8c3d-25d5caabd771','2017-01-10 08:33:17',0,NULL),(25,30,'153e85bc-f860-490b-bc39-78dd7f34bae8','2017-01-10 11:27:11',0,NULL),(26,30,'74ff4010-cd10-4bbb-a809-a5c27fd04c49','2017-01-11 05:25:29',0,NULL),(27,66,'3b2aea04-e364-400d-bc03-198b34a88848','2017-01-11 11:35:18',0,NULL),(28,88,'79d46bb7-0941-409c-a882-02af7be67885','2017-01-11 11:36:16',0,NULL),(30,11,'5d8c818d-6cf3-4c19-9142-38cd470dca69','2017-01-12 09:37:35',0,NULL),(31,105,'44b0d06d-9841-447f-9d89-e6d33938050b','2017-01-12 09:55:31',0,NULL),(32,105,'7ac0b2ba-d6c0-4210-9c98-0dadc7e717b6','2017-01-12 10:03:24',0,NULL),(33,105,'69aa2860-5639-44f7-b670-6863d4f8e6b4','2017-01-12 10:11:11',0,NULL),(40,11,'d02d6020-a9b9-4a9e-b9ba-a4a068d058cd','2017-01-13 05:21:17',0,NULL),(41,77,'18592106-9617-4dde-9e04-d6cc0f2c9628','2017-01-13 05:31:19',0,NULL),(47,11,'74e6d154-667b-4092-81ef-6c621dbdcca3','2017-01-13 06:41:03',0,NULL),(49,11,'452439be-5a05-470b-ad91-05ab0deeb992','2017-01-13 06:46:03',0,NULL),(51,107,'b76ca97f-f8c9-44c7-b95f-28818b6fcdd9','2017-01-13 06:48:56',0,NULL),(54,108,'ccdf963a-73bd-49cc-8c20-cea75a5cb17a','2017-01-13 07:02:40',0,NULL),(55,109,'172ab672-159d-427b-a72f-6c72cb79f210','2017-01-13 07:03:23',0,NULL),(60,43,'9bf09062-999f-4567-9dd3-be5fa16679f0','2017-01-13 08:37:39',0,NULL),(62,11,'cb79da02-83cc-4b9d-a436-19a18a2bcc13','2017-01-13 09:13:50',0,NULL),(66,48,'e1b6fe31-54d0-4755-bd1c-70426b3d6751','2017-01-16 06:58:53',0,NULL),(67,47,'911dc7d3-b5a8-4ca8-9029-a0ee87d0ce4d','2017-01-16 07:21:41',0,NULL),(68,49,'3c362b2f-22c6-4b19-bd58-f08a8f5d6d35','2017-01-16 07:22:18',0,NULL),(69,75,'5f64d017-7c38-4e48-a69d-45fd08cf8483','2017-01-16 07:22:32',0,NULL),(70,76,'581354ef-11a2-4939-a688-ef7f71305fc4','2017-01-16 07:23:01',0,NULL),(71,110,'2ece063e-0efb-4c1b-9e73-535dcfb8f060','2017-01-16 08:33:19',0,NULL),(72,110,'4a53d60a-c63b-4a9b-8a0b-ef2a2e332a5d','2017-01-16 08:40:06',0,NULL),(73,110,'45c8fa13-511f-47b6-92b1-f32ee36524e9','2017-01-16 08:40:53',0,NULL),(78,112,'589d6154-f649-418a-a30b-fb15b78d3762','2017-01-16 11:20:54',0,NULL),(79,113,'053679fb-f591-4d93-8348-a06d5b7cf4c1','2017-01-16 11:21:35',0,NULL),(80,114,'8d55de25-ef83-4cd0-8fdb-7a0106bbf207','2017-01-16 11:22:27',0,NULL),(81,115,'125ae3f8-da51-43e4-8400-8d837b77f7d5','2017-01-16 11:22:46',0,NULL),(82,116,'199d4b4a-9820-4ef9-bc33-c335e2771b97','2017-01-16 11:23:07',0,NULL),(83,117,'2fca1b7d-86d8-4d67-ad95-0c08f2326112','2017-01-16 11:23:25',0,NULL),(84,118,'01cab3b9-198e-4489-902a-ee65b18cebf4','2017-01-16 11:23:45',0,NULL),(85,119,'f50587f0-9569-43f3-9db8-3a402556ced3','2017-01-16 11:24:04',0,NULL),(86,121,'06adffdb-5cab-442e-b751-bf87d2925401','2017-01-17 07:23:44',0,NULL),(87,124,'479fc7db-7de4-4eff-823c-fed5479b4cbc','2017-01-17 07:34:07',0,NULL),(88,127,'e2a004fa-d9b6-480b-a47a-2db0fd1a6458','2017-01-18 09:09:46',0,NULL),(89,124,'a2433c2a-521e-4201-8662-94f6f969080d','2017-01-18 09:12:33',0,NULL),(90,14,'3191f177-03f8-4f04-a2f0-8e2ecfac0a62','2017-01-19 08:21:25',0,NULL),(91,1,'56fc9a13-08f2-40bd-a3e5-330907568e48','2017-01-19 08:35:01',0,NULL),(92,14,'43d8e17c-ed7b-438d-945c-20dcd98f0588','2017-01-19 08:36:47',0,NULL),(93,14,'a2487a87-8f11-4b4a-a4be-f1639b761fe1','2017-01-19 08:37:34',0,NULL),(94,14,'8c2f149f-46af-4c53-9883-e66197fc6601','2017-01-19 08:40:08',0,NULL),(96,129,'7c42e54a-c102-4d74-874b-f9507d7238a1','2017-01-19 08:58:11',0,NULL),(98,130,'865ff3be-3698-424b-b316-8040d6c93c88','2017-01-19 09:43:22',0,NULL),(99,131,'7b4d65c8-6e86-4b25-bf7c-d623ddb69ad5','2017-01-19 09:43:44',0,NULL),(100,72,'6beb2208-a7b3-4935-986c-41ba20630f4d','2017-01-20 06:00:46',0,NULL),(101,117,'2bff66e6-5022-4acc-af17-d989e0f2f0af','2017-01-20 06:01:22',0,NULL),(102,52,'d2ed1073-ef25-4b90-abd6-21b0ca2935c1','2017-01-20 06:01:33',0,NULL),(103,55,'05ab7173-101e-4ec7-abc2-fc08461ec23d','2017-01-20 06:02:50',0,NULL),(104,133,'44a6d419-adde-4ae3-81dc-57610a890728','2017-01-20 10:02:30',0,NULL),(105,135,'b6878db2-3660-4181-a7c2-0dbb13378e04','2017-01-20 10:37:56',0,NULL),(106,136,'326f08ef-531e-4e5a-8653-e7c9c405114d','2017-01-20 10:38:56',0,NULL),(107,137,'ef983659-b4f6-4460-8646-8804b0b5524d','2017-01-20 10:40:28',0,NULL),(108,138,'28a79990-0a47-4afa-9d09-c6e974b47b4c','2017-01-20 10:43:28',0,NULL),(111,143,'16e8722b-b3a4-4c3c-bd5c-486060cf0b72','2017-01-23 05:44:50',0,NULL),(112,143,'339a87f7-8cf3-4680-94b6-b6b44bec96fb','2017-01-23 05:45:51',0,NULL),(114,142,'a7c6c073-2efb-4f14-8379-c219f77235e5','2017-01-23 07:21:38',0,NULL),(115,141,'6066f230-8a86-439e-a078-25d8e1da9a84','2017-01-23 07:22:49',0,NULL),(116,147,'a690fa66-e386-4642-a37c-b6dd567cfe3a','2017-01-23 10:08:13',0,NULL),(120,152,'4bfae252-59fb-453c-9721-a8291a8bc768','2017-01-24 12:04:34',0,NULL),(124,157,'8cf3e233-56e5-4f81-b6a3-e9746b195a8a','2017-01-31 10:05:30',0,NULL),(125,158,'2683217c-d37b-4313-bc76-917f7d6666d6','2017-02-02 05:39:50',0,NULL),(126,159,'580c4534-ee00-4759-8095-67b7c4a64909','2017-02-02 06:12:54',0,NULL),(130,160,'94baeae7-0097-4923-b414-19fe1b7e738e','2017-02-02 10:24:16',0,NULL),(131,161,'1aa09f70-28c6-4e53-b4b4-4be02c89695b','2017-02-03 05:26:49',0,NULL),(137,165,'ac65a6b4-1e4d-4161-9ef0-b72c1c67b34b','2017-02-03 08:59:24',0,NULL),(139,166,'c0fddf93-50ee-421b-9f34-08ad641cd621','2017-02-03 09:23:51',0,NULL),(141,168,'e552db35-184d-42e6-91dc-1ded9ae9fbb1','2017-02-03 09:31:44',0,NULL),(145,169,'196c629c-e67d-44ff-bb71-abab0d51d056','2017-02-03 09:50:41',0,NULL),(146,169,'3a7977c4-454e-4a16-b38e-7bd4df218ac1','2017-02-03 09:50:59',0,NULL),(147,169,'d4259b33-66c2-4ae5-aeb0-be010c55c824','2017-02-03 09:56:39',0,NULL),(156,172,'4ad10b5e-77e2-4f57-9082-8dd3ab458f6b','2017-02-03 11:18:21',0,NULL),(157,172,'21f5345c-c067-43e7-9ebd-a859ca6ae3c3','2017-02-03 11:19:03',0,NULL),(158,172,'3f34233f-5e3b-4246-8626-806462869f89','2017-02-03 11:20:46',0,NULL),(159,173,'65fe5bb8-ce56-4ec8-8a37-240297498b15','2017-02-06 10:50:52',0,NULL),(160,137,'8fd318c3-9727-4f0e-bbd6-a8ade8816e1f','2017-02-09 08:56:47',0,NULL),(161,71,'002556d3-32bd-4e9f-bfb8-794fddd3419e','2017-02-09 09:48:22',0,NULL),(162,54,'6d927f3d-0a13-4476-ae9a-ffa07e490c76','2017-02-09 09:48:34',0,NULL),(163,155,'22b6a7ec-3592-4a8c-aed5-1ddf1d841a1b','2017-02-09 10:49:49',0,NULL),(165,175,'472277dd-bbcd-4958-ae9c-1f9a84014e26','2017-02-10 06:32:10',0,NULL),(166,176,'deb9405c-a81f-4f38-af13-8f3d7f5d710c','2017-02-10 07:08:41',0,NULL),(167,177,'39df164d-c1a3-4412-b316-e4c9b596be1b','2017-02-10 07:30:26',0,NULL),(168,178,'093253d7-7dac-4ecc-b58f-705e232a046e','2017-02-10 07:38:21',0,NULL),(170,180,'79dab796-7ac6-48b3-95fa-76e7ff9d7a12','2017-02-10 08:22:48',0,NULL),(171,1,'2051e13f-8c54-497e-bbf0-ccbbc4ec81b1','2017-02-10 08:25:52',0,NULL),(172,183,'b02b3e0f-3dfa-45cc-9a1f-ad5504443a3a','2017-02-10 08:59:32',0,NULL),(173,184,'fd9543fa-b009-4e0d-abd1-eaa1a6bce02d','2017-02-14 07:36:26',0,NULL),(177,185,'18447316-f693-499e-8120-b7b9af3ce551','2017-02-16 05:47:20',0,10),(178,185,'23adb13b-cfe7-409e-abf9-fcca053718db','2017-02-16 05:47:23',0,10),(181,186,'e2094d24-8b32-4dca-9ce0-42de98f1089a','2017-02-16 06:06:48',0,10),(182,186,'96360d52-6b99-4c34-b3a6-d11321fc19e3','2017-02-16 06:08:07',0,10),(183,186,'f7a121b1-c538-4594-9844-a50c42c87fb6','2017-02-16 06:09:46',0,10),(185,186,'354f58c1-6677-4c22-8f5c-bfefe50d2534','2017-02-16 06:23:42',0,10),(188,186,'13e84cbb-b11c-4c75-a96b-65ee67d00553','2017-02-16 06:36:43',0,10),(191,186,'cf37b565-df20-4802-b7f8-339116216781','2017-02-16 07:48:22',0,10),(204,185,'11e6c5d3-7604-4d56-a6a8-e648c1921601','2017-02-17 07:41:34',0,10),(205,185,'380ade1c-44a4-4d08-9447-118eacd56f41','2017-02-17 07:41:45',0,10),(206,185,'103f2cd0-5eba-4d37-b09e-a4f7ca07a90c','2017-02-17 07:41:54',0,10),(207,186,'4a7142a9-26c7-4ef5-87dc-a35b7a27a2c1','2017-02-17 07:42:14',0,10),(208,186,'87e32c03-6779-4fb9-83cc-b377c69c0b8c','2017-02-17 07:43:40',0,10),(216,179,'45250014-6152-41df-b135-a93cf54621ca','2017-02-20 05:45:11',0,NULL),(220,190,'2452b751-4b44-4b5a-9d92-10375665d035','2017-02-20 09:48:07',0,NULL),(225,194,'1044048b-8048-48b1-b11a-d8e4174b2dbe','2017-02-21 09:07:23',0,NULL),(226,195,'8a9bf227-6fae-4c4f-aa09-4f80127e5c7c','2017-02-21 09:44:51',0,NULL),(227,196,'81b77d28-91b8-49b4-8c49-5b9d0826a088','2017-02-21 09:53:37',0,NULL),(228,197,'e8b25725-b682-4f12-8298-6a91f6c62219','2017-02-21 09:55:21',0,NULL),(232,198,'7dc04cce-e180-4f06-b04b-6e3ce9cc6c9d','2017-02-21 12:14:50',0,10),(239,201,'378aecae-332a-41e9-8f4e-d65ea10405cb','2017-02-24 07:17:34',0,NULL),(249,204,'6e56cf01-7435-4ced-ab92-4fe55d1c3ad5','2017-02-27 06:43:59',0,10),(252,70,'42302546-88c1-40b3-9963-b725514f21a5','2017-02-27 07:21:07',0,NULL),(253,69,'aa5bea29-ef08-4678-9823-c561bce3ce85','2017-02-27 07:21:20',0,NULL),(257,207,'855e294e-35f6-456b-9b63-306d8b715f7d','2017-02-28 09:36:59',0,NULL),(259,205,'6429985f-2dff-4bfb-a132-8d9f89ee2703','2017-02-28 10:07:12',0,10),(260,116,'e485c94d-b82a-4c1c-b72f-6b3b1bfc3a44','2017-03-01 05:58:07',0,NULL),(266,121,'89e95acf-ad1d-485c-bc41-054050a13244','2017-03-01 11:30:34',0,NULL),(269,211,'34c6776d-e582-4f75-bf4f-480800bd1427','2017-03-02 06:52:17',0,10),(271,1,'dc0fc51d-ace6-4140-9681-9d74232e78b3','2017-03-02 09:07:19',0,NULL),(274,213,'13b891dc-24fc-4fa5-8da6-29a9b77e2c5f','2017-03-02 10:42:32',0,10),(276,215,'d748eeaf-54b4-4420-b884-403ad9bc5767','2017-03-02 11:54:47',0,NULL),(278,216,'84478eef-022a-4e08-bcc6-65436377d0f6','2017-03-02 12:02:05',0,10),(279,114,'a5692a15-cb36-4757-a36f-387146d832d4','2017-03-02 12:35:09',0,NULL),(280,115,'3580d0d9-5041-4d4a-aaaa-a5216ba58b56','2017-03-03 06:06:09',0,NULL),(282,118,'8ed14d01-0025-4594-a849-5a64aeedfd6b','2017-03-03 08:46:15',0,NULL),(283,179,'c2f9d1b4-e175-43b4-a5a2-cad324b9a228','2017-03-03 10:16:48',0,NULL),(284,211,'992276eb-e5d2-4f25-99c9-ba2fb5079ad0','2017-03-03 11:56:11',0,10),(287,217,'8c629616-edd7-432b-a569-57e3835cc7d7','2017-03-03 12:03:54',0,NULL),(290,219,'33efc2f5-1e47-4736-950e-eb3a5f52dda0','2017-03-03 12:23:04',0,NULL),(292,214,'9cac1643-00e4-4dfc-abf3-76d5fa852293','2017-03-03 12:26:14',0,NULL),(295,222,'8378db30-41d7-45e3-b91f-091ccd1e5f2e','2017-03-03 13:12:00',0,NULL),(296,223,'6c983ee9-86e0-480f-a468-2e1d9fba9f93','2017-03-03 13:13:19',0,NULL),(297,119,'ff5f6689-b0be-4e5c-a565-766088cd68bb','2017-03-06 06:19:20',0,NULL),(298,74,'0785cbb3-89be-4891-b510-385b12a45907','2017-03-06 06:19:30',0,NULL),(299,179,'a3b5bdd9-eda1-491a-8d70-51951b77326e','2017-03-06 06:45:52',0,NULL),(301,60,'c8a8646b-d43b-4e27-83ba-bd47cadfcb60','2017-03-06 07:05:32',0,NULL),(302,73,'560bd591-96c1-4278-b9d6-c4b5ecf73fb4','2017-03-06 07:05:46',0,NULL),(303,129,'543e6d67-9e2c-4257-9f65-343d7a80002a','2017-03-06 07:05:55',0,NULL),(304,127,'e8226107-5855-45f2-a1d0-0aa15fc2c83d','2017-03-06 07:06:02',0,NULL),(305,51,'a540887b-7ce1-423a-a0be-ad3931cb119c','2017-03-06 07:06:11',0,NULL),(306,62,'2148c773-7a91-48cf-8f82-d623e561b258','2017-03-06 07:06:20',0,NULL),(307,112,'2f4776af-2a2c-4679-9e2a-d6668dc3a58f','2017-03-06 07:06:27',0,NULL),(308,113,'36186b02-b4ae-4223-8cdf-b0a41546d3dd','2017-03-06 07:06:35',0,NULL),(320,30,'4e55bd4b-1ae1-45db-ac8b-d052fc7a44b8','2017-03-06 09:39:58',0,NULL),(322,231,'63f08491-6c2c-42be-b357-982dba8e3abe','2017-03-06 10:43:11',0,10),(323,231,'ee0eeb2b-5b6e-41b0-aaea-f270a1b526a2','2017-03-06 10:54:02',0,10),(324,180,'065680ee-fea7-4370-8fcc-486468372fce','2017-03-06 12:18:31',0,NULL),(329,64,'55a23e9b-804d-4e42-86c1-12218ba3b8b6','2017-03-07 06:33:05',0,NULL),(337,230,'25626c3c-5ee7-4c51-8275-a07104fce836','2017-03-07 09:06:13',0,NULL),(338,230,'ee022130-ce25-4c26-a6d2-2e9553618af5','2017-03-07 09:06:29',0,NULL),(339,30,'d5e2d853-8b03-42b9-94fb-92d8f96d28bc','2017-03-07 11:34:54',0,NULL),(342,243,'137aaf12-dcd3-4c89-8c67-30db76ea064e','2017-03-07 12:11:32',0,NULL),(345,246,'e3cc5afc-c799-4a1b-8b0e-eabab9e9c898','2017-03-08 12:28:12',0,NULL),(346,248,'7d43ce97-268f-4fa7-891b-a3f6630a47ea','2017-03-09 10:15:29',0,NULL),(347,249,'1de292ad-8387-49be-b9ba-ae871d183ea5','2017-03-09 10:23:49',0,NULL),(348,236,'06a1a1bf-2140-4297-8764-4bdab3948a06','2017-03-09 10:45:02',0,NULL),(349,261,'7378707a-0650-4c08-b105-d4ba054e0f70','2017-03-09 10:52:17',0,NULL),(351,262,'16f31776-eac5-4bbf-b0c7-15ba3127dbd8','2017-03-09 10:55:01',0,NULL),(352,265,'de6b3c41-3bf4-41f3-8928-c92e13eddc99','2017-03-09 11:07:29',0,NULL),(357,266,'de57c2ad-0797-44af-8417-a0fc6bb6da05','2017-03-09 12:42:49',0,10),(358,243,'c2c56f39-3c6f-49ab-bbdb-474ed3a5155a','2017-03-09 12:47:49',0,10),(369,237,'f0cc91bc-d09a-46b1-a986-898a78a01c4f','2017-03-10 08:24:56',0,NULL),(370,259,'2cd2c01f-caea-43ec-b8b8-bdf4a10bfda0','2017-03-10 08:25:04',0,NULL),(371,244,'f0f4f0d5-4221-4f03-938a-5207490b3771','2017-03-10 08:26:21',0,NULL),(372,234,'9f1e73b9-56f3-4aec-902a-fe3db94dade9','2017-03-10 08:26:30',0,NULL),(373,258,'8ea2d761-9bd2-4740-ab82-66295221d168','2017-03-10 08:26:46',0,NULL),(374,257,'66f28070-d307-40b3-919a-fcafc678cce0','2017-03-10 08:28:12',0,NULL),(375,268,'b88f6f20-d33c-4b43-9bcf-a14144d623bc','2017-03-10 08:30:31',0,NULL),(376,267,'fd97230f-bfd2-4e70-b5fc-f20c0da41c56','2017-03-10 08:43:59',0,10),(377,235,'345c49ba-587c-4ce4-ba57-75e9b959ef15','2017-03-10 08:55:56',0,NULL),(378,1,'01975878-b23d-4251-91c1-ac403bde9701','2017-03-10 09:02:39',0,NULL),(383,269,'a1ba8605-66ad-407a-aec2-8816e4d12bff','2017-03-10 09:42:08',0,10),(386,268,'ec522db0-c55b-48a4-aa12-f4adf473bc32','2017-03-10 09:59:26',0,10),(388,180,'78414e2f-cac6-4a0d-934d-e75892cbc876','2017-03-14 05:46:35',0,10),(390,272,'8c870ac9-5a1c-4b34-816b-b5b2d96e14b7','2017-03-15 11:17:50',0,NULL),(395,275,'dabc692d-06c8-44aa-9db1-e45f16a82397','2017-03-16 09:03:02',0,NULL),(396,276,'39d96cdb-fd06-41b9-bc86-dd1fca7e8a35','2017-03-16 09:18:33',0,NULL),(398,278,'91bba40d-224b-4595-972c-d9d1db4ebcd4','2017-03-16 09:35:33',0,NULL),(399,280,'d462fd9b-db61-4c48-841d-fa40e04f521d','2017-03-17 05:41:25',0,NULL),(400,281,'57256ecb-70fa-45a7-84c3-ab502176030b','2017-03-17 05:49:04',0,NULL),(401,255,'7e57faba-09c4-42ad-9469-f8c798e9ae61','2017-03-17 06:03:16',0,NULL),(402,282,'1bc032a2-fad0-4f3a-9007-8b021d0c2006','2017-03-17 10:10:29',0,NULL),(403,283,'a045bf47-f7d7-444e-8ed3-83030243d06c','2017-03-17 10:26:28',0,NULL),(407,285,'87fbbc21-5a14-47af-b0b8-1176f20e17c9','2017-03-17 10:52:44',0,NULL),(408,286,'dddf5601-0fd6-40ff-aa37-4169623dcb2c','2017-03-17 10:54:00',0,NULL),(410,289,'5920f1a6-e59f-4adc-95f7-55532c632298','2017-03-17 12:05:27',0,NULL),(411,289,'94cdd2d4-dc93-41be-a929-7d91682074f4','2017-03-17 12:11:44',0,10),(413,290,'1be5969b-b61a-4b12-b473-791a0f543410','2017-03-18 09:35:27',0,NULL),(414,288,'e11df4ad-a3a2-4a53-82b0-207474757a96','2017-03-20 11:41:12',0,NULL),(417,292,'3fc69fd5-8aaa-4ebb-8088-e0f9f15ffa25','2017-03-20 11:56:29',0,10),(420,68,'9a942462-dde0-4d8c-863b-0ab13384339d','2017-03-21 12:23:18',0,NULL),(421,68,'0080f59d-3d48-4234-8a35-41d998b3ff9e','2017-03-21 12:24:09',0,NULL),(422,68,'7f82aede-3023-4b61-988a-b922a7722ae4','2017-03-21 12:24:21',0,NULL),(423,68,'aa17e80f-a8af-4d7f-b496-357e471433b9','2017-03-21 12:24:43',0,NULL),(424,68,'d454ad57-a89c-493c-a579-299488ceb56a','2017-03-21 12:24:48',0,NULL),(425,68,'7df04e19-1c4d-450b-a320-5a386a416ff9','2017-03-21 12:24:55',0,NULL),(426,68,'5f2927ec-6943-45cd-a0a3-000599761008','2017-03-21 12:24:56',0,NULL),(427,68,'c58a4f6b-f046-4b90-9fbd-f1ddea3416c3','2017-03-21 12:25:00',0,NULL),(428,68,'20e255f4-1e14-4c74-8e14-c90b3f74c7ae','2017-03-21 12:25:01',0,NULL),(429,68,'7aede42e-a452-4d6a-8d5e-bc22b621ed3a','2017-03-21 12:25:05',0,NULL),(430,68,'07b4dd30-f613-4246-ae61-4672f731794f','2017-03-21 12:25:07',0,NULL),(431,68,'507bc453-db3e-43dd-8988-fc7e9eafaac6','2017-03-21 12:25:11',0,NULL),(432,68,'66bf4c76-680d-440d-8524-88764db2b335','2017-03-21 12:25:12',0,NULL),(433,68,'1d01b9ad-4ed1-4eac-9ddb-edf427e763ec','2017-03-21 12:25:16',0,NULL),(434,68,'ca52b31b-3565-4cc9-9626-d0a277dc831f','2017-03-21 12:25:17',0,NULL),(435,68,'b61d4450-0ad5-4558-98b4-d08e1165a6b1','2017-03-21 12:25:21',0,NULL),(436,68,'8ace0a79-107b-4e16-92f9-0aa439a4089a','2017-03-21 12:25:22',0,NULL),(437,68,'30e286ad-7430-466d-9c8c-9420292ed3da','2017-03-21 12:25:26',0,NULL),(438,68,'6d9e9293-afa0-43fe-b21a-a6c691e4af59','2017-03-21 12:25:27',0,NULL),(439,68,'d842eb85-0ed3-4463-b772-be938a31aa8a','2017-03-21 12:25:31',0,NULL),(440,68,'50b855dd-d5ff-4d9a-8d0b-052bf930e653','2017-03-21 12:25:32',0,NULL),(441,68,'7dbe1a3c-573a-4f73-bf3b-5bc7adc2af25','2017-03-21 12:25:36',0,NULL),(442,68,'4bafea87-abd8-45df-8ac0-0aa01af5f720','2017-03-21 12:25:38',0,NULL),(443,68,'107fa502-6a6d-4571-8fa5-ad53ce23c97b','2017-03-21 12:25:41',0,NULL),(444,68,'02ac1261-c16e-4cdc-ba26-4ee4c1bbe785','2017-03-21 12:25:43',0,NULL),(445,68,'46274ca9-431d-4473-b9a8-6bf9e0cdac6d','2017-03-21 12:25:47',0,NULL),(446,68,'107e2b4f-91e8-446e-af9d-8c5823250b83','2017-03-21 12:25:48',0,NULL),(447,68,'47fcef9b-3e37-4757-ad45-0c7b9decc310','2017-03-21 12:25:52',0,NULL),(448,68,'a51d5403-357a-4276-bfba-92255a59f99c','2017-03-21 12:25:53',0,NULL),(449,68,'35fb0f87-cc3c-40da-a77f-10f3e827d642','2017-03-21 12:25:57',0,NULL),(450,68,'4d0d56bc-b254-4b8e-93a2-515706a012a7','2017-03-21 12:25:59',0,NULL),(451,68,'0cdd7fba-8ad4-4449-8175-dfc6e6c52857','2017-03-21 12:26:02',0,NULL),(452,68,'3da43de9-f643-4073-b721-c215e8f18b98','2017-03-21 12:26:03',0,NULL),(453,68,'1a565c8b-1056-4e2d-b940-d71eb8cfce4a','2017-03-21 12:26:07',0,NULL),(454,68,'a73d2b6f-495f-40bc-8e4a-afa6b7f15015','2017-03-21 12:26:09',0,NULL),(455,68,'82ac382c-a58e-47da-b192-bc91b73d754b','2017-03-21 12:26:12',0,NULL),(456,68,'72910711-55ae-4b64-85cc-0d9022031527','2017-03-21 12:26:15',0,NULL),(457,68,'1927b9a8-8549-4543-8202-70687c3a7296','2017-03-21 12:26:18',0,NULL),(458,68,'7127168b-17e1-43f6-b406-b5ea4e46cdc1','2017-03-21 12:26:20',0,NULL),(459,68,'0bbf6508-d291-4b9c-88f3-632cb081bc49','2017-03-21 12:26:23',0,NULL),(460,68,'995d9ff6-48ff-4d7a-8a7c-84211775c1a3','2017-03-21 12:26:25',0,NULL),(461,68,'a34fed96-ca57-49b2-9624-95579882ec53','2017-03-21 12:26:28',0,NULL),(462,68,'403fa025-a539-4559-b5b6-f32a08c95403','2017-03-21 12:26:30',0,NULL),(463,68,'fd48d0e1-89b8-481f-be61-881412e05cc9','2017-03-21 12:26:33',0,NULL),(464,68,'8157209b-9db0-40d1-ac9f-1541968678d5','2017-03-21 12:26:35',0,NULL),(465,68,'1874d865-9a0b-4956-82e2-a1d9d6198225','2017-03-21 12:26:38',0,NULL),(466,68,'f134ae44-4620-459b-a1a1-81238a89d551','2017-03-21 12:26:40',0,NULL),(467,293,'d0da036e-1e68-46d7-93c2-e8e1b3c0eb60','2017-03-22 09:36:01',0,10),(468,294,'07b59c65-61b5-425f-8386-d53ea08666d4','2017-03-22 10:34:27',0,NULL),(469,295,'9ff6d7cf-d98e-4b56-861e-892ff2f08f60','2017-03-22 10:48:55',0,NULL),(470,296,'9e853142-752d-4f8b-a40e-07d854c16ce9','2017-03-22 10:49:35',0,NULL),(471,294,'26c5077e-ed10-4fd7-a4aa-860e506c3c5e','2017-03-22 10:57:21',0,NULL),(475,297,'01f1d729-bf23-4afa-ad37-4fb861a9b941','2017-03-22 11:55:53',0,NULL),(476,298,'07bab71d-2621-47ec-a817-7c6c3d20b0df','2017-03-23 09:01:44',0,NULL),(477,299,'3a2895c3-e528-42b4-8a86-1da009d3d3a7','2017-03-23 09:29:28',0,NULL),(480,302,'996a1081-a99a-4d1b-9c5e-9ac2fa823b41','2017-03-23 10:58:53',0,NULL),(481,303,'50d7fddd-7c38-46cf-96b3-13824626e576','2017-03-23 12:24:16',0,NULL),(482,304,'07805d21-cf90-43fa-94b5-ab66cb353dde','2017-03-23 12:25:59',0,NULL),(483,305,'d42c6f9c-aa11-4d44-8476-037c286cc4ba','2017-03-23 12:26:58',0,NULL),(484,306,'5fada1df-0dce-4649-8609-d8d17c007b6c','2017-03-23 12:32:13',0,NULL),(485,307,'430349fb-b908-412d-aacf-205762936894','2017-03-23 12:35:11',0,NULL),(486,308,'b9775c29-ae97-4895-b616-2dcb279efe43','2017-03-23 13:21:24',0,NULL),(487,309,'9f5f48d8-bd2d-4ab4-8358-22fec1d003fc','2017-03-24 06:09:01',0,NULL),(489,311,'b0f967f1-ba2c-42b0-919e-94b266f3942b','2017-03-24 06:18:20',0,NULL),(491,311,'d3f3dc7a-5faa-47d9-9a4b-b4247ac2eb3e','2017-03-24 06:22:00',0,14),(492,312,'9ad15f56-17db-425e-8136-924b0e3d2511','2017-03-24 06:27:55',0,NULL),(494,314,'2d90a018-f6b6-4e16-a0d7-c7ce2fcc7505','2017-03-24 07:27:47',0,NULL),(495,317,'e90ba73c-0c97-457f-b736-fd58f1571042','2017-03-24 09:21:19',0,NULL),(497,318,'1ad1cc98-e259-4df3-a54f-cd0245d5fa06','2017-03-24 09:57:42',0,NULL),(502,319,'52d40a2e-734e-4065-837c-bbf1cff8a5d0','2017-03-24 10:35:42',0,10),(507,320,'6d572397-ac74-40c3-84e3-440661004ec2','2017-03-24 10:48:16',0,10),(509,321,'38531356-d4cb-467d-b202-f037ee99f0ee','2017-03-24 10:49:25',0,NULL),(512,322,'00942c20-d5e9-47d8-85da-eb64964f2e81','2017-03-24 11:05:11',0,10),(514,316,'3b086746-a523-43d3-b3d7-a09a2cf34d41','2017-03-24 11:05:51',0,NULL),(520,220,'a786789e-18d6-4002-997b-65472d23e2e0','2017-03-24 13:04:58',0,10),(521,325,'f73beb40-fdf4-4ca8-b541-3ec37de5c2ba','2017-03-27 06:25:14',0,NULL),(528,328,'84eb45df-0772-40cf-ac50-47bddfe77930','2017-03-27 09:51:01',0,NULL),(532,329,'283b1da4-04c2-402f-83be-37778ac0a09b','2017-03-27 10:25:36',0,NULL),(534,330,'41266844-4d1b-4d26-aaea-6c7d899f2534','2017-03-27 11:02:37',0,NULL),(540,341,'ff045b00-4ca6-4aca-9ecb-5483b2d89883','2017-03-28 07:18:59',0,NULL),(541,342,'3f7e6724-3355-48e5-836e-95035e6990b8','2017-03-28 07:20:51',0,NULL),(542,343,'b5d15805-3173-4b2b-8e24-2647c7ef72e4','2017-03-28 07:21:13',0,NULL),(543,344,'a479f9d2-0ab3-47ec-8171-7b14e3182fcf','2017-03-28 07:22:49',0,NULL),(544,345,'e3e18830-5464-4016-92a9-333e81a30a27','2017-03-28 07:31:10',0,NULL),(545,347,'a1aad7c7-bf04-4b15-82de-c78fc82a660d','2017-03-28 08:47:00',0,NULL),(554,352,'f17a91c8-e8b5-4719-aa24-1a68692ce288','2017-03-28 09:41:23',0,NULL),(561,336,'3fd43e55-41a9-49ab-8697-1a2c9d35a558','2017-03-28 10:41:19',0,NULL),(564,355,'d99252fb-7037-4eac-b6c9-9102ef910435','2017-03-28 12:19:44',0,10),(566,332,'e4bae194-7859-4434-ada5-40e6358cf434','2017-03-28 12:31:08',0,10),(575,353,'8a15fbbd-0d20-47ee-ae9f-3cad6bea8d90','2017-03-29 10:47:43',0,10),(580,364,'1ef8a172-ca1d-4777-8247-232a0905207e','2017-03-30 06:41:57',0,14),(581,349,'20159c62-f0c5-45a2-9b02-259635713be1','2017-03-30 06:42:54',0,10),(585,365,'83bce55f-5178-4448-8ba4-49817e1701df','2017-03-30 07:06:03',0,10),(589,366,'d3366641-5b65-4ff6-b11d-fa5d9a5de0c7','2017-03-30 07:15:20',0,10),(595,367,'acf5a1f3-b1ec-43cd-b6e7-2c56695b414a','2017-03-30 09:17:09',0,NULL),(599,232,'69aa5317-1781-4250-b64b-973725ecbdb9','2017-03-30 09:51:11',0,10),(600,368,'759a53e3-1fc0-41d5-a227-2bddd3c130cc','2017-03-30 09:53:19',0,NULL),(601,369,'1dc8e28a-9c71-4b5e-adcf-f09317129451','2017-03-30 09:57:40',0,NULL),(602,370,'2589b08b-dc3f-48e6-880c-54e22346ea93','2017-03-30 10:28:28',0,NULL),(603,353,'0d8b65af-4315-4e17-8601-7226981d1650','2017-03-30 10:34:01',0,14),(609,373,'05309790-ceee-463f-9a9c-653c8c1831dd','2017-03-31 06:16:31',0,NULL),(613,377,'729faf7e-7ed8-4894-b4cc-eb4fa1ea051c','2017-03-31 09:56:03',0,NULL),(618,382,'e0adabe8-d5d3-432a-89bb-3314d4d8b8dd','2017-04-01 08:08:18',0,NULL),(619,383,'eb1d3e18-e121-4661-bb9e-5cc7b01a2b6a','2017-04-01 09:50:41',0,NULL),(620,384,'9d3027ac-185f-42d4-abab-73da3adcf166','2017-04-03 10:30:00',0,NULL),(621,364,'e05b60e3-4ae7-4b0c-a694-72ad3f765552','2017-04-03 12:28:11',0,10),(624,387,'21c0121d-d69b-4b7c-b24a-a5e3a55dbc88','2017-04-04 07:01:12',0,NULL),(626,389,'0172dc1d-b00b-4247-a202-002b00e751a7','2017-04-04 09:27:44',0,NULL),(627,390,'0c27b9ab-a7d7-4d6e-97d0-305f984f4b14','2017-04-04 09:29:38',0,NULL),(628,300,'cd19c8ff-c66f-4709-a12d-90a252a8de84','2017-04-04 10:36:04',0,NULL),(630,392,'a2309291-3f3a-4be1-8d58-55c3722e03db','2017-04-04 12:48:00',0,NULL),(634,395,'843c9aad-483d-4fe8-a26f-dc359f9eee3c','2017-04-05 06:04:15',0,NULL),(635,396,'8907ab85-5bae-4989-9c81-0102e18e4e85','2017-04-05 06:06:09',0,NULL),(636,397,'50b2a432-1562-46a7-b5c0-ab33aee20e4e','2017-04-05 06:08:06',0,NULL),(637,398,'cb2e867e-e90a-40c3-81e4-6383ff355e76','2017-04-05 06:10:29',0,NULL),(639,399,'fdc017bc-06d4-4eef-ad4c-3bcc3c475ba1','2017-04-05 12:14:08',0,NULL),(642,401,'508c8c12-848f-4426-ac81-09e578c51e99','2017-04-06 07:05:48',0,NULL),(644,349,'0008efdb-babb-493e-9940-ccf7cf95757d','2017-04-06 07:17:04',0,14),(646,404,'6fa2af70-47f5-4552-8a8b-fe866e894ceb','2017-04-07 09:54:59',0,NULL),(648,406,'6b1ab3fb-0adc-4f47-a7d8-78631162ba27','2017-04-07 10:00:05',0,NULL),(650,408,'9f83ec62-7a08-4041-98cc-0d538a799bfb','2017-04-07 10:28:04',0,NULL),(658,61,'5e2eaaf1-93fe-4bd8-b86b-587963a3c5e3','2017-04-11 08:57:49',0,NULL),(659,377,'e9e58129-cc53-4ee0-be4f-0645ec58677f','2017-04-11 09:56:16',0,NULL),(660,56,'2d3e1ef9-52d4-441f-a109-911439570ea8','2017-04-11 12:01:00',0,NULL),(661,416,'6b79a913-96b6-4a3d-a497-0ff44fcba0ad','2017-04-12 05:45:15',0,NULL),(662,417,'a2bd1164-6973-4d85-8825-466ec1c5ac02','2017-04-12 05:48:34',0,NULL),(663,418,'b37b56b8-199d-437c-9a78-4ae32fc23d2e','2017-04-13 06:16:42',0,NULL),(664,419,'7d77fd99-a46b-4ba5-b5c4-684614be9e40','2017-04-13 08:15:55',0,NULL),(677,431,'08a443d8-f036-4161-9d6f-8319849bba20','2017-04-19 09:47:43',0,NULL),(678,432,'bc3c6a4f-dd28-4633-af2f-2b551f2ab09c','2017-04-19 11:51:50',0,NULL),(682,436,'2f9e2bc5-e351-4982-9d5b-ffdaaeca22d5','2017-04-20 06:42:03',0,NULL),(691,451,'e6ecc3b3-e1d1-4b73-94a6-0cd630a730e1','2017-04-25 11:14:40',0,NULL),(692,452,'e181a61c-b419-4e70-b149-1d3363cc7146','2017-04-25 11:16:25',0,NULL),(694,454,'1b11ce44-d50c-408f-b88b-deb1158045d6','2017-04-26 05:30:20',0,NULL),(695,455,'c5fd5ab6-ccdc-4c7a-aa9e-87a74528933e','2017-04-26 05:47:08',0,NULL),(696,456,'c6fd6547-c7cf-4c2e-b6aa-a5072d5943ad','2017-04-26 05:48:07',0,NULL),(698,458,'914690b8-c1a6-426f-9ac2-77aa62dcbb38','2017-04-27 11:40:34',0,NULL),(702,300,'2a156ed4-5ec2-4041-957e-04625d54245b','2017-04-28 10:53:03',0,NULL),(703,300,'7ace0d3b-7e7e-4e2e-aa5f-bad235664813','2017-04-28 11:53:47',0,NULL),(707,464,'217ef0c4-288a-4fe0-850c-5c74f7bbc5b3','2017-05-02 07:18:55',0,NULL),(715,417,'09876aa1-ec1c-4140-a96e-3a7b168027e4','2017-05-03 09:57:20',0,14),(718,348,'45b67a62-b1e3-4e46-adfe-f3f2ff7347ee','2017-05-03 10:06:51',0,14),(720,439,'afb8ea23-6caa-4d5e-9dda-03e21a96b316','2017-05-03 10:18:44',0,NULL),(724,477,'f3a1980a-3491-4efa-a914-7cb93f19a707','2017-05-03 12:09:01',0,10),(725,480,'7300d377-55fa-44c0-87d8-1430913b6d25','2017-05-03 13:28:14',0,NULL),(728,475,'60a6989f-4121-4d27-8c74-4d64078ce27c','2017-05-04 05:33:55',0,14),(729,483,'1c89fb74-3ecb-43ce-a574-b6e49028d65b','2017-05-04 06:13:50',0,NULL),(742,494,'2c6e8d4c-4f17-496e-ad9d-6ab8bd35535b','2017-05-10 11:36:02',0,NULL),(744,495,'b75555c0-c9fd-422e-a24b-22d12c80e8ec','2017-05-10 13:27:57',0,NULL),(750,498,'2702316d-0101-4e15-a0ce-86272021d60d','2017-05-12 13:26:29',0,NULL),(751,499,'7c29aba0-9cc8-488d-a424-0ddc2c3ab01f','2017-05-16 05:00:22',0,NULL),(752,500,'1e853704-afdc-486e-819d-968c294b9daf','2017-05-16 05:06:28',0,NULL),(753,501,'73c969e3-f0c4-4290-a2c2-95fdf2228e43','2017-05-16 05:55:33',0,NULL),(754,502,'b1588939-be37-4891-9126-d7588de70269','2017-05-16 09:47:00',0,NULL),(755,503,'6976e875-d251-47b2-9c5a-b5216e418042','2017-05-16 09:50:16',0,NULL),(756,504,'87ba7295-0b04-4f3f-9029-094ca9bd90eb','2017-05-16 10:01:54',0,NULL),(759,507,'3f5ab6c0-062e-4359-bdd7-b000157e2691','2017-05-17 08:45:03',0,NULL),(760,508,'f94c73e4-e8a6-4d31-b1cb-0a19b3e9df5d','2017-05-17 09:36:05',0,NULL),(761,509,'f9ced00f-8019-4ecd-a0c8-35cfe519f500','2017-05-17 09:39:15',0,NULL),(762,510,'b0d81fdd-a660-4a98-805d-d3186bd6f211','2017-05-17 09:45:42',0,NULL),(763,511,'3af1a962-f160-4572-be40-3c6f3791ab72','2017-05-17 10:06:30',0,NULL),(764,512,'02c486a2-1f7b-47af-a7db-37dac5b954be','2017-05-17 10:44:49',0,NULL),(765,513,'875540ab-a656-4aba-8f77-86246f1d159d','2017-05-17 11:20:02',0,NULL),(766,514,'427a56e9-7208-45de-8e0b-6d3dca53c7b0','2017-05-17 11:27:34',0,NULL),(770,517,'7b8a3e80-7f17-49d4-a33c-925840fbc474','2017-05-18 05:12:20',0,NULL),(774,520,'f5608023-7147-4ef2-9c53-53ebf1358b38','2017-05-18 12:49:17',0,NULL),(779,525,'21d104fd-172d-45d9-82cb-997cecb3b5ea','2017-05-29 04:01:40',0,NULL),(781,527,'e53b1de0-fa95-4d77-8573-c9675b4f66c5','2017-05-30 04:28:01',0,NULL),(782,528,'32ad2b9d-d396-4b22-8fba-1e0781ab8af0','2017-05-30 07:32:10',0,NULL),(783,529,'55262216-7ad5-4a62-8ab8-d218dcd1f531','2017-05-30 08:35:54',0,NULL),(785,491,'6ce6d66c-72af-424e-b53c-9b2cfe703045','2017-06-01 11:00:39',0,NULL),(786,534,'5de6ad78-0029-4d1b-a0c9-08375bf0d9e3','2017-06-01 11:07:15',0,NULL),(788,491,'d6e72178-5139-48ee-81d0-fd01ff12368d','2017-06-01 12:04:54',0,NULL),(791,537,'979d7fb9-73c4-43bb-bfa5-6ae1c04154f8','2017-06-02 04:43:53',0,NULL),(796,541,'4df01522-0be6-4df3-ae52-e21387b8cdad','2017-06-02 11:00:17',0,NULL),(797,542,'900f6706-78ce-46f3-89e0-d9e5af4bbbfd','2017-06-02 12:14:43',0,NULL);
/*!40000 ALTER TABLE `user_token` ENABLE KEYS */;
UNLOCK TABLES;

--
-- Table structure for table `user_website_mgmt`
--

DROP TABLE IF EXISTS `user_website_mgmt`;
/*!40101 SET @saved_cs_client     = @@character_set_client */;
/*!40101 SET character_set_client = utf8 */;
CREATE TABLE `user_website_mgmt` (
  `user_website_id` int(11) NOT NULL AUTO_INCREMENT,
  `user_id` int(11) NOT NULL,
  `website_id` int(11) NOT NULL,
  PRIMARY KEY (`user_website_id`),
  KEY `fk_user_website_mgmt_1_idx` (`user_id`),
  KEY `fk_user_website_mgmt_2_idx` (`website_id`),
  CONSTRAINT `fk_user_website_mgmt_1` FOREIGN KEY (`user_id`) REFERENCES `user` (`user_id`) ON DELETE NO ACTION ON UPDATE NO ACTION,
  CONSTRAINT `fk_user_website_mgmt_2` FOREIGN KEY (`website_id`) REFERENCES `website` (`website_id`) ON DELETE NO ACTION ON UPDATE NO ACTION
) ENGINE=InnoDB AUTO_INCREMENT=128 DEFAULT CHARSET=latin1;
/*!40101 SET character_set_client = @saved_cs_client */;

--
-- Dumping data for table `user_website_mgmt`
--

LOCK TABLES `user_website_mgmt` WRITE;
/*!40000 ALTER TABLE `user_website_mgmt` DISABLE KEYS */;
INSERT INTO `user_website_mgmt` VALUES (2,441,6),(3,430,6),(4,472,13),(5,463,14),(6,430,7),(7,480,2),(8,480,4),(9,463,16),(10,483,19),(11,483,20),(12,485,24),(13,485,25),(14,486,21),(15,487,19),(16,487,20),(17,488,19),(18,488,20),(19,430,27),(20,430,28),(21,489,21),(22,492,24),(23,492,25),(24,492,24),(25,493,24),(26,494,14),(27,495,24),(28,496,23),(29,496,26),(30,497,23),(31,497,26),(32,499,23),(33,499,26),(34,500,32),(35,500,33),(36,502,23),(37,502,26),(38,502,23),(39,502,26),(40,502,32),(41,502,23),(42,502,26),(43,502,32),(44,502,33),(45,503,17),(46,503,18),(47,503,24),(48,503,24),(49,503,25),(50,503,23),(51,503,23),(52,503,26),(53,503,23),(54,503,26),(55,503,32),(56,503,23),(57,503,26),(58,503,32),(59,503,33),(60,504,17),(61,504,23),(62,504,23),(63,504,23),(64,504,26),(65,504,23),(66,504,26),(67,504,32),(68,504,23),(69,504,26),(70,504,23),(71,504,26),(72,504,33),(73,504,23),(74,504,26),(75,504,32),(76,504,33),(77,504,23),(78,504,26),(79,504,32),(80,504,23),(81,504,26),(82,504,23),(83,504,26),(84,504,33),(85,504,23),(86,504,26),(87,504,32),(88,504,33),(89,504,23),(90,504,26),(91,504,33),(92,504,23),(93,504,26),(94,505,13),(95,506,34),(96,506,35),(97,507,35),(98,507,36),(99,507,37),(100,507,38),(101,508,36),(102,508,37),(103,508,38),(104,509,34),(105,509,37),(106,509,38),(107,510,37),(108,510,38),(109,511,35),(110,512,34),(111,512,35),(112,512,36),(113,514,34),(114,514,35),(115,514,36),(116,514,37),(117,515,34),(118,515,35),(119,516,34),(120,516,35),(121,517,36),(122,517,37),(123,517,38),(124,520,38),(125,520,40),(126,528,18),(127,538,24);
/*!40000 ALTER TABLE `user_website_mgmt` ENABLE KEYS */;
UNLOCK TABLES;

--
-- Table structure for table `website`
--

DROP TABLE IF EXISTS `website`;
/*!40101 SET @saved_cs_client     = @@character_set_client */;
/*!40101 SET character_set_client = utf8 */;
CREATE TABLE `website` (
  `website_id` int(11) NOT NULL AUTO_INCREMENT,
  `website` varchar(256) NOT NULL,
  `customer_id` int(11) NOT NULL,
  `ou_id` int(11) DEFAULT '0',
  `payment_site_name` varchar(256) NOT NULL,
  PRIMARY KEY (`website_id`),
  KEY `fk_website_1_idx` (`customer_id`),
  CONSTRAINT `fk_website_1` FOREIGN KEY (`customer_id`) REFERENCES `customer` (`customer_id`) ON DELETE NO ACTION ON UPDATE NO ACTION
) ENGINE=InnoDB AUTO_INCREMENT=48 DEFAULT CHARSET=latin1;
/*!40101 SET character_set_client = @saved_cs_client */;

--
-- Dumping data for table `website`
--

LOCK TABLES `website` WRITE;
/*!40000 ALTER TABLE `website` DISABLE KEYS */;
INSERT INTO `website` VALUES (1,'www.amazon.com',24,49,'AMAZON'),(2,'https://portal.datadivide',75,0,'Ddsmrio'),(3,'www.gmail.com',22,0,'gmail.com'),(4,'https://abott.com',75,0,'Abott'),(5,'www.andarko.com',108,0,'Andarko'),(6,'www.taj24.com',75,50,'taj24'),(7,'www.ddsmrio.com',75,50,'DataDividerAccount'),(8,'www.apollo.com',110,72,'Apollo system'),(9,'www.tbo.com',110,73,''),(10,'www.maxin.com',112,0,''),(11,'www.maxin.com',113,77,''),(12,'https://amnor.com',75,0,'amnor'),(13,'www.guru.com',7,70,'guru'),(14,'www.dell.com',75,75,'dell'),(15,'https://ambersoft.com',75,0,'Ambersoft'),(16,'www.agilesystems.com',75,75,'Agsft'),(17,'www.hdfc.com',115,0,'HDFC'),(18,'www.newhdfc.com',115,0,'NEW_HDFC'),(19,'www.pixlar.com',111,74,''),(20,'www.rtk.com',111,74,''),(21,'www.maxin.com',111,0,''),(22,'www.hdfc2.com',115,0,''),(23,'www.hdfc.com',115,79,''),(24,'www.hdfcdelhi.com',115,81,''),(25,'www.hdfcdelhi2.com',115,81,''),(26,'www.hdfcmumbai.com',115,79,''),(27,'www.hdfc.com',75,50,''),(28,'www.icici.com',75,50,''),(29,'www.hdfcpune.com',115,0,'HDFCPUNE'),(30,'www.hdfcpune2.com',115,0,'HDFCPUNE2'),(31,'www.hdfcdelhii.com',115,82,'www.hdfcdelhii.com'),(32,'www.hdfcmumbainew.com',115,79,'HDFC_MUMBAI_NEW'),(33,'www.hdfcmumbainew2.com',115,79,'HDFC_MUMBAI_NEW2'),(34,'https://ddpostsystem.datadivider.com',115,83,'DDPOSTSYSTEM'),(35,'https://ebc.cybersource.com/ebc/login/Login/do',115,83,'EBC_CYBERSOURCE'),(36,'https://ww2.e-billexpress.com/ebpp/RCI/',115,83,'E_BILL_EXPRESS_RCI'),(37,'https://ww2.e-billexpress.com/ebpp/RCM/',115,83,'E_BILL_EXPRESS_RCM'),(38,'https://manager.paypal.com/',115,83,'PAYPAL'),(39,'https://www.hdfcdelhi3.com',115,81,'HDFC_DELHI3'),(40,'www.ebaydelhi.com',115,83,'Ebaydelhi'),(41,'www.hdfcpune.com',115,82,'hdfcpune.'),(42,'www.aurangabad.com',115,86,'HDFC_AURANGABAD'),(43,'www.icicipyamnturl.com',119,96,'iciciPymnt'),(44,'www.hdfcthane.com',115,99,'@Thane'),(45,'www.rio.com',75,41,'rio'),(46,'21344',115,82,'123'),(47,'234',115,79,'234');
/*!40000 ALTER TABLE `website` ENABLE KEYS */;
UNLOCK TABLES;
/*!40103 SET TIME_ZONE=@OLD_TIME_ZONE */;

/*!40101 SET SQL_MODE=@OLD_SQL_MODE */;
/*!40014 SET FOREIGN_KEY_CHECKS=@OLD_FOREIGN_KEY_CHECKS */;
/*!40014 SET UNIQUE_CHECKS=@OLD_UNIQUE_CHECKS */;
/*!40101 SET CHARACTER_SET_CLIENT=@OLD_CHARACTER_SET_CLIENT */;
/*!40101 SET CHARACTER_SET_RESULTS=@OLD_CHARACTER_SET_RESULTS */;
/*!40101 SET COLLATION_CONNECTION=@OLD_COLLATION_CONNECTION */;
/*!40111 SET SQL_NOTES=@OLD_SQL_NOTES */;

-- Dump completed on 2017-06-02 18:47:53
